transaction_amount,transaction_frequency,account_age,location_change,hour_of_day,distance_from_home_km,num_declines_last_hour,merchant_risk_score,is_online,fraud
76.22,4,12.4,1,3,23.72,0,0.154,0,0
111.58,2,1993.7,0,5,55.74,0,0.378,0,0
44.14,5,821.3,1,20,1.97,0,0.21,0,0
76.43,5,2128.8,0,23,52.18,0,0.421,0,0
115.59,6,375.5,0,9,62.99,0,0.271,1,0
47.95,7,418.6,0,20,39.56,0,0.191,0,0
50.42,1,1989.4,0,11,27.93,0,0.564,1,0
193.87,6,447.9,0,11,22.38,0,0.557,1,0
419.83,1,257.2,1,8,13.0,0,0.389,1,1
40.5,4,1681.5,0,21,15.91,0,0.156,0,0
168.8,3,793.2,0,0,1.15,0,0.13,0,0
117.82,3,334.6,0,22,25.38,0,0.154,1,0
80.89,5,73.4,0,16,49.25,0,0.715,1,0
39.59,3,458.3,0,13,72.35,1,0.753,0,0
20.8,0,220.8,1,8,0.37,0,0.245,0,0
177.7,3,412.8,0,0,67.63,1,0.287,0,0
10.88,3,305.2,1,8,20.06,1,0.245,0,1
111.13,3,1197.5,0,23,102.25,0,0.238,1,0
11.77,0,493.4,0,4,24.26,0,0.449,1,0
143.79,2,533.7,0,9,11.89,0,0.294,1,0
105.87,7,711.6,0,19,,0,0.341,0,0
66.7,7,1075.0,1,7,6.11,1,0.403,1,0
73.29,5,393.1,1,13,121.53,0,0.501,1,1
24.0,1,1170.3,0,20,15.59,0,0.583,1,0
18.24,3,149.1,1,8,73.4,0,0.262,0,0
18.23,8,1646.1,0,23,64.22,0,0.348,1,0
30.85,4,72.6,0,8,46.84,0,0.243,1,0
6.37,2,657.5,0,19,10.82,0,0.255,1,0
191.41,5,235.0,0,17,231.35,1,0.657,1,1
73.25,3,3774.6,0,10,35.01,0,0.287,1,0
50.83,4,931.5,0,6,19.49,1,0.429,0,0
164.12,3,106.1,0,3,8.29,0,0.512,0,0
13.37,5,955.9,0,15,46.12,0,0.729,1,0
107.81,3,425.8,0,14,21.64,0,0.284,1,0
157.2,5,1282.9,0,14,1.18,0,0.261,1,0
23.89,3,422.1,0,9,40.06,0,0.114,0,0
45.69,2,154.1,0,7,37.54,0,0.0,0,0
10.59,3,143.4,0,10,81.05,0,0.247,0,0
226.33,3,260.7,1,18,92.96,3,0.473,1,1
14.46,3,978.8,1,1,24.68,1,0.68,1,0
17.84,2,384.0,0,18,28.7,0,0.0,1,0
152.51,5,935.3,0,21,8.11,0,0.305,0,0
14.37,2,1363.1,0,19,3.02,0,0.266,0,0
63.31,3,3023.1,1,19,1.81,0,0.395,0,0
129.83,5,1374.6,0,23,9.62,0,0.405,0,0
279.13,3,175.1,1,8,78.71,1,0.762,1,1
100.05,2,271.8,0,8,9.83,0,0.113,1,0
78.62,7,548.6,0,8,51.2,0,0.224,0,0
89.97,4,568.7,0,5,23.47,0,0.106,0,0
107.09,5,1054.8,0,4,0.95,0,0.122,1,0
88.45,6,1136.5,1,23,78.2,0,0.337,0,0
81.19,4,461.6,0,16,60.14,0,0.211,0,0
65.69,1,597.0,0,1,92.92,0,0.483,0,0
39.24,2,50.5,0,1,6.59,0,0.253,1,0
171.86,5,438.0,1,16,12.3,0,0.0,1,0
207.01,7,362.2,0,18,39.73,0,0.471,1,0
110.14,7,1026.3,0,5,6.6,0,0.346,1,0
142.93,7,108.3,0,11,28.39,0,0.13,0,0
134.66,1,65.9,1,8,5.48,0,0.073,0,0
177.38,4,134.1,0,18,2.34,1,0.0,0,0
117.45,3,2569.5,0,5,69.24,0,0.218,1,0
203.03,3,1793.7,0,6,28.81,0,0.542,1,0
219.98,7,573.5,0,19,41.96,0,0.074,0,0
93.11,5,561.2,1,13,11.63,0,0.42,0,0
64.5,1,158.9,0,7,62.97,0,0.0,1,0
37.46,5,36.3,0,19,48.61,0,0.379,0,0
39.55,4,387.1,1,11,13.77,0,0.0,1,0
59.26,5,516.5,0,22,71.71,1,0.198,1,0
83.63,4,764.2,0,20,11.34,0,0.008,0,0
252.37,1,575.2,0,22,44.18,3,0.386,1,1
159.27,2,1605.3,0,9,16.95,0,0.127,1,0
71.77,2,164.4,0,10,8.45,2,0.498,0,0
30.85,5,584.3,1,7,50.52,1,0.218,1,0
85.92,2,1192.2,1,10,53.21,0,0.01,1,0
42.19,2,593.0,0,2,3.88,1,0.726,1,0
171.82,5,182.0,1,0,19.92,0,0.398,0,0
13.73,4,305.4,0,1,5.03,0,0.298,1,0
99.19,7,935.2,1,0,88.04,0,0.198,0,0
137.16,3,1044.4,0,12,62.46,0,0.052,0,0
25.85,2,2342.4,0,15,44.49,0,0.087,0,0
96.33,5,122.3,0,16,10.09,2,0.14,0,0
95.31,4,2497.2,0,0,18.46,1,0.11,0,0
96.73,4,940.1,0,0,23.4,0,0.061,0,0
342.84,2,25.3,0,1,168.0,1,0.688,0,1
138.69,3,945.9,1,1,1.96,1,0.206,1,0
114.32,4,972.8,0,22,64.89,0,0.565,0,0
102.25,6,464.1,0,12,38.54,0,0.521,0,0
31.91,6,1346.3,0,12,103.35,0,0.117,0,0
61.25,5,178.9,0,5,11.1,0,0.611,1,0
74.04,7,904.0,0,14,9.22,0,0.329,1,0
86.77,4,198.0,0,20,24.84,0,0.826,0,0
114.29,8,351.9,1,2,22.05,0,0.064,0,0
91.89,5,507.4,1,4,56.39,0,0.233,0,0
90.59,6,756.6,0,3,22.14,0,0.0,0,0
120.45,3,460.1,0,14,28.76,0,0.367,1,0
99.25,1,1256.3,0,16,16.18,1,0.355,1,0
125.33,1,147.1,0,18,2.09,1,0.204,1,0
137.43,4,327.2,0,7,65.91,0,0.395,0,0
231.69,3,41.9,0,18,23.72,1,0.61,0,1
118.67,4,536.9,0,11,67.49,0,0.114,1,0
69.51,3,390.0,0,6,3.41,0,0.361,1,0
79.82,4,81.8,0,2,56.16,0,0.0,0,0
73.72,6,546.6,0,22,29.08,0,0.385,0,0
33.62,4,1006.9,0,18,21.11,0,0.368,0,0
82.6,5,976.5,0,18,24.03,0,0.059,1,0
65.29,8,943.3,0,19,2.03,0,0.212,1,0
88.87,4,298.4,0,3,40.39,0,0.0,0,0
59.81,4,607.5,0,15,13.99,0,0.13,1,0
66.13,1,43.6,0,21,19.69,0,0.188,0,0
39.31,7,135.1,0,21,9.72,0,0.266,1,0
47.68,5,1038.3,0,21,5.74,0,0.466,0,0
50.12,3,1708.1,0,17,,1,0.0,0,0
159.99,1,72.4,0,0,26.11,0,0.418,0,0
541.7,3,7.4,0,22,176.21,0,0.183,1,1
51.46,1,973.4,0,15,62.21,0,0.278,1,0
82.89,4,626.4,0,21,,0,0.611,1,0
13.6,4,600.0,0,3,98.59,0,0.117,0,0
11.53,5,1062.1,0,8,47.86,0,0.311,0,0
110.4,4,161.0,0,4,1.18,0,0.383,1,0
115.72,3,400.5,1,16,30.7,0,0.0,0,0
34.97,5,381.7,0,1,6.4,1,0.242,1,0
17.94,5,3345.6,0,3,24.59,0,0.0,1,0
65.85,5,2313.7,0,0,22.3,0,0.0,0,0
143.93,2,1285.4,0,1,50.08,0,0.007,0,0
175.68,4,1342.2,0,21,27.27,0,0.0,0,0
39.12,2,154.8,0,3,49.76,1,0.55,0,0
61.63,2,409.7,0,18,13.47,0,0.006,1,0
50.41,3,414.5,0,22,40.25,0,0.0,0,0
116.84,4,290.9,0,10,30.61,0,0.509,0,0
10.83,4,69.0,0,18,0.65,1,0.23,0,0
179.47,5,122.0,0,18,38.47,0,0.066,0,0
1.62,3,1734.5,0,12,52.24,0,0.09,0,0
116.63,3,605.9,0,19,9.1,2,0.542,0,0
23.28,6,577.1,0,6,10.89,0,0.332,1,0
11.07,5,300.4,0,18,74.13,0,0.231,0,0
65.36,4,425.2,0,17,1.04,0,0.484,1,0
88.65,2,1527.7,1,12,6.3,0,0.625,1,0
133.9,5,538.1,0,13,0.26,0,0.0,1,0
57.65,4,755.1,0,14,12.9,0,0.216,1,0
63.62,4,2370.2,0,7,19.02,1,0.0,1,0
4.49,4,456.2,0,13,8.24,0,0.408,1,0
202.29,4,493.4,0,4,48.11,0,0.089,0,0
3.69,4,426.4,0,22,2.41,1,0.198,0,0
42.19,7,207.2,0,2,10.99,0,0.582,0,0
60.22,2,237.1,0,17,1.21,0,0.409,0,0
58.83,3,1758.9,0,2,10.23,0,0.491,0,0
126.47,6,1255.6,0,23,1.12,1,0.378,0,0
34.79,2,57.6,0,1,24.9,0,0.147,0,0
171.77,7,119.7,0,0,51.97,0,0.317,1,0
42.88,2,166.8,0,9,31.58,0,0.329,0,0
86.18,3,1308.2,1,7,65.71,0,0.064,0,0
127.41,5,505.0,0,7,53.52,0,0.476,1,0
63.48,1,548.1,0,6,10.62,0,0.185,1,0
175.95,3,76.3,0,7,11.59,0,0.179,1,1
39.41,2,1517.4,0,9,27.54,0,0.475,0,0
54.04,3,195.5,1,7,8.82,0,0.466,1,0
19.79,6,117.2,0,19,0.75,0,0.456,0,0
13.84,5,32.7,0,3,16.69,0,0.293,0,0
1.56,4,117.7,0,0,36.74,0,0.313,1,0
189.12,2,125.1,0,20,62.33,1,0.0,0,0
70.05,5,657.0,0,0,0.14,0,0.173,0,0
8.91,6,191.5,0,15,36.66,0,0.353,0,0
206.53,0,124.4,1,22,162.75,1,0.767,1,1
4.9,3,55.7,0,18,30.93,0,0.105,1,0
45.95,4,516.7,0,14,23.04,0,0.376,0,0
120.1,4,374.0,1,8,24.54,0,0.712,1,0
88.18,5,2140.7,0,7,47.52,1,0.421,1,0
19.97,3,4.5,0,18,50.95,0,0.264,0,0
95.17,3,907.6,0,0,72.57,0,0.764,0,0
27.9,4,882.6,0,1,7.8,0,0.534,1,0
46.95,3,4053.7,0,5,11.85,0,0.248,1,0
135.84,4,700.5,0,7,40.23,0,0.0,1,0
94.3,2,510.9,0,19,6.39,0,0.296,0,0
246.98,1,118.7,0,23,9.84,1,0.088,0,0
147.67,4,860.8,0,4,2.6,1,0.204,1,0
68.73,1,60.8,1,16,53.17,0,0.414,0,0
217.67,2,742.5,1,13,176.41,0,0.393,0,1
141.89,0,287.8,0,0,191.52,0,0.036,1,1
80.96,2,412.5,0,5,27.91,0,0.4,0,0
17.07,2,269.9,0,18,84.19,1,0.322,1,0
113.74,5,175.9,0,0,32.02,0,0.279,0,0
30.13,1,714.7,1,1,,0,0.317,1,0
399.21,2,441.9,0,6,66.79,1,0.448,1,1
9.44,2,493.3,0,20,13.24,0,0.534,0,0
38.22,2,186.8,1,3,216.88,1,0.792,1,1
119.53,5,315.8,1,8,41.65,0,0.23,0,0
20.41,1,1560.6,0,22,5.54,0,0.235,1,0
104.61,4,36.5,0,2,23.22,1,0.689,0,0
85.93,2,154.7,0,8,19.23,0,0.128,0,0
145.81,3,326.0,0,16,8.87,0,0.418,0,0
49.63,1,154.3,1,20,33.09,0,0.544,1,0
3.89,4,49.4,0,6,14.25,2,0.619,1,0
8.22,1,366.5,0,14,8.06,1,0.559,1,0
137.35,4,43.5,0,6,41.58,0,0.136,0,0
2.5,3,270.3,0,11,56.72,0,0.479,1,0
91.19,7,2896.7,0,13,34.81,0,0.248,1,0
17.06,4,353.7,0,12,30.41,0,0.358,0,0
69.47,4,304.5,0,12,59.51,1,0.408,1,0
172.71,2,680.2,0,4,22.95,0,0.434,1,0
86.1,5,336.7,0,4,27.35,0,0.373,0,0
58.99,3,541.5,0,19,23.63,0,0.0,1,0
42.12,2,2069.0,0,4,3.3,0,0.572,0,0
51.81,7,611.2,0,15,58.31,1,0.373,1,0
21.59,2,1005.6,0,14,45.97,0,0.095,1,0
140.98,4,1186.0,0,10,25.56,0,0.492,1,0
23.18,9,763.6,0,14,55.47,0,0.0,0,0
45.98,4,51.0,0,7,59.28,0,0.15,1,0
46.07,3,246.0,0,21,8.34,0,0.388,1,0
57.62,2,562.9,0,5,17.97,0,0.471,1,0
85.9,3,1891.3,0,11,54.28,2,0.113,0,0
50.32,5,447.1,0,6,17.82,0,0.608,1,0
73.84,4,5.2,0,2,54.9,2,0.0,0,0
97.97,4,128.7,0,20,22.76,0,0.542,1,0
6.69,3,157.4,0,22,21.46,0,0.619,1,0
120.08,3,356.2,1,2,46.95,0,0.21,1,0
83.02,3,847.0,0,3,28.99,0,0.0,0,0
146.95,3,1202.9,0,1,11.66,0,0.254,1,0
46.64,3,1417.8,0,3,35.77,0,0.31,0,0
123.33,1,408.6,0,20,43.2,0,0.328,1,0
27.71,2,1756.3,0,23,5.14,0,0.187,1,0
104.99,2,578.1,0,6,6.11,2,0.545,1,0
72.34,3,539.4,0,16,1.04,0,0.094,0,0
223.38,4,350.2,0,18,67.41,0,0.606,1,0
184.97,5,930.7,0,6,44.71,0,0.0,0,0
60.27,4,744.8,1,7,29.05,0,0.115,0,0
2.29,5,183.5,0,5,,1,0.16,0,0
66.37,6,396.5,0,0,14.94,0,0.012,0,0
76.62,7,1390.7,1,16,30.27,0,0.0,1,0
27.32,3,714.1,1,17,38.12,0,0.339,0,0
45.1,7,231.8,0,6,50.34,0,0.0,0,0
18.6,3,612.1,0,23,55.61,0,0.702,1,0
52.95,5,227.3,0,9,95.6,0,0.532,0,0
70.45,5,2754.2,1,15,19.59,2,0.0,0,0
31.18,3,165.7,1,12,13.81,0,0.115,0,0
102.55,1,369.6,0,14,3.57,1,0.0,0,0
19.59,2,662.8,0,0,40.01,0,0.0,0,0
32.02,3,61.6,0,20,46.79,0,0.346,0,0
54.11,4,808.0,0,17,0.48,1,0.109,0,0
15.81,1,17.2,1,21,9.7,0,0.415,0,0
154.79,1,706.2,0,19,78.9,0,0.387,0,0
224.18,3,22.0,0,16,48.09,0,0.242,1,1
99.72,1,1246.6,0,19,45.08,0,0.384,1,0
112.21,6,2486.9,0,21,7.93,0,0.0,0,0
102.55,7,321.7,0,19,24.91,1,0.388,0,0
157.09,5,1319.7,0,19,27.11,0,0.093,0,0
434.18,2,1218.1,0,1,59.91,3,0.613,1,1
130.39,7,37.9,0,14,28.68,1,0.065,0,0
111.18,2,371.2,0,21,54.03,0,0.348,1,0
155.12,3,103.9,1,8,85.88,0,0.21,0,0
133.25,4,1273.8,0,4,102.54,0,0.592,1,0
264.3,2,182.6,0,8,218.41,0,0.511,1,1
33.45,5,630.8,1,6,12.05,1,0.363,1,0
72.27,2,416.6,0,5,2.53,1,0.351,0,0
69.56,3,1565.7,0,6,4.89,1,0.594,1,0
195.22,2,71.6,0,16,77.39,2,0.558,1,1
59.03,4,1400.7,0,5,40.11,0,0.518,0,0
121.62,4,2723.1,1,8,84.39,0,0.436,1,0
139.87,2,532.7,0,22,5.37,0,0.513,0,0
69.73,7,1393.9,0,1,33.37,0,0.15,1,0
74.25,3,973.5,0,16,13.2,0,0.217,0,0
27.53,4,999.6,0,6,106.78,0,0.505,0,0
157.11,3,110.0,0,17,54.07,0,0.124,1,0
53.83,3,560.2,0,18,58.08,0,0.66,0,0
52.93,4,681.0,0,16,37.39,0,0.661,1,0
260.53,3,282.5,0,21,192.81,0,0.404,1,1
2.74,5,273.8,0,12,46.34,0,0.483,1,0
35.07,4,15.4,0,13,4.02,0,0.174,0,0
143.97,3,2265.2,0,6,46.42,0,0.577,0,0
134.36,4,17.9,0,22,46.28,0,0.167,0,0
21.1,3,2649.4,0,13,50.53,0,0.0,0,0
67.4,3,585.9,0,16,2.48,0,0.273,0,0
339.61,0,151.9,0,8,333.86,0,0.724,1,1
21.44,5,758.7,0,11,13.4,1,0.291,0,0
69.62,4,763.9,0,11,20.92,0,0.38,1,0
149.53,4,671.0,0,10,25.72,0,0.303,0,0
20.71,2,207.5,0,21,51.04,0,0.68,0,0
162.59,6,152.8,0,7,12.29,0,0.0,1,0
18.59,1,1167.6,0,6,28.75,0,0.086,1,0
5.25,4,262.4,0,15,17.02,0,0.783,0,0
697.94,1,36.8,0,3,81.9,1,0.646,0,1
141.22,4,1970.3,0,13,24.62,0,0.46,0,0
137.06,3,1212.5,0,14,28.96,0,0.0,0,0
36.74,5,1002.9,0,8,4.77,0,0.456,0,0
163.62,2,1798.6,0,5,18.53,0,0.0,0,0
2.04,4,294.6,0,21,1.52,0,0.66,1,0
29.95,3,308.0,0,20,93.69,0,0.521,0,0
71.76,3,400.6,0,2,17.39,0,0.083,0,0
37.0,6,428.5,0,16,69.01,0,0.164,0,0
5.62,3,264.0,0,5,50.7,0,0.284,0,0
97.56,4,871.9,1,15,33.92,0,0.233,0,0
30.29,6,591.3,1,17,63.86,1,0.172,0,0
152.83,2,851.7,0,1,17.73,0,0.557,0,0
127.04,1,416.1,0,13,25.27,0,0.146,0,0
74.13,3,425.1,0,21,1.92,1,0.006,0,0
6.3,3,963.4,1,18,27.73,0,0.038,1,0
49.12,1,834.5,0,14,47.4,0,0.395,1,0
59.5,4,783.8,0,22,2.19,0,0.248,0,0
5.14,3,1472.5,0,10,4.93,0,0.488,0,0
66.12,2,192.4,0,11,37.17,0,0.0,0,0
226.82,9,421.8,0,15,47.25,0,0.463,0,0
212.54,3,607.2,1,11,316.99,2,0.293,0,1
72.6,4,2498.9,0,17,42.96,0,0.012,1,0
57.48,5,392.0,0,20,70.04,0,0.701,0,0
48.87,5,187.6,0,5,99.28,0,0.2,0,0
75.39,7,977.6,0,21,0.58,0,0.604,0,0
35.61,4,270.0,1,17,22.28,0,0.053,0,0
231.43,3,59.3,1,23,331.16,0,0.403,0,1
83.82,4,310.3,0,14,,0,0.25,1,0
47.37,5,630.4,0,23,7.45,0,0.542,0,0
97.86,1,489.8,0,5,87.55,0,0.66,1,1
2.26,3,1653.2,1,21,20.18,0,0.198,1,0
65.52,2,245.9,0,4,3.94,1,0.42,0,0
80.59,4,224.4,0,15,1.52,0,0.54,0,0
200.44,3,90.3,0,5,53.09,0,0.0,0,0
99.59,2,1251.0,1,19,29.41,0,0.243,0,0
12.89,3,649.3,0,3,54.67,1,0.359,0,0
127.22,5,266.6,0,20,40.45,0,0.368,1,0
8.34,2,501.6,0,3,46.33,1,0.116,0,0
99.32,0,206.3,0,8,115.5,1,0.507,0,1
301.26,5,326.3,0,21,257.04,0,0.71,1,1
72.92,7,498.3,0,11,48.97,0,0.22,0,0
40.33,4,887.5,0,0,7.22,1,0.0,0,0
0.03,6,175.4,0,7,7.17,1,0.074,1,0
100.18,5,951.8,0,14,51.24,0,0.316,1,0
8.89,4,260.7,0,7,18.46,0,0.235,1,0
58.46,6,25.0,0,16,3.72,0,0.0,0,0
28.78,3,217.4,0,3,61.28,0,0.482,1,0
107.4,2,138.4,0,16,69.04,0,0.25,1,0
18.43,4,287.6,0,13,48.03,0,0.085,1,0
58.79,7,1316.4,1,12,22.94,1,0.04,0,0
50.9,4,85.9,0,14,,1,0.23,0,0
63.72,4,238.0,0,11,32.54,0,0.354,0,0
77.02,5,2101.0,0,4,35.11,0,0.087,0,0
118.06,8,520.8,1,23,45.89,0,0.008,0,0
22.23,3,155.5,0,18,26.63,0,0.634,0,0
57.23,3,1260.3,0,3,34.06,1,0.526,0,0
190.53,6,118.1,0,12,74.85,0,0.152,1,0
33.26,0,452.5,0,1,123.47,0,0.201,1,1
192.13,6,587.1,0,20,19.64,0,0.265,1,0
8.21,2,501.4,0,19,32.16,1,0.049,0,0
44.58,5,1253.1,0,23,34.76,1,0.0,0,0
119.96,5,389.5,0,7,4.41,1,0.454,1,0
93.53,5,65.2,1,11,12.72,0,0.125,0,0
99.17,3,95.3,0,0,29.6,1,0.181,0,0
177.09,1,186.6,1,1,60.38,0,0.531,1,1
125.65,3,877.0,0,16,92.86,0,0.097,0,0
22.03,2,1455.0,1,1,63.14,0,0.682,0,0
90.66,2,952.4,0,17,47.21,0,0.547,1,0
18.53,3,807.2,0,12,39.82,0,0.542,1,0
216.65,2,1630.9,1,14,46.77,1,0.037,0,0
32.05,2,3257.0,0,13,58.67,1,0.215,0,0
75.54,2,1122.1,0,18,35.13,0,0.391,0,0
54.92,1,284.7,0,4,15.95,0,0.395,0,0
39.34,5,588.3,0,4,48.53,0,0.514,0,0
126.46,2,1764.2,0,19,48.54,0,0.0,0,0
55.57,1,529.4,0,2,74.23,0,0.152,0,0
278.52,2,393.9,0,21,52.29,3,0.532,1,1
94.48,3,748.4,0,12,1.34,1,0.302,1,0
8.6,6,921.8,0,7,17.77,0,0.596,0,0
59.97,7,936.9,1,5,56.41,1,0.444,0,0
273.3,0,300.8,0,15,132.88,0,1.0,1,1
33.93,0,626.7,0,17,6.36,1,0.668,0,0
126.03,3,415.3,0,2,7.36,0,0.401,0,0
27.72,1,256.4,0,21,36.44,0,0.0,0,0
4.89,4,1884.1,0,9,18.25,1,0.0,0,0
43.08,3,373.5,0,4,24.44,2,0.318,0,0
54.07,3,506.8,0,3,32.25,0,0.162,0,0
3.14,3,1569.3,0,11,31.04,0,0.419,0,0
375.95,1,631.3,0,5,179.78,2,0.541,1,1
390.47,3,71.7,0,18,87.77,2,0.545,0,1
121.42,5,692.5,0,5,16.66,0,0.03,0,0
118.55,6,687.9,0,22,13.88,0,0.357,0,0
52.76,3,41.0,0,7,20.9,0,0.208,0,0
67.74,1,323.9,0,6,26.87,0,0.37,1,0
19.0,2,846.4,1,12,37.57,0,0.148,0,0
16.65,2,125.2,1,6,66.44,0,0.273,0,0
29.46,5,1263.6,0,6,37.95,0,0.073,0,0
69.78,3,133.5,0,15,44.53,0,0.078,1,0
80.23,2,25.4,0,6,53.7,0,0.153,1,0
54.96,1,79.1,0,7,20.74,0,0.747,1,0
140.27,1,129.8,1,20,268.2,3,0.721,1,1
55.76,1,383.5,0,0,3.46,0,0.535,1,0
93.89,1,418.8,0,13,18.97,1,0.311,1,0
109.01,4,243.6,0,7,53.01,0,0.336,1,0
48.24,4,599.6,0,14,13.87,0,0.095,1,0
48.48,6,332.3,0,10,46.28,1,0.534,0,0
414.46,3,76.0,0,12,275.35,1,0.513,0,1
101.1,3,201.8,1,10,44.95,0,0.493,0,0
79.41,3,107.4,0,19,45.19,0,0.313,0,0
115.36,4,285.2,0,18,4.9,0,0.171,1,0
171.06,4,17.8,0,17,55.45,0,0.198,0,0
158.22,5,1299.3,1,9,39.23,0,0.0,0,0
66.42,3,296.2,0,3,0.32,0,0.374,1,0
0.09,0,1423.5,0,10,67.4,0,0.586,0,0
111.55,1,394.9,0,21,242.34,1,0.467,1,1
128.72,4,731.4,0,1,49.58,0,0.231,1,0
98.63,2,223.7,0,2,22.36,0,0.188,0,0
136.64,1,87.7,1,0,13.51,2,0.742,0,1
68.74,2,749.2,0,0,8.87,0,0.311,0,0
53.5,4,607.8,0,13,23.22,0,0.428,0,0
44.75,6,3.1,0,22,37.79,0,0.203,1,0
118.19,5,55.0,0,17,74.24,1,0.509,0,0
8.78,4,1036.5,0,19,8.63,0,0.338,0,0
188.43,2,221.5,0,23,53.65,0,0.205,0,0
68.89,1,308.7,0,1,40.6,0,0.485,0,0
91.2,4,225.8,1,6,19.25,0,0.234,0,0
87.84,3,588.9,0,20,46.38,0,0.332,1,0
35.47,2,917.8,0,14,55.45,0,0.0,0,0
47.87,2,70.1,0,4,4.67,0,0.575,0,0
15.96,5,688.5,0,13,48.94,0,0.086,0,0
123.82,3,318.9,0,8,53.98,0,0.286,1,0
4.04,3,245.0,0,10,,0,0.0,0,0
22.6,1,2164.9,0,7,61.25,0,0.056,0,0
24.66,5,750.7,0,22,2.16,3,0.416,1,0
192.91,1,853.9,0,16,39.16,1,0.347,1,0
64.33,5,614.2,0,18,54.71,1,0.649,0,0
70.72,0,370.3,0,23,62.12,0,0.321,1,0
18.05,4,1728.9,0,3,2.56,0,0.269,1,0
27.88,5,952.5,0,21,32.09,1,0.202,0,0
196.82,5,164.2,0,11,0.81,0,0.045,0,0
77.96,7,2588.0,0,0,26.84,0,0.359,0,0
26.91,5,221.7,0,5,24.45,1,0.382,0,0
39.65,1,961.3,0,2,51.19,1,0.276,0,0
171.95,4,474.0,0,10,20.09,0,0.201,0,0
112.55,6,130.0,0,20,55.22,0,0.166,0,0
26.67,3,1304.2,1,20,14.41,0,0.14,0,0
65.17,4,107.0,0,4,66.45,0,0.538,0,0
43.66,4,449.4,0,0,38.21,0,0.079,1,0
35.27,2,105.7,0,15,222.31,0,0.694,0,1
15.28,2,264.0,0,22,32.31,0,0.67,0,0
109.08,1,352.3,0,0,3.8,0,0.203,0,0
135.39,2,3556.1,0,8,31.83,0,0.0,1,0
36.64,4,16.9,0,16,15.49,0,0.587,1,0
16.7,9,373.7,0,3,24.95,1,0.275,1,0
178.08,6,150.7,0,3,105.95,1,0.246,0,0
5.55,5,1505.4,1,18,79.18,0,0.207,0,0
91.3,1,233.2,0,15,18.01,0,0.27,1,0
33.4,4,158.0,0,12,34.69,0,0.465,1,0
88.17,2,192.2,0,11,15.67,0,0.229,0,0
53.05,2,57.2,0,5,45.44,0,0.0,1,0
108.01,3,5.2,0,13,12.45,0,0.0,0,0
184.44,1,361.1,0,1,44.4,0,0.658,1,0
24.36,3,1096.6,0,23,15.44,0,0.521,1,0
107.0,4,1030.0,0,10,73.14,0,0.143,0,0
68.4,2,347.9,0,1,8.47,0,0.085,0,0
120.47,4,57.4,0,1,81.25,0,0.338,0,0
41.3,2,134.0,0,13,31.44,0,0.302,0,0
76.15,7,342.6,1,11,34.07,0,0.508,0,0
57.41,7,690.2,0,0,74.65,0,0.572,1,0
53.34,2,109.1,1,10,12.08,0,0.31,1,0
200.69,2,2373.1,0,5,12.26,0,0.474,1,0
7.99,3,38.8,0,5,71.98,0,0.31,0,0
57.79,3,272.8,1,14,19.18,0,0.288,0,0
89.18,0,886.0,0,20,55.77,0,0.161,1,0
146.49,4,257.1,0,1,29.29,0,0.0,0,0
136.68,3,2411.7,0,13,,0,0.337,1,0
57.0,4,915.8,0,0,24.72,1,0.162,0,0
38.23,6,1123.4,0,4,89.16,0,0.108,0,0
31.43,8,476.6,0,11,60.15,1,0.0,0,0
97.66,5,585.2,0,12,79.11,0,0.0,0,0
69.77,3,180.7,0,16,18.49,2,0.241,0,0
57.97,4,2266.0,0,14,4.27,0,0.471,0,0
27.6,2,133.1,0,7,2.5,0,0.263,0,0
76.14,6,1607.3,0,17,11.33,0,0.441,0,0
54.23,3,1117.0,1,21,54.55,0,0.0,0,0
77.94,2,275.9,1,17,3.42,2,0.77,1,1
64.02,4,354.3,0,18,25.85,0,0.0,1,0
60.2,4,371.8,0,4,52.41,0,0.46,1,0
104.64,1,107.4,0,1,69.21,0,0.127,1,0
212.94,3,814.8,0,11,61.33,1,0.888,1,1
11.68,3,280.2,0,2,32.44,0,0.304,1,0
59.21,3,2455.0,0,5,28.95,0,0.718,1,0
144.73,3,434.6,0,1,47.53,0,0.558,0,0
170.3,0,422.5,0,17,21.8,1,0.327,1,0
82.34,6,59.6,0,22,29.35,0,0.208,1,0
7.69,2,342.8,0,4,45.07,0,0.322,0,0
26.25,2,573.5,0,22,1.38,1,0.697,0,0
98.49,4,451.8,0,14,15.24,0,0.243,0,0
66.04,2,848.3,0,22,30.97,0,0.0,1,0
40.79,0,878.0,0,20,36.16,1,0.132,0,0
9.37,5,21.0,0,13,24.47,0,0.476,1,0
42.8,5,879.7,0,21,33.34,0,0.169,1,0
180.63,2,335.2,0,2,3.84,0,0.433,1,0
12.32,3,126.1,0,21,29.14,0,0.263,1,0
3.14,6,139.2,0,0,31.71,0,0.0,0,0
85.73,3,297.0,0,12,62.7,0,0.119,0,0
91.11,4,585.8,1,14,63.19,0,0.0,0,0
18.1,8,114.5,0,11,36.06,0,0.118,0,0
83.93,2,456.3,0,14,64.35,1,0.287,1,0
80.27,2,141.0,1,21,1.09,0,0.189,1,0
17.31,0,469.2,0,6,242.84,0,0.919,0,1
142.85,0,331.9,0,17,16.39,0,0.469,1,0
46.38,3,2129.5,1,14,14.54,0,0.0,1,0
91.97,9,254.8,0,18,38.45,0,0.0,0,0
111.38,6,1051.0,0,11,29.56,1,0.643,0,0
173.79,4,112.8,0,2,1.69,0,0.0,0,0
6.29,5,393.3,0,2,41.74,0,0.253,0,0
185.73,4,493.8,0,4,76.52,1,0.338,0,0
9.22,4,14.4,0,5,7.35,0,0.131,1,0
89.77,4,558.3,0,5,48.91,0,0.438,0,0
118.96,3,916.1,0,16,33.16,1,0.0,1,0
101.2,3,336.1,1,5,54.58,0,0.355,0,0
23.64,4,368.9,0,8,11.52,0,0.0,0,0
41.88,3,1137.3,0,1,45.79,1,0.0,0,0
55.42,5,602.0,0,6,18.22,0,0.153,1,0
71.44,6,1167.0,0,18,4.28,0,0.208,0,0
76.95,6,417.7,1,15,34.31,1,0.423,1,0
27.9,7,302.1,0,15,0.42,0,0.028,1,0
12.95,3,188.5,0,17,31.64,0,0.192,1,0
107.53,4,135.6,0,20,103.2,1,0.177,0,0
58.36,4,802.6,0,1,84.03,0,0.177,1,0
42.69,7,466.5,0,5,78.35,0,0.158,0,0
9.71,6,259.6,0,16,29.86,0,0.454,0,0
240.76,3,374.7,0,3,23.53,0,0.55,1,0
4.09,1,10.6,1,3,2.57,0,0.223,0,0
43.72,4,977.8,0,3,25.79,0,0.045,0,0
17.22,1,342.2,0,6,74.86,0,0.628,1,1
39.2,2,410.4,0,9,18.17,1,0.708,0,0
5.61,7,179.4,0,4,72.87,1,0.213,1,0
172.22,6,868.6,1,19,26.67,0,0.24,1,0
103.36,3,95.1,0,17,113.64,0,0.379,0,0
13.22,5,677.3,0,4,29.63,0,0.655,1,0
12.05,4,534.3,1,7,9.79,1,0.421,0,0
52.27,5,107.8,0,17,16.61,0,0.492,0,0
84.82,3,720.0,1,19,14.75,0,0.442,0,0
213.89,2,17.8,0,21,175.51,1,0.758,0,1
137.9,1,581.6,0,6,20.1,0,0.361,1,0
74.85,3,56.2,0,16,59.23,0,0.713,0,0
119.11,3,527.4,1,10,58.57,0,0.319,1,0
13.14,4,121.4,0,12,28.07,0,0.403,0,0
22.81,1,150.4,0,9,18.39,0,0.53,0,0
91.52,4,516.4,1,20,48.5,0,0.16,1,0
80.3,3,757.0,1,7,75.15,0,0.177,1,0
96.6,3,170.0,0,5,8.63,0,0.301,0,0
131.74,2,343.1,1,23,20.91,0,0.307,1,0
61.09,2,409.0,0,14,17.61,0,0.195,0,0
114.28,3,142.2,1,9,69.07,0,0.263,1,0
15.64,4,249.6,0,5,14.34,2,0.201,0,0
39.74,3,202.9,0,2,29.53,1,0.342,0,0
57.9,5,308.4,0,12,57.53,0,0.512,1,0
29.04,3,78.4,0,23,12.72,0,0.177,1,0
106.95,4,835.1,0,1,18.83,0,0.422,1,0
23.05,6,847.1,0,19,63.99,0,0.337,0,0
76.05,1,138.8,0,17,22.0,0,0.0,0,0
0.21,3,147.4,1,1,40.59,0,0.388,0,0
286.46,2,399.4,0,5,24.69,0,0.331,1,0
4.03,0,126.7,0,12,47.9,0,0.0,0,0
2.65,4,1982.4,0,6,50.63,0,0.245,1,0
286.2,2,148.4,1,17,113.76,1,0.864,1,1
38.51,5,157.7,0,12,39.2,0,0.111,0,0
111.45,2,444.7,0,2,26.64,0,0.419,1,0
12.18,5,1122.0,0,16,0.26,0,0.897,0,0
22.11,3,37.8,0,3,3.6,0,0.423,1,0
587.88,2,53.0,0,11,99.88,1,0.203,1,1
89.45,2,1103.0,0,12,40.16,1,0.308,1,0
46.55,1,131.2,0,9,155.7,1,0.728,1,1
2.04,2,87.4,0,3,,0,0.252,1,0
5.88,3,357.1,0,18,52.93,1,0.377,1,0
12.85,4,188.1,0,23,13.24,0,0.572,1,0
41.91,4,89.4,0,15,,0,0.445,1,0
30.21,3,672.6,0,21,44.57,0,0.357,0,0
345.13,2,149.7,1,16,244.64,0,0.422,1,1
127.58,0,46.4,1,16,27.7,3,0.829,1,1
111.11,1,996.5,0,12,18.78,0,0.464,1,0
23.78,2,1889.4,0,13,17.01,0,0.185,1,0
82.29,4,67.8,0,9,15.89,0,0.595,0,0
0.16,4,1927.7,0,12,19.25,1,0.321,0,0
68.55,3,429.1,0,6,0.95,1,0.424,1,0
58.81,3,66.3,0,14,84.53,0,0.605,1,0
107.73,5,344.0,1,14,11.0,0,0.433,1,0
49.9,5,1132.1,0,0,70.59,0,0.171,0,0
169.44,4,61.4,0,3,44.16,0,0.023,0,0
144.89,6,891.1,0,16,31.92,1,0.0,0,0
2.48,3,675.4,0,20,20.23,0,0.376,0,0
103.23,9,1202.4,1,10,49.02,0,0.001,0,0
47.65,8,2475.2,0,18,58.52,0,0.245,0,0
124.58,2,67.9,0,18,1.28,0,0.173,1,0
14.96,2,187.3,1,1,56.41,0,0.54,1,0
410.43,3,104.1,1,16,52.26,2,0.838,0,1
159.73,3,37.4,0,5,74.65,1,0.86,0,1
29.7,2,409.6,0,14,82.29,0,0.543,1,1
150.48,4,47.8,0,12,81.9,0,0.078,0,0
126.42,3,556.8,0,23,30.49,0,0.0,0,0
59.49,3,494.5,1,2,79.13,0,0.337,1,0
498.77,4,698.6,1,7,186.23,1,0.21,0,1
46.39,2,614.7,1,7,46.04,3,0.233,1,0
109.89,2,17.9,0,21,41.75,1,0.331,0,0
58.89,2,288.7,0,15,20.5,0,0.169,0,0
37.82,2,1065.4,0,22,42.27,0,0.247,1,0
47.89,5,1038.6,0,4,45.69,0,0.04,0,0
253.57,2,1454.4,0,22,55.07,0,0.325,1,0
16.27,5,1872.5,0,9,86.02,0,0.101,0,0
85.25,4,818.8,0,2,4.13,0,0.153,0,0
121.62,3,481.5,0,11,6.92,0,0.242,0,0
32.2,7,165.6,0,7,27.29,0,0.205,0,0
57.14,4,490.9,0,6,13.75,0,0.335,0,0
86.38,3,415.6,0,10,50.27,0,0.359,1,0
64.28,4,678.9,0,20,2.27,0,0.158,1,0
106.08,4,15.0,0,3,9.4,0,0.289,1,0
113.87,0,152.6,0,2,24.34,0,0.0,1,0
102.85,3,381.1,0,7,27.45,0,0.357,1,0
556.04,2,81.3,1,10,38.36,0,0.914,1,1
128.11,5,364.3,0,4,17.94,1,0.127,1,0
27.16,1,3952.8,1,0,56.51,1,0.056,1,0
35.95,5,1039.6,0,13,64.9,0,0.221,1,0
556.33,3,510.4,1,18,158.71,2,0.84,1,1
7.29,5,1490.7,0,11,39.53,0,0.0,0,0
6.6,2,700.7,1,0,28.93,0,0.139,0,0
23.68,2,1506.2,0,20,48.21,0,0.0,0,0
119.37,6,56.8,0,8,5.05,0,0.0,0,0
56.5,7,1272.7,0,7,45.69,0,0.0,0,0
12.34,4,469.4,0,10,9.87,0,0.323,0,0
38.56,3,1075.7,1,10,76.31,0,0.275,0,0
61.63,4,1162.5,0,15,30.5,0,0.271,1,0
119.82,8,414.0,0,22,41.06,0,0.445,1,0
34.16,7,63.6,0,19,58.36,2,0.311,1,0
113.95,3,780.5,0,14,32.35,1,0.295,0,0
20.33,4,881.2,0,19,20.61,0,0.049,1,0
144.23,4,72.9,0,8,66.82,0,0.25,0,0
50.74,0,516.9,0,0,18.91,0,0.654,1,0
71.99,1,248.5,0,21,36.24,0,0.141,0,0
41.82,8,1158.7,1,1,27.72,1,0.505,0,0
170.8,2,3895.0,0,14,7.01,0,0.31,1,0
92.16,3,37.5,0,2,42.86,1,0.07,0,0
5.49,5,474.2,0,18,22.95,0,0.798,0,0
153.47,2,132.5,0,4,166.47,0,0.755,1,1
50.58,4,715.8,0,17,24.86,0,0.505,1,0
33.03,7,1326.1,1,12,23.44,0,0.44,0,0
51.96,3,499.2,0,5,56.15,0,0.48,0,0
74.57,4,1428.6,0,19,,0,0.383,0,0
197.4,2,1287.6,0,23,7.06,0,0.498,0,0
163.69,0,615.7,0,9,11.6,0,0.429,1,0
156.46,4,162.8,0,5,1.57,0,0.0,0,0
108.49,4,3896.6,0,6,44.01,0,0.0,1,0
89.68,6,7.9,0,4,38.18,0,0.301,0,0
231.25,3,188.5,0,3,2.41,1,0.099,0,0
1.49,3,82.3,0,22,6.55,0,0.003,0,0
238.76,5,1014.5,0,10,0.33,1,0.285,1,0
69.94,2,1246.9,0,10,36.7,0,0.566,1,0
77.97,5,187.0,0,1,44.39,0,0.456,1,0
155.24,3,293.4,0,5,7.78,0,0.135,0,0
41.85,7,111.4,0,14,47.36,0,0.205,0,0
56.42,3,521.1,0,6,17.94,0,0.177,1,0
67.71,7,246.8,0,23,38.75,0,0.319,0,0
25.62,2,269.2,0,9,424.35,1,0.646,0,1
156.38,2,428.8,0,21,28.21,0,0.339,0,0
123.18,2,918.2,0,23,0.47,0,0.259,0,0
169.11,1,49.0,0,22,27.36,1,0.315,0,0
115.63,4,2398.9,0,17,18.8,0,0.301,0,0
303.37,2,231.8,1,12,172.15,0,0.554,1,1
51.02,4,628.0,1,10,1.21,0,0.429,0,0
51.79,2,481.2,0,6,39.14,0,0.0,0,0
122.76,3,108.3,0,12,35.14,0,0.131,0,0
51.79,4,575.4,0,18,54.61,0,0.0,0,0
67.65,3,598.9,0,3,33.75,0,0.475,0,0
450.25,0,74.0,0,5,212.75,1,0.174,0,1
96.4,1,4.0,0,23,0.68,0,0.0,0,0
106.44,3,1154.6,0,13,25.86,0,0.19,0,0
4.16,0,296.8,0,10,21.58,0,0.279,1,0
45.79,5,37.5,0,19,83.33,0,0.241,1,0
199.5,3,1381.8,0,18,4.92,0,0.246,1,0
21.16,3,1919.6,0,3,19.36,0,0.0,0,0
30.59,2,286.7,0,10,4.67,0,0.401,0,0
105.29,5,1227.5,0,0,22.41,0,0.099,0,0
25.03,2,277.2,0,21,76.1,0,0.338,0,0
18.29,1,949.2,0,8,8.6,1,0.309,0,0
152.31,2,595.1,0,11,20.29,1,0.351,0,0
202.63,2,1733.0,0,4,19.43,0,0.0,1,0
14.05,1,371.9,0,22,85.07,1,0.067,0,0
34.49,2,227.5,0,23,27.46,0,0.497,0,0
351.78,1,45.6,0,13,102.87,1,0.738,1,1
10.64,5,429.2,1,11,1.9,1,0.205,0,0
108.22,8,179.4,0,0,75.95,0,0.517,0,0
172.07,5,404.3,0,0,42.62,2,0.539,0,0
155.16,3,354.0,0,6,69.88,0,0.073,0,0
101.99,3,2054.9,0,5,43.38,0,0.218,0,0
180.94,5,1765.0,0,19,17.74,0,0.524,1,0
122.73,3,213.9,0,11,4.63,0,0.0,0,0
88.66,4,258.3,0,11,32.44,0,0.446,1,0
108.43,6,432.3,0,10,73.09,1,0.374,0,0
102.01,6,4426.3,0,9,68.84,0,0.0,1,0
225.72,3,431.8,0,18,15.58,0,0.0,0,0
47.57,5,2100.1,0,3,1.87,1,0.147,0,0
75.64,6,231.0,0,21,19.06,0,0.105,0,0
55.32,3,917.3,0,5,13.71,0,0.5,1,0
221.71,1,60.4,0,3,130.14,1,0.277,0,1
151.81,8,1162.9,0,16,3.78,0,0.014,1,0
60.07,4,466.3,0,22,33.21,1,0.443,0,0
76.85,1,675.2,0,6,31.91,1,0.0,1,0
17.22,6,2681.3,0,15,30.09,0,0.046,0,0
152.41,3,170.7,0,3,179.5,3,0.603,0,1
184.27,3,44.4,1,12,20.62,0,0.277,1,0
104.17,3,149.3,0,14,38.36,0,0.204,0,0
32.67,5,1114.8,0,9,39.28,0,0.56,1,0
103.82,0,5.0,0,0,16.98,1,0.501,0,0
40.92,1,878.5,0,22,39.3,0,0.11,0,0
70.42,3,654.2,1,16,81.1,2,0.386,1,0
84.22,6,606.8,1,4,25.96,0,0.0,0,0
163.79,2,953.4,0,8,8.68,0,0.827,1,1
27.04,2,316.1,0,9,27.18,0,0.0,1,0
330.55,1,117.6,0,0,59.57,0,0.591,1,1
0.59,5,687.2,0,0,14.62,0,0.74,0,0
94.71,2,834.6,0,22,81.75,1,0.161,0,0
52.96,1,93.0,0,10,40.23,0,0.043,0,0
47.0,6,35.1,0,4,,1,0.004,1,0
182.02,7,780.8,0,5,43.3,1,0.054,1,0
4.69,4,996.8,0,10,18.41,0,0.253,0,0
14.59,2,1513.5,0,16,46.63,1,0.5,0,0
137.87,3,967.5,0,17,35.46,0,0.09,0,0
88.1,6,63.2,0,18,42.07,1,0.36,1,0
108.71,4,964.6,0,19,35.06,0,0.316,1,0
11.84,1,101.2,0,2,88.32,0,0.509,1,0
123.46,1,399.2,0,16,106.79,0,0.075,0,0
189.52,6,1084.9,0,21,19.08,1,0.02,0,0
76.91,4,2.3,0,8,23.51,0,0.083,0,0
122.36,4,796.9,1,11,31.66,0,0.139,1,0
152.28,4,3818.5,0,15,33.36,0,0.304,0,0
149.78,5,460.4,0,6,9.6,0,0.572,1,0
112.04,7,1736.8,0,17,8.73,1,0.03,0,0
282.28,1,171.8,1,6,25.6,0,0.493,1,1
122.81,1,1036.2,0,7,12.66,0,0.562,0,0
46.97,5,484.6,0,3,42.12,0,0.418,0,0
139.48,0,1370.6,1,22,183.72,1,0.59,1,1
85.57,2,627.3,0,20,80.42,1,0.572,0,0
288.02,2,448.9,1,21,77.38,2,0.802,0,1
11.08,5,4202.1,0,13,58.61,0,0.365,1,0
40.78,3,2352.2,0,16,14.29,1,0.598,1,0
137.12,3,1265.3,0,4,0.59,0,0.3,0,0
80.69,2,412.0,0,14,65.27,0,0.258,0,0
23.13,5,625.4,0,17,19.81,0,0.07,1,0
97.57,4,53.1,1,5,37.07,0,0.12,0,0
67.62,4,385.4,0,22,2.32,0,0.0,1,0
23.96,4,585.9,0,8,,0,0.357,0,0
139.71,3,2252.3,0,11,44.45,0,0.371,0,0
100.67,2,224.9,0,2,25.49,0,0.367,1,0
19.68,6,102.8,0,13,22.71,1,0.476,0,0
131.55,7,73.6,1,6,26.43,0,0.153,1,0
47.88,6,1360.3,0,6,18.76,0,0.026,0,0
137.41,5,289.9,0,4,25.69,0,0.0,1,0
121.63,1,1487.4,1,14,37.37,0,0.56,0,0
167.44,5,520.4,0,10,15.81,1,0.464,0,0
119.73,4,1024.1,0,16,36.93,0,0.0,0,0
5.55,3,73.0,0,11,22.74,0,0.363,1,0
76.35,4,209.3,0,6,5.36,1,0.441,0,0
170.9,5,25.8,0,23,11.46,1,0.539,1,0
319.8,0,198.0,0,17,37.89,0,0.134,0,1
218.29,2,145.7,0,17,82.37,2,0.882,1,1
7.61,6,61.9,0,16,17.16,2,0.395,0,0
21.43,3,1538.6,0,8,33.84,1,0.42,0,0
118.68,4,1443.7,0,4,40.87,0,0.256,1,0
117.78,3,1458.7,0,7,9.14,1,0.074,0,0
85.28,3,1630.7,0,17,1.94,0,0.202,1,0
10.99,2,228.3,1,3,310.17,1,0.614,0,1
6.55,7,512.2,0,22,74.98,0,0.422,1,0
132.74,2,561.4,0,11,40.37,2,0.29,1,0
176.62,3,352.5,1,11,12.05,0,0.0,0,0
50.82,9,833.9,0,2,3.99,0,0.438,0,0
43.22,6,137.7,1,7,23.43,0,0.531,1,0
127.7,3,859.3,0,14,31.47,0,0.371,1,0
216.16,4,448.9,1,21,442.28,2,0.54,1,1
102.12,4,1627.0,0,14,4.93,0,0.093,0,0
24.19,4,184.7,0,18,0.54,0,0.36,0,0
13.76,6,275.4,0,16,15.93,0,0.268,1,0
94.26,1,331.8,0,5,14.01,0,0.439,0,0
123.14,2,212.2,0,6,39.25,0,0.253,1,0
68.11,5,1139.1,0,20,37.92,2,0.133,0,0
98.9,1,444.9,0,2,57.11,1,0.468,0,0
152.28,2,375.7,1,20,83.9,0,0.221,1,0
48.08,1,310.8,0,14,139.56,1,0.62,1,1
58.72,5,895.3,0,23,9.28,0,0.197,1,0
50.48,5,152.6,0,22,23.51,0,0.488,1,0
283.76,1,157.8,1,17,216.6,2,0.619,1,1
13.48,5,311.0,0,16,48.77,0,0.226,1,0
108.8,4,212.4,0,1,42.9,0,0.376,0,0
47.26,2,613.7,0,19,43.68,0,0.225,0,0
81.18,5,190.0,0,1,77.24,0,0.343,0,0
9.73,1,37.4,0,17,269.22,0,0.76,1,1
46.93,4,623.1,1,15,58.77,1,0.381,0,0
10.85,2,623.9,0,15,6.35,0,0.156,0,0
51.53,2,350.6,0,22,32.94,1,0.239,0,0
112.67,3,273.9,1,5,5.08,1,0.322,0,0
131.0,4,2722.4,0,12,8.21,2,0.392,1,0
104.06,3,726.6,0,3,51.08,0,0.19,0,0
114.87,2,744.2,0,16,134.06,0,0.44,0,0
45.29,3,1042.1,0,1,67.25,0,0.0,0,0
144.95,2,413.3,0,12,10.29,0,0.016,1,0
28.38,5,1460.8,0,19,35.95,0,0.279,0,0
206.21,7,100.7,0,18,100.59,0,0.158,1,1
47.46,4,234.7,0,16,3.39,1,0.546,0,0
130.39,3,812.2,0,13,57.41,0,0.961,0,0
94.77,1,825.7,0,3,75.04,0,0.51,0,0
101.58,2,877.5,0,4,59.57,0,0.394,1,0
49.45,3,3439.4,0,0,98.19,0,0.516,0,0
90.05,2,337.9,0,11,44.44,0,0.288,1,0
56.06,1,323.7,1,12,16.81,1,0.338,1,1
140.14,4,1318.0,0,1,66.63,0,0.279,1,0
85.84,2,446.3,0,23,6.98,0,0.543,0,0
33.21,5,2185.0,1,6,53.21,0,0.423,0,0
80.32,2,1586.7,0,3,12.39,0,0.389,0,0
128.85,5,440.8,0,8,13.25,0,0.394,1,0
41.13,5,91.7,1,18,0.76,0,0.414,0,0
129.78,1,291.8,0,11,46.65,0,0.556,1,0
29.81,4,361.8,0,13,78.92,1,0.399,1,0
31.11,8,731.0,0,14,68.45,0,0.525,1,0
56.83,2,1553.5,0,9,84.16,0,0.279,0,0
25.02,7,517.9,1,3,20.5,0,0.403,1,0
44.04,7,543.6,0,16,23.38,0,0.019,0,0
54.63,2,467.7,0,18,25.77,0,0.19,0,0
55.27,4,3994.9,0,2,20.2,2,0.276,0,0
102.11,2,1673.9,0,14,28.08,0,0.297,0,0
227.04,2,122.7,0,21,12.69,0,0.144,0,0
33.18,3,167.8,0,10,62.06,1,0.737,0,0
30.98,4,969.1,0,1,19.4,1,0.0,1,0
206.51,6,154.7,0,15,19.92,0,0.448,0,0
71.79,5,10.5,1,6,41.34,0,0.256,1,0
71.3,3,636.5,0,10,81.66,1,0.0,1,0
92.61,10,536.4,0,20,76.64,0,0.172,0,0
30.21,4,942.3,0,11,4.73,0,0.161,1,0
153.1,3,1819.0,0,20,22.76,0,0.432,1,0
22.83,3,522.8,0,22,11.08,0,0.525,0,0
48.97,3,803.6,0,18,35.18,1,0.372,0,0
28.33,3,323.2,0,5,17.08,0,0.057,1,0
72.74,5,169.5,0,16,59.5,0,0.515,1,0
61.58,5,159.8,0,15,77.61,0,0.0,1,0
91.27,2,284.1,0,1,26.93,0,0.0,1,0
214.87,5,207.3,0,17,28.55,0,0.562,0,0
27.65,5,1968.3,0,4,23.76,0,0.054,0,0
69.32,2,47.7,1,11,3.36,1,0.066,1,0
101.8,3,569.6,0,6,0.54,1,0.258,1,0
172.01,3,1951.0,0,20,64.81,0,0.271,1,0
7.98,6,102.2,0,1,40.99,0,0.332,0,0
453.56,1,667.7,1,16,122.9,1,0.541,1,1
20.02,3,617.2,0,14,59.38,0,0.251,0,0
96.47,1,1576.9,0,5,23.3,0,0.277,0,0
181.15,3,307.9,0,19,17.75,0,0.0,1,0
29.21,3,88.8,0,16,22.64,0,0.41,0,0
110.48,6,1769.4,1,4,4.34,0,0.369,0,0
9.19,5,2428.0,0,7,49.32,0,0.165,0,0
73.15,1,1867.2,0,23,32.72,0,0.424,1,0
24.25,4,214.0,1,5,42.06,0,0.764,0,0
2.32,3,125.0,0,10,8.75,0,0.089,0,0
553.92,5,554.1,1,7,12.35,0,0.981,0,1
180.29,3,924.2,0,2,12.75,0,0.454,0,0
47.75,1,70.0,0,10,13.89,0,0.256,0,0
89.19,4,1771.8,0,6,,1,0.839,1,0
11.63,5,613.0,0,17,36.99,0,0.13,1,0
26.97,8,1408.0,0,6,15.78,0,0.13,1,0
196.55,5,518.9,0,7,36.98,0,0.373,0,0
89.68,5,2260.7,0,18,53.43,0,0.249,1,0
106.42,5,1024.0,0,9,43.8,0,0.019,1,0
40.06,1,138.7,0,20,28.94,0,0.238,1,0
69.37,6,608.8,0,5,24.55,0,0.213,0,0
63.18,2,115.2,0,1,25.72,1,0.416,1,0
109.8,2,157.2,1,2,65.19,0,0.142,0,0
83.03,2,398.3,1,0,10.8,1,0.159,1,0
108.81,1,248.6,0,10,24.74,0,0.021,1,0
75.13,2,304.4,0,7,0.77,0,0.203,0,0
97.79,3,83.7,0,4,11.85,0,0.266,0,0
122.02,2,1568.8,0,12,84.98,1,0.0,0,0
23.27,3,1290.2,0,0,24.87,0,0.502,0,0
67.8,0,160.8,0,15,17.03,0,0.0,1,0
81.52,2,298.9,0,21,27.64,0,0.237,0,0
22.99,1,236.2,0,0,1.66,1,0.181,0,0
27.25,6,87.8,0,11,4.69,0,0.182,0,0
56.7,4,140.4,0,6,0.42,0,0.0,0,0
9.85,3,165.9,0,21,91.18,0,0.276,1,0
97.81,2,1314.0,0,5,5.55,0,0.345,0,0
97.17,2,182.3,0,15,6.23,0,0.198,0,0
72.66,3,2555.4,1,19,9.69,0,0.0,0,0
17.91,4,606.7,0,19,88.21,1,0.182,0,0
44.27,4,1931.2,0,12,34.83,0,0.55,1,0
19.62,3,963.9,0,20,39.3,1,0.397,1,0
99.4,2,827.9,0,0,8.27,0,0.204,1,0
7.55,3,287.7,0,23,25.58,0,0.455,0,0
65.8,3,578.6,0,19,5.12,0,0.159,0,0
158.99,1,739.4,1,6,20.02,0,0.328,1,0
88.27,2,34.1,0,13,8.4,0,0.353,0,0
17.15,4,481.1,0,22,33.04,1,0.258,1,0
152.07,4,265.4,0,17,39.64,1,0.432,1,1
114.18,3,790.3,0,12,33.7,0,0.307,1,0
72.36,5,810.3,1,22,8.88,1,0.233,0,0
47.22,3,47.5,1,18,19.74,0,0.96,1,1
310.11,3,992.6,0,18,202.05,1,0.804,1,1
5.2,3,92.4,0,19,43.07,0,0.747,0,0
38.11,2,1.7,0,3,26.41,0,0.286,0,0
96.26,4,611.5,0,23,48.37,0,0.391,1,0
74.13,3,348.3,0,7,80.21,0,0.476,0,0
145.95,10,12.3,0,14,2.74,0,0.334,0,0
69.77,2,207.3,0,15,20.36,1,0.0,0,0
8.03,2,375.8,0,7,32.89,0,0.236,1,0
89.41,5,728.1,0,13,93.75,0,0.514,0,0
100.41,3,1055.2,0,15,47.84,0,0.0,0,0
45.84,3,1135.7,0,22,35.86,0,0.255,0,0
67.69,6,121.1,0,14,5.04,0,0.0,1,0
137.98,6,523.5,0,3,6.95,0,0.381,1,0
39.16,6,101.8,0,5,50.53,1,0.383,0,0
44.0,5,58.0,0,8,86.02,1,0.0,0,0
32.51,5,495.1,0,11,28.99,0,0.152,0,0
160.25,1,108.0,0,5,3.75,0,0.072,1,0
1.58,0,12.9,0,23,0.04,0,0.609,0,0
77.28,0,209.1,0,21,8.6,0,0.434,1,0
24.27,3,646.3,0,16,3.53,0,0.505,0,0
65.8,2,192.9,0,20,47.98,0,0.186,0,0
82.8,4,244.4,0,2,10.26,0,0.293,0,0
15.98,6,5.5,0,16,8.36,0,0.661,0,0
130.64,2,426.0,0,2,197.07,0,0.827,1,1
421.98,0,72.4,0,13,174.87,1,0.365,1,1
56.89,2,1089.4,0,14,62.56,0,0.713,1,0
100.26,3,359.3,0,1,46.33,1,0.451,0,0
134.41,3,291.2,0,7,30.48,0,0.428,1,0
9.47,3,1699.5,0,10,38.45,0,0.261,1,0
431.6,3,42.8,0,22,210.9,1,0.642,1,1
92.79,3,2861.3,0,10,2.4,0,0.522,0,0
107.99,1,21.4,0,20,65.21,0,0.0,0,0
54.69,4,2279.7,0,7,24.47,0,0.611,0,0
141.3,1,633.5,0,11,24.25,1,0.334,1,1
40.7,5,1205.7,0,23,17.13,0,0.475,1,0
34.57,4,1028.6,1,23,19.48,0,0.278,0,0
211.47,2,787.3,0,4,28.59,1,0.244,0,0
94.75,3,91.3,0,7,6.4,0,0.522,0,0
159.83,1,222.4,0,13,42.76,0,0.4,0,0
52.78,5,1548.3,0,16,23.88,1,0.11,0,0
72.76,4,687.9,0,17,35.57,1,0.0,0,0
90.09,5,151.1,0,0,5.8,0,0.019,0,0
6.36,5,18.0,0,2,52.72,0,0.366,1,0
272.15,3,4.4,1,7,193.16,1,0.549,0,1
36.04,4,458.1,0,12,27.43,0,0.478,1,0
75.81,6,144.0,0,7,45.18,0,0.867,0,0
121.67,3,393.2,0,20,27.44,0,0.402,0,0
129.01,3,51.4,0,22,41.78,2,0.302,0,0
64.78,1,1164.1,1,7,68.09,0,0.48,0,0
86.96,2,928.5,0,10,7.37,0,0.453,1,0
71.52,3,737.9,0,12,3.25,0,0.01,0,0
157.38,6,6619.3,0,9,24.86,1,0.755,0,0
40.13,4,46.1,0,7,18.6,0,0.328,0,0
70.47,4,3845.0,0,1,20.79,0,0.535,1,0
25.38,5,284.5,0,10,31.52,0,0.0,0,0
87.7,4,1370.9,0,10,34.63,0,0.0,1,0
27.63,5,207.7,0,21,12.47,0,0.489,0,0
138.19,3,458.2,0,4,32.85,0,0.507,0,0
115.26,3,23.3,0,16,120.41,2,0.545,0,1
29.15,5,679.8,0,12,91.33,0,0.237,1,0
14.27,2,1705.2,0,6,74.34,0,0.337,0,0
86.09,4,331.9,0,8,11.43,0,0.478,1,0
55.37,4,1683.1,0,6,42.17,1,0.0,0,0
77.78,2,547.1,1,6,53.29,0,0.0,1,0
75.42,3,503.8,0,17,58.26,0,0.074,0,0
104.52,4,1694.9,0,6,43.72,2,0.516,0,0
111.3,7,478.8,0,12,23.12,0,0.449,0,0
62.65,5,1785.2,0,3,17.85,0,0.0,0,0
191.46,7,113.9,0,0,7.17,0,0.0,1,0
59.81,5,910.5,0,20,24.85,0,0.235,1,0
103.3,5,1153.4,0,9,60.35,0,0.323,1,0
40.89,5,352.5,1,12,0.72,0,0.354,0,0
120.11,3,101.3,0,17,53.16,1,0.127,1,0
62.83,3,660.2,0,1,47.04,0,0.386,0,0
20.96,2,1287.0,1,8,50.48,0,0.254,1,0
66.12,2,6.6,0,11,120.7,1,0.617,0,1
107.66,3,415.8,0,2,10.61,1,0.374,1,0
18.89,2,437.9,0,21,85.84,0,0.101,1,0
196.03,3,42.9,1,12,8.51,1,0.401,1,1
63.34,3,411.1,0,6,11.97,1,0.309,1,0
105.59,9,1431.7,0,14,8.28,0,0.554,1,0
6.02,3,580.7,0,21,65.77,2,0.0,1,0
41.65,5,23.2,0,14,11.01,1,0.655,0,0
44.12,4,587.4,1,12,80.4,0,0.673,0,0
138.39,4,582.4,0,4,67.04,0,0.294,0,0
85.92,1,580.6,0,23,50.73,0,0.159,1,0
78.53,4,206.0,1,23,49.99,2,0.0,0,0
35.83,7,927.5,0,1,0.16,0,0.003,0,0
43.51,6,358.2,0,11,61.78,0,0.0,0,0
137.31,4,170.7,0,11,10.07,1,0.073,1,0
173.81,4,354.6,0,12,12.34,1,0.632,1,1
91.84,2,139.1,0,15,29.34,0,0.249,0,0
16.26,2,543.9,0,12,61.69,1,0.327,0,0
37.32,2,397.8,1,15,49.46,0,0.623,0,0
103.48,7,469.9,0,13,40.24,0,0.05,0,0
117.35,4,758.9,0,10,67.6,0,0.0,0,0
57.02,5,120.5,0,21,21.3,0,0.0,0,0
54.07,4,128.6,0,6,16.39,0,0.347,0,0
62.48,3,435.1,0,8,47.77,2,0.335,0,0
57.63,3,2005.3,0,9,24.67,0,0.394,1,0
10.77,4,234.3,0,20,46.05,0,0.036,1,0
55.25,9,1193.8,0,4,48.86,0,0.217,1,0
125.68,5,582.3,0,13,0.15,0,0.798,0,0
69.96,1,223.3,0,10,,1,0.06,0,1
53.78,5,759.1,0,6,4.64,0,0.216,1,0
78.02,4,522.8,0,19,35.26,0,0.448,0,0
66.28,2,451.7,0,18,11.15,0,0.327,0,0
63.93,5,393.2,0,4,41.77,1,0.245,0,0
76.28,8,44.8,0,13,1.08,0,0.275,1,0
136.26,2,136.6,0,18,32.01,1,0.071,1,0
177.06,5,252.2,0,23,17.83,0,0.077,0,0
1.79,3,548.3,0,2,6.29,0,0.313,0,0
33.77,2,1468.5,0,18,3.42,1,0.203,1,0
47.46,4,862.8,1,2,27.74,0,0.205,1,0
17.24,3,169.0,0,3,54.2,0,0.547,0,0
105.71,3,795.6,1,20,19.45,1,0.357,0,0
83.93,5,267.3,0,17,6.16,0,0.168,1,0
100.29,1,467.6,0,2,4.87,0,0.456,1,0
120.06,1,418.0,0,17,9.73,0,0.0,1,0
65.56,6,385.0,0,11,13.47,0,0.063,0,0
43.2,6,157.8,0,9,9.95,0,0.324,0,0
127.26,5,687.8,0,6,31.0,0,0.078,1,0
12.34,5,1563.6,0,7,87.62,0,0.22,0,0
86.02,4,337.6,0,16,6.16,0,0.274,0,0
31.15,0,716.9,0,7,49.52,1,0.338,0,0
160.64,3,387.6,0,1,5.83,0,0.03,0,0
167.96,3,122.5,0,2,1.65,2,0.125,0,0
192.98,6,514.8,1,9,32.5,0,0.054,0,0
146.84,4,161.6,0,16,30.01,0,0.353,0,0
28.34,4,1163.5,0,6,24.51,0,0.273,0,0
117.06,1,393.9,1,16,39.28,0,0.494,0,0
36.85,7,1350.8,1,15,42.18,0,0.44,0,0
13.93,3,642.6,0,16,,1,0.185,1,0
101.8,7,1138.1,0,9,29.47,0,0.265,1,0
438.44,2,162.5,0,7,142.1,0,0.094,1,1
7.12,4,1233.2,0,5,21.38,0,0.273,1,0
66.92,6,666.0,0,16,10.3,0,0.453,1,0
410.87,3,29.4,0,8,317.53,1,0.516,1,1
32.2,4,1802.1,0,3,5.88,0,0.115,1,0
15.96,7,324.7,0,22,0.15,1,0.11,0,0
218.19,2,1175.5,0,5,53.29,0,0.498,0,0
53.89,3,314.8,0,7,19.73,0,0.53,0,0
110.27,4,366.8,0,7,8.02,0,0.019,0,0
79.31,2,201.7,0,19,11.64,1,0.431,1,0
162.03,5,707.2,0,4,3.71,0,0.0,0,0
83.69,4,2528.2,0,21,30.15,1,0.405,0,0
93.73,2,25.7,1,7,124.92,1,0.452,0,1
81.04,3,24.7,0,15,44.91,0,0.216,1,0
164.44,9,1354.8,0,7,8.34,0,0.25,0,0
89.82,4,659.5,1,0,65.42,0,0.252,0,0
84.44,0,324.9,0,5,47.84,0,0.16,1,0
346.1,2,142.7,1,14,49.98,1,0.416,0,1
33.83,4,3307.5,0,11,22.34,0,0.453,0,0
4.27,2,154.7,1,19,48.16,0,0.0,0,0
97.85,4,510.3,0,6,10.64,2,0.247,1,0
55.73,9,153.7,1,19,3.37,0,0.303,0,0
150.7,6,638.3,0,22,37.9,0,0.346,0,0
50.94,2,163.5,0,20,17.44,0,0.55,1,0
9.07,7,1215.4,1,13,41.01,0,0.0,0,0
31.86,1,54.6,0,17,23.2,0,0.566,1,0
93.32,2,1842.2,1,0,5.23,2,0.237,1,0
103.83,7,345.3,0,3,76.18,0,0.39,1,0
222.88,8,145.9,1,17,173.83,1,0.548,0,1
50.76,2,912.7,0,20,2.38,1,0.695,0,0
175.75,1,80.0,1,23,38.55,1,0.327,0,0
36.7,2,233.5,0,5,11.28,0,0.0,1,0
16.21,3,1285.2,0,21,66.06,0,0.503,1,0
46.3,10,783.0,0,3,62.57,0,0.0,0,0
27.07,3,439.9,0,9,43.81,0,0.512,1,0
57.03,4,114.2,1,18,39.74,1,0.41,0,0
38.11,1,1039.2,0,13,52.12,1,0.594,1,1
49.92,2,85.7,1,20,24.05,0,0.487,1,1
96.82,4,461.1,1,6,2.54,0,0.207,1,0
71.8,4,1425.9,0,9,54.51,0,0.018,1,0
12.18,4,2467.7,0,12,32.21,0,0.613,1,0
21.96,0,582.6,1,12,65.66,0,0.34,0,0
72.17,0,1114.2,0,16,35.92,0,0.366,1,0
122.41,2,171.2,0,9,20.44,0,0.318,0,0
134.38,2,303.9,0,15,10.65,0,0.629,0,0
28.8,1,910.3,0,19,33.59,0,0.217,0,0
121.41,5,78.4,0,19,55.21,0,0.137,0,0
102.93,4,335.8,0,13,22.64,1,0.874,0,0
249.85,1,69.5,0,8,6.81,2,0.91,0,1
32.76,2,514.6,0,13,9.69,0,0.413,1,0
70.14,5,215.3,0,20,62.75,0,0.133,0,0
0.89,6,370.6,1,14,83.11,0,0.0,1,0
21.06,4,900.7,0,8,56.24,0,0.385,0,0
34.7,3,948.3,0,14,56.44,0,0.0,0,0
195.08,8,1374.0,0,22,40.74,0,0.424,0,0
24.8,3,564.4,0,2,62.45,0,0.029,1,0
167.35,5,31.8,1,11,8.35,0,0.0,1,0
139.93,2,943.7,0,23,39.24,0,0.318,0,0
102.07,5,527.2,0,21,113.36,0,0.119,0,0
142.96,2,10.1,0,18,22.8,0,0.302,1,0
123.98,9,751.9,0,14,6.84,0,0.0,0,0
96.06,5,1596.3,1,23,55.85,2,0.355,0,0
93.34,1,2354.4,0,22,42.49,2,0.36,0,0
62.93,4,329.1,0,11,39.51,0,0.0,0,0
110.96,2,909.0,0,16,35.76,0,0.65,1,0
377.87,4,143.5,0,16,184.49,0,0.668,1,1
125.32,6,734.4,0,5,66.87,1,0.04,1,0
105.38,5,312.5,0,20,40.41,0,0.17,1,0
44.14,0,160.2,1,9,,0,0.131,0,0
59.11,2,3.3,0,19,27.79,0,0.307,0,0
84.92,4,1683.0,0,3,10.21,0,0.239,1,0
136.69,2,892.2,0,23,40.56,0,0.428,0,0
134.41,3,166.3,0,1,46.7,1,0.229,1,0
472.39,3,29.3,1,4,215.64,2,0.41,0,1
116.46,1,1383.7,0,9,18.12,0,0.234,0,0
68.83,3,1328.9,0,17,3.05,0,0.371,0,0
147.19,3,155.6,0,8,86.39,0,0.202,1,0
91.82,2,929.4,0,1,37.24,0,0.367,1,0
89.0,3,543.7,0,13,13.61,1,0.46,0,0
54.5,1,388.8,0,21,95.47,0,0.279,0,0
5.36,2,120.2,0,1,16.05,0,0.432,0,0
242.07,6,251.6,0,5,37.65,0,0.272,0,0
98.88,4,1398.0,0,22,45.56,1,0.246,0,0
101.47,2,186.8,0,15,40.34,0,0.231,0,0
203.67,2,128.8,0,16,39.36,0,0.354,0,0
8.96,1,589.4,0,18,37.3,0,0.472,0,0
79.45,8,801.1,0,11,32.28,0,0.48,1,0
69.77,2,482.6,0,21,28.88,0,0.178,0,0
112.51,3,710.1,0,21,0.73,0,0.0,1,0
32.69,5,583.2,0,1,17.56,0,0.192,1,0
0.6,3,24.2,0,17,61.55,0,0.096,1,0
57.08,4,385.4,0,18,40.2,1,0.617,1,0
177.96,4,2287.3,0,9,97.11,0,0.116,1,0
116.03,1,73.6,0,6,10.15,0,0.247,0,0
3.09,2,2.9,0,5,47.78,0,0.335,1,0
40.33,4,169.0,0,10,49.33,0,0.379,0,0
50.74,5,628.6,0,11,15.23,0,0.146,0,0
164.18,4,756.6,0,5,9.93,0,0.168,1,0
69.01,5,571.2,0,17,52.06,0,0.385,0,0
628.6,0,800.1,0,2,9.67,1,0.363,1,1
30.94,1,182.7,0,12,17.86,0,0.088,0,0
81.26,3,1339.3,0,12,96.67,1,0.328,0,0
4.22,7,132.9,0,6,45.45,0,0.005,1,0
45.24,4,610.0,0,12,7.79,0,0.259,1,0
23.2,1,624.4,1,2,325.31,0,0.698,1,1
153.32,3,1674.3,0,8,31.4,0,0.215,0,0
5.67,1,1144.2,0,2,19.24,0,0.737,1,0
193.77,1,574.1,0,8,11.18,0,0.444,1,0
105.6,4,940.0,0,13,67.57,0,0.476,0,0
43.51,1,91.8,0,0,16.54,1,0.436,0,0
112.32,3,1396.4,0,4,14.39,0,0.173,0,0
107.46,2,956.7,0,10,86.98,0,0.426,0,0
44.51,2,2158.1,0,23,36.09,0,0.047,1,0
42.72,7,613.1,1,10,63.9,1,0.282,0,0
191.83,3,604.8,0,15,35.7,0,0.258,0,0
118.15,4,53.1,0,2,30.62,1,0.0,0,0
43.52,2,202.2,0,1,41.83,1,0.105,1,0
81.88,4,424.1,0,0,5.67,0,0.456,0,0
70.21,2,116.7,0,13,63.36,1,0.047,0,0
3.59,7,522.5,0,22,8.15,0,0.0,1,0
41.16,8,240.2,0,21,45.51,1,0.591,0,0
155.3,7,961.9,1,13,49.87,0,0.577,1,0
59.27,5,35.6,0,13,19.3,0,0.668,1,0
56.41,4,506.2,0,13,37.72,0,0.116,0,0
39.64,3,695.0,0,16,5.29,0,0.131,0,0
140.75,3,54.0,0,5,9.1,0,0.036,0,0
84.78,5,667.2,0,7,14.86,0,0.468,1,0
54.36,4,415.5,0,3,41.06,2,0.105,0,0
158.45,4,21.4,0,1,39.44,0,0.435,0,0
195.41,2,138.3,0,7,325.26,0,0.494,1,1
32.25,4,27.3,1,8,5.93,1,0.287,0,0
59.18,3,502.9,0,7,106.88,0,0.337,1,0
53.17,2,821.1,0,10,8.16,0,0.104,0,0
139.61,6,481.8,1,1,17.85,0,0.016,1,0
30.16,1,285.4,0,16,52.49,0,0.093,0,0
20.14,3,506.1,0,10,45.51,0,0.0,0,0
99.68,2,831.2,0,0,5.19,0,0.0,0,0
69.82,4,33.5,0,6,13.14,0,0.262,1,0
146.52,1,880.6,0,22,90.98,0,0.343,1,0
89.73,3,466.0,0,19,18.51,0,0.501,0,0
93.64,2,77.4,0,17,51.51,0,0.183,1,0
95.01,5,1020.1,0,12,7.2,1,0.229,1,0
15.75,7,120.4,1,3,236.39,1,0.42,1,1
101.14,4,428.8,1,3,41.68,2,0.0,1,0
53.65,3,104.3,0,1,42.83,0,0.319,1,0
81.35,3,665.2,0,6,3.73,0,0.419,0,0
78.56,5,470.1,0,21,93.81,0,0.058,0,0
20.64,0,2948.5,0,2,13.04,0,0.139,0,0
117.28,2,121.7,0,1,19.29,0,0.321,1,0
184.16,2,256.4,0,14,5.56,0,0.199,1,0
34.69,4,965.4,0,7,21.67,0,0.155,0,0
55.12,2,733.4,0,18,10.42,1,0.232,1,0
111.78,2,1075.9,0,12,12.24,0,0.454,1,0
105.68,2,105.6,0,0,10.38,1,0.131,1,0
124.24,4,318.8,0,12,25.38,0,0.224,0,0
58.98,4,1848.3,0,12,44.18,0,0.335,0,0
73.6,1,1313.2,0,5,80.49,1,0.338,0,0
58.36,4,595.0,0,3,27.85,0,0.439,0,0
184.97,4,289.4,0,21,108.93,0,0.195,1,0
167.47,5,164.4,0,2,148.84,2,0.568,0,1
25.07,2,49.0,0,6,37.46,0,0.402,0,0
9.56,5,690.2,1,22,39.79,1,0.333,0,0
150.59,5,510.2,0,13,26.51,1,0.421,1,0
195.13,4,186.0,0,7,25.1,0,0.656,1,0
5.57,3,155.8,0,7,83.59,0,0.19,1,0
26.34,2,890.1,1,8,26.71,0,0.43,0,0
83.67,1,664.9,0,22,52.02,0,0.332,0,0
258.76,0,339.5,0,9,7.31,0,0.177,0,0
13.46,3,1434.6,0,12,19.27,0,0.389,0,0
5.34,5,941.5,0,21,9.97,0,0.42,1,0
26.67,3,335.4,0,1,51.48,0,0.579,0,0
2.46,4,1592.9,0,17,8.18,1,0.249,0,0
90.48,1,222.0,0,5,24.32,0,0.336,1,0
3.46,4,1199.0,0,18,61.18,0,0.17,0,0
198.44,6,123.1,0,4,0.55,0,0.194,0,0
102.93,4,108.6,0,17,19.19,0,0.0,1,0
112.6,2,694.0,0,3,56.14,0,0.096,0,0
112.58,2,42.6,0,13,332.07,1,0.746,0,1
17.81,5,2383.9,0,11,2.46,0,0.348,1,0
32.43,1,1553.6,0,3,28.32,0,0.235,0,0
188.5,2,104.4,0,7,28.64,0,0.379,1,0
76.04,1,564.0,0,13,18.38,0,0.227,0,0
59.7,5,237.0,0,19,71.3,0,0.394,1,0
50.11,3,503.6,0,20,54.99,0,0.408,0,0
33.72,4,1849.7,0,6,20.45,0,0.317,0,0
118.44,3,2268.0,0,4,6.7,0,0.0,0,0
3.66,3,1712.6,0,13,27.39,1,0.092,1,0
100.2,6,204.7,0,13,10.72,0,0.117,0,0
129.26,6,1076.4,0,15,46.42,0,0.072,1,0
90.43,1,71.6,0,9,35.55,0,0.101,0,0
42.13,7,273.4,0,14,,1,0.118,0,0
37.42,7,1063.8,0,6,55.48,0,0.271,0,0
80.47,3,194.7,0,6,39.32,0,0.543,0,0
9.44,4,222.9,0,14,3.73,0,0.153,1,0
33.22,4,82.2,0,12,40.41,0,0.154,0,0
49.6,4,398.4,0,4,38.78,0,0.149,1,0
171.82,5,129.5,0,20,23.96,0,0.482,0,0
178.01,2,1514.5,0,14,9.1,0,0.273,0,0
55.56,3,2706.5,0,2,8.52,0,0.361,0,0
142.55,6,282.6,0,4,26.17,0,0.387,1,0
250.12,5,537.6,1,14,304.68,0,0.896,1,1
5.36,9,153.5,0,0,67.84,0,0.162,0,0
124.38,3,354.9,0,6,19.24,0,0.0,0,0
318.74,3,154.7,1,22,19.98,3,0.46,0,1
90.47,6,2409.4,0,5,9.71,1,0.0,1,0
27.97,4,170.1,0,11,62.75,0,0.269,1,0
137.02,6,703.3,0,15,4.4,0,0.238,0,0
28.07,5,37.5,0,23,31.38,0,0.02,0,0
117.15,3,2365.4,0,11,68.64,0,0.22,0,0
22.78,7,93.1,0,19,44.69,1,0.0,1,0
62.27,5,1030.1,0,1,9.36,2,0.0,1,0
51.6,5,2223.5,0,7,8.61,0,0.132,0,0
126.13,8,628.5,0,11,18.5,1,0.0,1,0
101.49,5,1819.7,0,23,50.93,0,0.539,1,0
76.98,3,891.4,0,19,42.55,0,0.205,0,0
63.26,2,853.8,0,0,9.21,0,0.164,0,0
50.03,1,1995.4,0,2,4.49,0,0.599,0,0
11.51,2,929.2,0,18,28.14,1,0.267,1,0
5.99,4,809.2,0,18,57.18,0,0.357,0,0
53.0,1,210.5,0,10,24.06,0,0.0,1,0
73.99,2,227.6,0,21,19.11,0,0.198,0,0
163.7,3,1457.7,0,18,20.98,0,0.041,0,0
124.9,1,1593.4,0,1,40.06,1,0.288,1,0
291.39,2,4.1,0,15,170.59,0,0.35,0,1
130.79,2,55.2,0,5,132.59,2,0.574,1,1
201.78,4,234.8,0,20,15.53,0,0.252,1,0
43.18,2,323.7,0,21,4.79,0,0.102,0,0
127.01,2,121.0,1,0,35.32,0,0.121,0,0
145.4,3,192.9,0,10,1.92,0,0.483,1,0
50.54,5,2177.9,0,11,36.24,0,0.177,1,0
151.12,1,480.2,0,12,4.33,0,0.0,1,0
22.81,5,626.6,0,0,82.86,0,0.047,1,0
139.41,4,217.8,0,3,57.78,0,0.486,1,0
78.29,3,165.4,0,18,36.21,0,0.184,1,0
1.17,5,127.1,0,23,58.9,0,0.363,0,0
135.54,3,1255.1,1,0,16.45,0,0.376,0,0
14.53,7,7.7,0,11,35.61,0,0.112,1,0
144.77,4,1395.0,0,4,14.92,0,0.13,0,0
46.93,3,574.5,0,6,79.44,0,0.152,1,0
140.06,2,146.6,0,7,50.06,0,0.0,0,0
42.64,4,625.4,0,8,30.37,0,0.532,0,0
104.59,1,1116.4,1,2,54.06,0,0.412,0,0
77.42,6,151.0,1,7,0.54,0,0.547,1,0
60.06,3,936.4,0,10,6.28,0,0.181,1,0
64.47,4,16.6,0,19,11.02,0,0.826,1,0
4.02,4,1340.5,0,12,13.9,0,0.627,1,0
143.66,6,501.3,0,2,86.77,0,0.158,0,0
156.46,2,476.4,0,16,81.76,0,0.0,1,0
132.39,7,1608.4,0,17,35.28,0,0.434,1,0
41.03,3,455.4,0,22,57.86,0,0.224,1,0
187.0,5,71.7,0,5,31.78,0,0.355,0,0
99.63,2,594.7,0,18,80.49,0,0.31,0,0
189.73,4,2115.0,0,12,86.83,1,0.0,1,0
38.51,4,209.8,0,22,15.13,0,0.109,0,0
143.7,8,753.4,0,21,16.0,0,0.255,0,0
125.83,4,1462.7,0,1,,0,0.228,1,0
10.96,6,374.1,1,21,7.47,0,0.457,0,0
165.82,2,563.0,0,8,,1,0.042,0,0
151.53,2,64.9,1,20,53.51,0,0.165,0,0
39.84,1,149.3,0,12,244.29,0,0.647,1,1
337.4,3,168.4,1,19,447.05,0,0.509,1,1
54.88,5,2058.5,0,23,66.52,0,0.067,0,0
100.52,5,549.8,0,19,1.16,0,0.163,0,0
74.89,1,396.3,0,22,138.68,0,0.409,1,1
40.87,2,2775.0,0,20,10.74,0,0.0,0,0
74.28,8,260.5,1,14,82.4,0,0.046,1,0
10.68,5,322.9,1,9,8.51,0,0.02,1,0
18.76,2,29.8,0,14,51.22,0,0.61,1,0
169.66,2,123.8,0,7,197.12,2,0.283,0,1
157.65,4,1981.1,0,6,20.3,0,0.134,0,0
23.42,5,3016.3,0,14,,0,0.508,1,0
11.36,3,921.5,0,18,66.44,0,0.149,1,0
61.59,1,166.2,0,19,215.34,1,0.622,1,1
73.44,0,11.2,0,13,100.8,2,0.272,1,1
137.49,4,962.7,1,17,48.07,0,0.095,1,0
56.04,2,408.9,1,4,37.77,0,0.181,0,0
33.69,0,70.5,0,8,20.38,0,0.619,1,0
14.4,4,583.3,0,16,38.07,0,0.553,0,0
209.27,5,585.8,1,1,41.6,0,0.332,0,0
41.09,3,194.5,0,7,7.44,0,0.167,1,0
21.58,4,820.8,1,20,92.66,0,0.469,1,0
113.48,4,5.2,0,19,22.11,0,0.0,0,0
91.67,3,431.7,0,20,1.18,1,0.611,1,0
91.83,6,3530.2,0,15,4.74,2,0.571,0,0
112.67,4,1017.4,0,7,49.31,0,0.133,0,0
110.32,4,629.0,0,15,28.61,1,0.693,1,0
54.17,4,258.8,0,10,49.17,0,0.2,0,0
61.89,3,952.4,0,12,10.99,0,0.35,0,0
49.94,7,353.5,0,21,44.47,0,0.258,0,0
6.95,4,209.3,0,1,31.23,0,0.591,0,0
97.4,4,1434.8,0,17,26.99,0,0.531,0,0
154.55,7,816.5,0,16,60.56,0,0.558,0,0
84.63,4,663.4,1,14,24.34,0,0.59,1,0
268.86,2,95.6,0,12,163.81,0,0.539,0,1
33.76,5,94.0,1,22,21.7,2,0.23,1,0
79.55,2,311.7,0,10,52.94,0,0.561,0,0
52.93,6,101.7,0,12,29.6,0,0.527,1,0
76.65,3,167.2,0,14,71.3,0,0.389,0,0
126.16,8,1002.4,0,14,0.05,0,0.584,0,0
69.23,3,930.8,0,6,17.2,1,0.0,0,0
64.51,1,75.9,0,23,1.63,1,0.467,0,0
136.94,5,224.8,0,7,94.77,0,0.057,0,0
84.47,1,382.7,0,3,230.93,1,0.464,0,1
96.23,3,70.2,0,4,2.91,0,0.378,0,0
73.24,7,267.3,0,8,,0,0.015,0,0
98.21,1,767.5,0,10,31.53,0,0.477,0,0
59.08,2,405.3,0,10,14.48,0,0.074,1,0
115.48,3,245.2,0,14,33.15,0,0.316,0,0
71.34,4,1616.2,0,2,15.69,0,0.276,0,0
70.26,6,444.6,0,2,43.37,0,0.185,0,0
85.35,1,1558.5,0,14,49.46,0,0.313,0,0
113.38,4,1501.3,0,12,32.49,0,0.0,1,0
8.19,5,795.9,0,14,14.43,0,0.711,0,0
22.43,6,1232.7,0,3,81.58,0,0.01,0,0
106.64,0,19.6,0,8,60.99,1,0.414,1,1
31.64,4,19.6,0,20,2.65,0,0.083,0,0
414.2,2,227.0,0,21,304.01,1,0.791,1,1
30.44,5,1337.1,0,22,16.43,0,0.425,1,0
143.58,3,172.5,0,10,45.32,0,0.42,0,0
61.57,5,2.1,1,17,50.48,0,0.242,0,0
74.98,6,792.8,0,12,74.55,0,0.328,0,0
86.39,3,101.5,0,15,66.56,0,0.363,1,0
104.09,3,118.6,1,22,12.55,0,0.572,0,0
66.48,6,2501.5,0,7,87.38,0,0.335,1,0
186.89,1,1397.6,0,1,35.98,1,0.701,0,0
67.48,2,2199.7,1,17,100.49,0,0.59,1,0
124.77,3,18.1,0,5,44.35,0,0.485,0,0
75.67,2,632.8,0,3,14.27,0,0.224,0,0
31.52,9,1636.0,0,20,28.58,0,0.0,1,0
66.87,2,67.9,0,7,10.63,0,0.577,0,0
78.68,1,506.1,0,3,26.11,0,0.112,0,0
88.2,2,53.9,0,23,27.62,0,0.354,0,0
10.76,5,53.7,0,3,1.52,0,0.099,1,0
67.05,6,446.6,0,23,47.33,0,0.318,0,0
15.08,5,465.0,0,20,63.29,0,0.298,0,0
40.39,6,1115.1,0,1,48.74,0,0.0,0,0
2.4,2,207.9,0,16,13.32,1,0.476,1,0
62.65,5,241.2,0,11,1.27,0,0.381,1,0
19.95,1,1039.7,0,7,61.26,0,0.304,1,0
188.06,2,213.5,1,17,134.25,0,0.493,1,1
54.87,6,2101.3,0,8,30.42,0,0.689,1,0
102.66,3,475.9,0,6,59.94,0,0.525,1,0
188.83,4,566.6,0,4,44.59,1,0.624,1,0
148.25,7,287.9,0,12,30.49,0,0.534,1,0
84.13,5,108.0,0,22,20.25,0,0.14,0,0
81.78,4,1346.7,0,17,32.39,0,0.126,1,0
32.84,4,80.8,0,23,65.26,1,0.32,1,0
57.96,7,645.6,0,9,90.36,0,0.0,1,0
53.74,2,37.9,0,10,14.86,0,0.143,0,0
67.34,4,427.9,0,19,31.28,0,0.0,0,0
85.77,4,120.1,0,1,1.11,0,0.498,0,0
16.85,2,453.1,1,8,13.87,0,0.267,1,0
53.96,2,635.8,0,22,19.41,0,0.423,0,0
1.58,6,1575.7,0,3,26.75,0,0.063,0,0
59.7,4,393.5,0,23,2.3,1,0.41,0,0
17.25,4,126.6,0,14,41.98,0,0.244,0,0
25.57,3,2.8,1,1,55.37,0,0.286,1,0
78.44,2,809.2,0,11,13.52,0,0.486,0,0
109.2,3,37.0,1,13,57.57,1,0.581,1,0
79.12,5,197.7,0,23,29.71,0,0.301,1,0
25.7,4,504.8,0,5,3.7,1,0.459,0,0
35.1,4,504.5,0,7,36.89,0,0.809,0,0
2.26,6,1013.6,0,5,23.55,1,0.466,1,0
147.9,4,242.3,0,21,36.36,1,0.162,0,0
439.39,1,660.1,0,12,73.09,1,0.633,0,1
116.64,3,732.8,0,8,6.94,0,0.375,1,0
229.52,0,159.9,1,19,8.71,0,0.776,0,1
99.37,1,286.7,1,23,27.03,0,0.43,1,0
190.04,3,269.9,0,3,28.43,0,0.11,1,0
64.43,4,655.3,0,6,51.43,0,0.205,0,0
80.53,1,301.4,1,22,30.32,0,0.076,1,0
377.51,2,250.1,0,5,171.41,0,0.749,1,1
11.54,4,1290.7,0,8,18.0,1,0.115,0,0
19.88,3,142.6,0,21,31.36,0,0.245,1,0
78.54,2,185.0,0,16,1.64,1,0.165,0,0
80.02,5,174.5,0,21,98.66,0,0.216,1,0
76.35,2,452.1,0,8,59.91,0,0.508,1,0
111.74,2,1845.1,0,13,18.39,0,0.609,0,0
39.37,3,3783.1,0,13,21.83,1,0.142,0,0
118.58,8,1149.3,0,17,72.76,0,0.0,1,0
163.56,2,568.0,1,15,15.18,1,0.251,0,0
21.77,2,687.5,0,4,53.01,0,0.656,1,0
73.08,6,2155.3,0,14,33.55,1,0.261,0,0
102.41,3,83.3,0,21,19.09,0,0.379,1,0
123.2,4,71.3,0,18,44.61,1,0.162,0,0
25.55,5,836.3,0,21,34.35,0,0.503,1,0
0.25,1,643.1,0,3,35.76,0,0.392,0,0
163.88,4,482.4,0,8,33.53,2,0.176,0,0
122.48,1,1865.4,0,17,57.45,0,0.578,0,0
6.27,3,2404.6,0,1,61.48,0,0.25,0,0
71.95,5,622.7,0,14,67.63,0,0.108,0,0
44.87,5,516.7,0,4,34.57,0,0.158,1,0
63.67,1,82.3,0,4,70.7,0,0.232,0,0
88.5,6,602.5,0,4,10.19,0,0.116,1,0
133.6,3,197.3,0,4,72.63,0,0.349,0,0
29.53,3,282.8,0,13,104.66,0,0.168,0,0
54.13,4,832.0,0,22,24.56,0,0.336,1,0
24.38,5,843.4,0,18,10.39,0,0.205,0,0
4.57,2,386.5,0,22,14.88,1,0.01,0,0
35.47,3,199.6,0,18,9.45,0,0.174,0,0
119.77,0,1814.5,0,8,10.13,0,0.949,0,0
51.05,7,403.2,1,11,15.89,0,0.366,1,0
106.34,6,431.1,0,9,5.58,0,0.402,1,0
38.96,0,91.1,1,0,47.73,0,0.181,1,0
15.64,4,418.1,0,5,61.27,0,0.434,1,0
12.53,8,224.2,0,0,29.09,1,0.472,0,0
42.56,1,691.3,1,19,37.91,0,0.426,0,0
3.97,8,216.0,0,3,7.78,0,0.206,0,0
24.15,4,105.4,0,12,5.96,0,0.13,0,0
111.48,6,599.5,0,18,53.14,0,0.082,0,0
23.69,2,66.7,0,17,80.23,1,0.474,0,0
414.94,1,68.8,0,14,135.59,0,0.556,0,1
12.93,2,2284.9,0,2,5.93,0,0.575,0,0
75.77,6,79.1,0,23,5.64,0,0.436,0,0
11.23,11,890.5,0,8,66.67,0,0.294,0,0
181.87,2,724.1,0,8,63.35,0,0.213,1,0
21.59,3,155.8,0,7,57.13,1,0.699,1,0
57.39,2,74.1,1,21,23.98,0,0.363,1,0
147.68,2,38.1,0,6,29.14,0,0.337,0,0
49.26,1,67.3,1,6,147.88,2,0.112,1,1
74.24,1,299.2,0,4,255.21,3,0.342,1,1
116.89,1,857.1,1,3,64.47,0,0.082,1,0
110.38,4,991.0,0,1,25.44,0,0.62,0,0
31.68,3,215.2,0,19,12.34,0,0.771,0,0
82.51,1,651.1,0,22,15.71,0,0.495,0,0
70.15,2,125.4,0,10,24.91,1,0.3,0,0
71.99,6,239.4,0,15,114.48,0,0.366,1,0
77.28,4,1567.7,0,10,19.98,0,0.667,0,0
128.5,4,452.4,0,20,3.8,0,0.148,0,0
22.32,4,49.9,0,7,6.95,0,0.15,1,0
166.85,7,719.5,0,13,28.47,0,0.294,0,0
43.39,3,667.5,0,13,4.89,0,0.322,1,0
36.1,4,1217.5,0,14,14.64,0,0.219,0,0
12.5,4,408.9,1,9,76.28,0,0.206,0,1
47.75,1,1700.3,1,6,64.32,0,0.693,0,0
35.09,1,505.1,0,18,37.73,0,0.199,0,0
71.01,3,333.8,1,13,36.51,0,0.503,0,0
146.44,3,1159.4,0,7,13.5,0,0.104,0,0
50.51,4,47.4,0,15,27.48,0,0.493,0,0
67.2,2,1049.2,0,3,38.38,1,0.724,0,0
117.62,2,1015.5,0,14,35.37,0,0.625,0,0
64.61,4,2505.8,0,10,46.19,0,0.26,1,0
34.63,3,38.5,0,21,27.39,1,0.714,1,0
80.7,3,435.7,0,22,34.28,0,0.12,1,0
47.67,7,644.9,0,16,8.75,0,0.301,0,0
92.91,3,965.8,0,11,33.63,0,0.427,0,0
18.73,5,89.4,0,15,28.05,0,0.195,1,0
80.37,2,337.1,0,18,7.4,0,0.072,0,0
90.09,4,764.3,0,10,4.54,0,0.341,0,0
9.49,6,257.4,0,4,11.41,0,0.52,0,0
74.74,2,13.0,0,18,2.76,0,0.516,1,0
78.05,4,124.2,0,21,38.71,0,0.0,0,0
35.9,2,1269.8,0,8,12.96,0,0.545,1,0
63.91,1,67.8,0,7,39.73,0,0.198,1,0
14.09,5,984.3,0,19,79.9,0,0.053,0,0
123.34,6,449.2,0,6,20.64,0,0.575,0,0
2.6,6,142.5,0,9,26.62,0,0.234,1,0
53.47,0,266.6,1,18,9.0,1,0.259,0,0
59.9,8,1885.5,0,0,21.77,0,0.335,0,0
123.95,2,991.8,0,22,2.32,1,0.019,0,0
176.93,1,225.2,1,13,223.41,1,0.543,0,1
154.39,5,733.4,0,18,39.77,0,0.08,0,0
512.79,5,12.0,1,10,97.49,0,0.923,1,1
78.48,2,1552.8,0,20,21.77,0,0.166,1,0
127.24,2,2043.2,0,17,24.73,0,0.15,0,0
192.05,3,239.5,0,4,29.12,0,0.224,1,0
100.5,4,713.6,0,17,47.98,2,0.113,0,0
18.07,6,1550.1,0,20,15.1,0,0.439,0,0
66.22,2,359.2,0,11,14.36,2,0.376,1,0
59.08,2,443.8,0,11,64.85,0,0.248,1,0
137.54,6,672.6,0,21,68.37,0,0.6,0,0
350.38,4,59.8,1,11,116.28,2,0.125,1,1
134.57,4,680.3,0,17,49.93,0,0.759,0,0
61.7,3,145.0,0,16,13.86,0,0.182,1,0
119.0,2,75.1,0,5,0.62,0,0.432,0,0
3.88,6,646.4,0,9,5.72,1,0.439,0,0
24.42,3,38.0,0,17,17.3,0,0.353,0,0
39.59,5,20.8,0,23,3.2,1,0.402,1,0
83.2,0,74.4,1,8,16.31,0,0.0,0,0
119.67,3,690.7,0,6,48.4,2,0.082,0,0
61.74,2,344.7,0,12,0.7,0,0.48,0,0
72.61,5,498.5,1,22,45.61,1,0.0,1,0
79.57,3,167.0,0,20,42.61,0,0.835,1,0
31.91,3,197.0,0,9,29.44,0,0.41,0,0
74.81,4,52.9,0,22,29.66,0,0.012,0,0
33.6,3,823.9,0,7,92.97,0,0.247,0,0
133.79,5,1689.4,0,15,13.02,2,0.392,1,0
34.57,3,394.6,0,23,22.41,0,0.311,0,0
157.74,4,160.7,0,3,3.75,0,0.564,0,0
94.4,7,38.6,0,23,1.05,0,0.078,0,0
35.08,6,2297.3,0,14,32.19,0,0.701,0,0
56.93,5,2324.2,0,12,46.85,0,0.395,0,0
70.92,4,170.0,0,8,11.49,0,0.083,0,0
82.48,4,431.1,0,23,15.19,0,0.191,1,0
70.23,1,1031.8,0,16,230.24,1,0.553,1,1
36.29,1,809.2,0,3,89.33,0,0.136,0,0
51.28,3,422.9,0,21,64.96,0,0.203,1,0
90.42,6,295.5,0,4,14.74,0,0.216,0,0
159.56,4,208.0,0,2,23.32,0,0.299,1,0
123.56,7,12.2,0,13,35.28,0,0.354,1,0
121.67,6,690.4,0,10,19.02,1,0.656,1,0
11.53,2,1026.8,0,3,10.04,1,0.127,1,0
104.22,5,1510.3,0,17,22.19,1,0.165,1,0
34.9,4,2094.4,0,5,41.83,0,0.346,0,0
18.39,5,644.3,0,5,40.5,0,0.14,1,0
118.6,0,618.4,1,4,46.95,0,0.677,1,0
17.02,1,229.4,0,1,35.63,1,0.526,1,0
56.83,7,1612.0,0,10,0.6,0,0.219,1,0
13.74,5,2005.7,0,6,53.46,0,0.211,0,0
36.29,3,340.0,0,12,19.67,0,0.0,1,0
124.12,7,1042.3,0,7,69.89,0,0.0,0,0
115.64,3,63.5,0,9,45.74,0,0.287,1,0
88.13,2,314.6,0,15,28.78,0,0.314,0,0
55.14,3,164.3,0,22,13.95,0,0.131,1,0
39.03,4,114.0,0,15,,0,0.094,1,0
211.73,6,174.5,1,5,166.23,3,0.584,0,1
113.88,5,829.1,0,11,22.24,0,0.305,1,0
228.92,3,53.7,1,0,80.24,0,0.502,0,1
14.86,4,918.9,0,1,39.22,0,0.0,0,0
79.45,4,24.3,1,10,28.97,1,0.774,1,0
71.74,2,118.4,0,20,18.44,0,0.48,0,0
48.02,4,262.1,0,22,25.38,1,0.612,0,0
62.23,3,999.8,0,2,26.62,0,0.657,1,0
23.87,2,783.3,0,22,18.9,0,0.494,0,0
9.7,4,735.7,0,14,32.01,0,0.826,0,0
80.42,1,123.3,0,4,21.78,2,0.542,1,0
57.15,5,114.8,0,19,23.58,0,0.582,1,0
96.42,5,734.9,0,1,62.08,0,0.0,0,0
43.94,2,389.1,0,3,30.48,0,0.391,1,0
89.14,1,541.1,0,19,32.53,0,0.0,0,0
242.37,2,61.6,1,21,154.82,2,0.619,1,1
10.33,3,257.5,0,2,60.98,0,0.326,1,0
476.09,1,839.2,0,23,222.09,2,0.457,0,1
141.13,4,858.8,1,2,6.73,1,0.0,0,0
33.84,9,65.6,1,5,45.63,1,0.142,0,0
397.39,5,205.9,0,17,183.42,1,0.457,0,1
181.22,2,348.4,0,13,27.44,0,0.427,1,0
50.74,3,212.1,0,17,20.24,0,0.142,1,0
124.19,1,1194.6,0,21,152.71,0,0.511,1,1
128.36,3,1713.6,0,23,44.78,1,0.195,1,0
93.08,4,536.8,0,4,10.91,0,0.306,0,0
21.93,4,1116.9,0,16,17.18,0,0.35,0,0
15.7,3,132.2,0,2,69.84,1,0.512,1,0
72.02,2,462.4,0,3,16.52,0,0.361,1,0
169.23,3,2097.3,1,10,46.64,0,0.175,0,0
139.75,4,39.0,0,11,13.57,1,0.438,1,0
117.3,7,48.1,0,20,21.16,0,0.386,0,0
111.98,8,41.0,1,14,5.21,0,0.583,0,0
28.67,4,439.2,0,13,63.48,0,0.661,0,0
151.33,3,688.6,0,2,60.64,1,0.286,0,0
116.17,2,34.9,0,12,3.18,0,0.759,0,0
88.93,7,856.8,0,6,33.36,0,0.409,1,0
5.01,4,243.6,0,2,15.26,0,0.47,0,0
33.24,5,1467.5,0,4,22.49,0,0.654,0,0
33.67,3,108.1,0,14,7.09,1,0.591,1,0
64.07,3,934.8,0,18,63.74,1,0.134,0,0
49.76,2,716.5,0,20,19.14,0,0.123,1,0
83.94,5,615.5,0,3,21.16,1,0.424,1,0
9.08,2,66.9,1,18,227.09,0,0.598,1,1
151.3,3,2503.9,0,10,66.19,0,0.575,1,0
330.1,1,1035.4,0,4,53.96,2,0.185,1,1
76.87,3,1526.8,0,17,56.23,0,0.0,1,0
2.13,5,1091.4,0,17,67.49,0,0.648,0,0
20.17,1,1431.9,0,13,32.15,0,0.223,0,0
23.14,2,623.9,0,22,166.75,1,0.098,1,1
121.52,1,305.7,0,20,10.04,0,0.309,0,0
119.45,4,1151.0,0,0,9.81,0,0.0,0,0
59.64,2,1736.6,0,18,7.64,0,0.049,0,0
38.99,3,269.8,0,16,14.84,0,0.09,0,0
113.15,2,108.0,0,18,32.89,0,0.123,1,0
27.36,4,863.7,0,4,21.83,0,0.194,0,0
71.67,0,600.8,0,10,90.21,0,0.45,1,0
132.46,3,2026.4,0,20,10.61,0,0.0,1,0
30.85,4,271.6,0,22,36.06,0,0.352,1,0
63.88,4,169.2,0,23,39.42,0,0.394,1,0
63.8,4,209.2,0,22,30.08,0,0.381,1,0
1.42,9,1216.2,0,5,57.56,0,0.328,0,0
103.96,2,1273.6,0,10,40.13,0,0.215,1,0
305.93,6,41.6,0,22,225.37,3,0.742,0,1
71.22,3,1279.2,1,2,74.52,0,0.429,0,0
76.14,4,1500.8,0,17,52.66,1,0.069,1,0
19.93,1,377.7,0,17,18.78,1,0.35,0,0
14.87,6,372.2,0,11,14.17,0,0.085,1,0
87.45,4,343.1,0,1,100.17,0,0.075,1,0
84.11,5,346.2,0,16,2.72,0,0.429,0,0
56.68,6,1260.0,0,23,1.06,0,0.037,0,0
72.34,4,657.1,0,0,13.1,1,0.87,1,0
3.92,2,1394.7,0,14,22.72,0,0.319,1,0
11.46,0,1662.1,0,5,85.42,0,0.085,0,0
106.33,3,1278.1,0,13,1.12,0,0.368,0,0
38.48,8,420.7,0,17,39.47,0,0.686,0,0
18.78,1,132.5,0,13,28.09,2,0.314,0,1
57.54,0,163.9,0,0,4.68,1,0.545,1,0
334.15,2,335.0,0,0,47.32,0,0.235,0,1
237.27,3,165.2,0,1,247.2,1,0.863,1,1
4.7,3,388.1,0,6,49.07,0,0.01,1,0
127.97,6,4406.5,0,15,42.36,0,0.465,0,0
154.43,4,389.8,0,5,55.08,1,0.178,0,0
124.96,4,262.3,0,3,11.36,1,0.6,1,0
164.19,8,498.5,0,9,4.49,0,0.379,0,0
77.17,4,21.3,0,9,45.34,1,0.054,0,0
145.75,4,692.5,0,0,29.58,0,0.418,0,0
165.86,7,470.0,1,16,61.46,0,0.639,0,0
19.87,4,22.7,0,13,50.03,1,0.125,1,0
152.46,2,283.0,0,7,1.06,1,0.194,0,0
96.35,2,246.7,0,16,26.49,1,0.187,0,0
76.33,3,485.7,0,2,17.01,0,0.334,1,0
70.5,3,743.2,1,5,3.02,0,0.138,1,0
47.8,3,1401.4,1,14,8.28,1,0.69,1,0
42.9,2,86.0,0,11,26.97,2,0.583,1,0
23.27,5,239.8,0,0,46.12,0,0.051,0,0
56.05,7,65.4,1,10,41.17,1,0.279,0,0
4.12,4,739.5,0,15,7.88,1,0.372,0,0
69.35,8,511.8,0,21,48.36,0,0.367,0,0
102.36,3,254.8,0,23,0.51,0,0.134,0,0
173.38,3,404.8,0,21,4.65,0,0.221,0,0
6.4,4,254.8,0,1,32.7,0,0.245,0,0
55.67,1,824.1,0,17,9.53,1,0.579,1,0
138.55,6,203.9,0,4,11.6,0,0.295,1,0
10.91,3,309.2,0,3,15.93,0,0.311,1,0
54.64,5,47.2,0,14,0.45,1,0.479,0,0
166.92,2,2315.9,1,3,42.92,2,0.204,1,0
62.87,3,131.7,0,16,13.95,0,0.119,0,0
44.4,3,1229.0,0,21,12.85,0,0.121,0,0
78.23,1,151.3,1,19,60.32,1,0.595,1,0
48.2,4,1742.3,0,4,81.13,0,0.212,0,0
33.03,2,176.0,0,18,43.91,0,0.341,0,0
44.47,1,1468.8,0,20,7.48,0,0.373,0,0
112.53,4,543.8,0,13,50.21,0,0.347,0,0
125.02,3,2056.4,0,12,45.31,0,0.511,1,0
108.35,5,57.1,0,13,6.2,0,0.426,0,0
85.33,3,1361.1,0,15,33.36,0,0.0,0,0
39.03,7,626.7,0,1,21.56,0,0.268,1,0
84.09,5,213.4,0,17,3.11,0,0.59,0,0
57.09,4,208.5,0,5,21.98,1,0.414,0,0
49.0,2,425.6,0,19,21.44,0,0.349,0,0
16.74,4,15.0,0,12,50.45,0,0.158,0,0
49.49,3,35.2,1,15,14.26,0,0.009,1,0
34.67,3,838.1,0,0,4.8,1,0.0,0,0
116.35,5,879.7,0,12,11.05,0,0.28,0,0
12.15,5,1542.7,0,6,5.38,0,0.401,0,0
18.33,1,880.5,0,17,15.78,0,0.0,1,0
85.6,5,1092.4,0,23,57.71,0,0.189,1,0
38.45,7,136.4,0,11,18.63,0,0.213,1,0
75.0,5,280.5,0,18,12.16,1,0.303,0,0
6.12,1,183.3,0,6,5.24,0,0.356,0,0
109.39,5,151.3,0,23,4.95,0,0.407,0,0
76.67,4,205.3,0,9,53.58,2,0.184,1,0
141.98,2,86.1,0,9,13.36,0,0.466,0,0
20.2,1,57.4,0,11,27.73,0,0.044,1,0
58.98,1,92.0,0,11,35.43,0,0.133,0,0
58.97,5,1694.8,0,7,32.21,0,0.27,1,0
124.77,4,2.6,0,7,21.8,0,0.101,0,0
82.12,2,413.4,0,1,7.26,0,0.312,0,0
116.97,2,42.8,0,0,18.01,0,0.308,0,0
34.67,4,294.7,0,7,32.85,0,0.545,0,0
75.74,2,864.9,0,15,40.1,0,0.423,0,0
154.26,4,179.5,0,23,25.77,0,0.295,0,0
158.99,6,118.0,0,15,45.84,0,0.519,0,0
138.21,3,71.5,0,12,1.78,0,0.439,1,0
133.8,3,512.6,0,14,61.19,0,0.358,0,0
107.97,5,323.7,1,19,41.42,0,0.584,1,0
105.41,5,262.1,0,22,206.67,0,0.633,1,1
107.3,4,232.8,0,10,33.66,1,0.096,0,0
55.79,3,1042.7,0,10,9.34,0,0.441,0,0
6.26,4,89.8,0,6,55.06,0,0.319,0,0
158.62,2,36.8,0,9,6.75,0,0.293,0,0
94.97,6,434.6,0,16,34.1,0,0.659,1,0
84.52,2,345.1,0,19,277.79,0,0.693,1,1
5.17,4,194.8,0,1,12.36,0,0.135,0,0
53.94,1,1449.7,0,7,10.25,0,0.13,0,0
128.94,3,697.8,0,19,12.39,3,0.538,1,0
13.94,1,874.3,0,7,9.18,0,0.102,0,0
51.2,3,1527.1,0,7,11.46,0,0.324,1,0
24.64,3,689.3,0,21,27.11,0,0.142,0,0
4.06,6,90.2,0,8,5.88,1,0.513,0,0
153.55,1,117.6,0,19,62.39,0,0.456,1,0
68.93,5,2754.4,1,14,20.33,0,0.104,1,0
51.03,4,794.1,0,4,58.01,0,0.23,1,0
71.92,2,609.1,0,14,12.54,1,0.229,1,0
35.55,2,91.5,0,1,49.96,1,0.007,0,0
14.97,3,179.1,0,1,87.6,0,0.541,1,0
72.08,0,75.1,1,4,65.61,1,0.172,0,0
72.05,6,799.3,0,22,5.59,0,0.276,0,0
8.35,0,1153.1,0,23,24.4,0,0.0,0,0
79.19,5,915.4,0,13,55.59,0,0.606,1,0
65.75,3,2801.8,0,11,9.56,0,0.383,0,0
39.25,3,735.5,0,19,19.04,1,0.036,0,0
159.53,6,982.9,0,13,20.26,1,0.385,1,0
49.51,2,94.9,0,22,77.5,0,0.067,1,0
59.47,5,894.6,0,2,8.63,0,0.143,0,0
15.44,1,283.2,0,3,83.63,0,0.013,0,0
74.26,6,1664.6,0,17,,0,0.0,1,0
68.15,4,657.3,0,5,23.07,0,0.204,0,0
80.31,2,1130.1,1,1,18.24,0,0.211,0,0
39.37,5,883.9,0,12,,0,0.846,0,0
103.02,2,1569.2,1,10,41.6,0,0.245,1,0
99.64,8,131.0,0,15,35.55,0,0.0,0,0
7.25,2,23.6,1,19,45.94,0,0.565,0,0
119.34,3,187.8,0,5,1.61,0,0.0,0,0
165.2,4,607.1,0,2,15.13,0,0.335,0,0
69.91,4,51.1,0,21,37.86,0,0.388,1,0
21.9,3,558.7,1,6,2.96,0,0.563,0,0
39.88,5,95.8,0,11,4.97,0,0.567,0,0
4.64,3,1213.1,0,18,11.33,0,0.255,0,0
357.89,2,26.2,0,1,15.94,1,0.567,1,1
64.46,2,930.5,0,21,27.21,0,0.558,1,0
270.33,3,200.3,0,13,30.08,0,0.473,0,0
35.11,3,700.9,1,15,74.15,0,0.909,1,0
158.21,5,1780.1,0,2,19.0,0,0.291,1,0
16.68,3,827.2,0,14,37.39,0,0.073,1,0
54.1,2,1779.0,0,7,115.08,0,0.352,1,0
198.69,2,868.5,1,13,179.26,0,0.349,0,1
24.96,4,571.4,0,16,47.36,0,0.653,0,0
86.35,2,986.4,0,14,66.03,1,0.177,0,0
27.28,5,954.5,0,13,67.38,0,0.109,1,0
107.13,2,616.3,0,0,82.13,0,0.0,0,0
37.64,3,783.7,0,13,78.4,0,0.018,0,0
43.38,4,413.1,0,17,34.52,0,0.276,0,0
114.33,6,1444.8,0,16,2.78,0,0.09,0,0
4.54,2,1246.2,1,18,32.89,0,0.018,0,0
40.03,3,883.3,0,15,87.09,0,0.0,0,0
35.71,3,58.4,1,10,9.38,0,0.672,0,0
340.89,2,8.7,0,8,102.14,0,0.271,0,1
50.33,5,644.5,0,19,46.91,0,0.407,0,0
84.38,2,1206.4,0,23,2.96,0,0.582,0,0
164.87,6,273.5,0,0,25.32,0,0.459,0,0
60.44,7,205.3,0,7,33.84,1,0.0,0,0
85.87,6,1337.8,0,14,34.05,0,0.024,0,0
321.74,2,265.9,1,11,58.77,0,0.64,0,1
0.34,5,726.3,1,19,50.98,0,0.0,0,0
144.0,6,315.9,0,17,103.94,0,0.008,1,0
9.59,3,556.7,0,0,45.98,1,0.617,0,0
70.92,3,2951.4,0,19,25.63,1,0.0,1,0
42.42,3,299.5,0,15,118.55,0,0.082,0,0
62.2,6,1722.9,0,13,16.63,0,0.0,0,0
60.93,5,380.8,0,6,49.88,0,0.517,0,0
182.49,1,419.5,0,3,59.67,0,0.258,1,0
147.27,5,841.8,0,10,4.03,0,0.594,1,0
8.51,1,1114.1,0,5,40.09,1,0.0,0,0
145.04,8,467.4,0,3,47.09,0,0.3,0,0
43.87,3,160.0,0,15,407.5,0,0.503,1,1
57.52,0,496.1,0,16,72.57,1,0.479,0,0
10.51,3,237.9,0,2,21.01,1,0.254,1,0
38.67,5,1654.1,0,6,8.17,1,0.58,0,0
76.0,6,212.4,0,16,34.14,1,0.385,0,0
201.87,7,621.3,0,16,1.46,0,0.406,0,0
35.95,3,324.3,0,6,22.9,0,0.192,0,0
61.63,2,1028.0,0,3,46.54,0,0.0,1,0
64.58,5,1063.9,1,18,,0,0.148,0,0
123.03,2,519.3,0,23,,0,0.275,1,0
135.67,4,1238.8,0,19,,0,0.578,0,0
133.88,3,2267.4,0,9,35.08,0,0.581,1,0
9.21,1,2048.3,0,8,50.39,0,0.228,1,0
134.65,5,388.7,0,15,66.28,1,0.0,1,0
122.84,4,220.7,0,23,18.03,0,0.049,0,0
181.43,1,131.7,0,20,4.26,0,0.773,1,0
33.79,5,2088.1,0,3,9.16,0,0.282,1,0
111.41,2,506.5,0,5,42.52,0,0.267,0,0
119.84,2,488.1,0,13,29.65,0,0.605,0,0
4.94,4,196.8,0,18,45.67,0,0.43,1,0
147.03,1,1631.9,0,11,82.25,0,0.345,1,0
44.37,5,239.0,0,9,5.01,0,0.854,1,0
305.08,3,115.5,0,21,17.56,2,0.658,0,1
20.54,5,198.5,0,12,64.14,0,0.214,0,0
31.19,2,237.5,0,0,28.08,0,0.325,0,0
101.77,3,1031.2,1,0,42.5,0,0.086,0,0
59.36,4,396.7,0,16,23.65,1,0.311,0,0
57.64,3,3171.6,0,23,9.32,0,0.282,0,0
3.29,2,447.6,1,9,79.35,0,0.062,0,0
55.65,2,1149.4,0,10,9.82,0,0.0,0,0
18.76,4,366.5,0,0,61.24,0,0.588,1,0
33.56,2,1482.9,0,21,9.96,1,0.0,1,0
128.03,5,124.5,0,16,2.39,0,0.797,1,0
124.87,4,147.1,0,16,37.38,0,0.465,0,0
56.43,7,611.3,0,13,20.16,0,0.552,0,0
51.35,2,243.0,0,11,47.33,0,0.427,0,0
130.4,7,442.1,0,0,39.72,1,0.155,0,0
119.25,11,468.0,0,16,53.21,0,0.22,1,0
118.52,4,740.1,0,13,15.88,0,0.032,0,0
144.51,2,836.0,0,12,16.54,1,0.478,1,0
121.36,2,259.8,0,18,1.93,0,0.291,1,0
77.48,3,1153.1,0,22,40.16,0,0.536,0,0
141.38,3,732.7,0,8,6.6,1,0.156,0,0
51.15,5,412.7,1,9,13.11,0,0.683,0,0
198.04,6,531.7,0,18,23.82,0,0.092,1,0
77.62,5,1243.6,0,11,26.46,1,0.152,1,0
138.96,3,524.1,1,22,79.71,0,0.502,0,0
34.57,5,47.0,0,0,19.19,0,0.521,0,0
101.15,2,99.4,0,17,17.57,0,0.329,0,0
70.45,2,172.9,0,22,21.39,0,0.481,0,0
65.33,4,99.7,0,10,50.42,0,0.223,1,0
46.06,2,39.2,0,19,37.4,1,0.507,1,0
74.57,9,72.7,0,9,20.6,0,0.266,1,0
52.6,4,492.4,1,1,9.65,0,0.197,0,0
210.39,5,0.9,0,9,35.63,0,0.321,1,0
31.97,3,411.1,0,9,45.93,0,0.116,1,0
50.11,4,1987.7,0,6,51.6,0,0.902,0,0
29.9,3,205.3,0,19,6.36,0,0.288,1,0
82.91,3,1657.6,0,21,51.57,1,0.17,0,0
62.29,4,1435.8,0,20,2.03,0,0.0,0,0
50.37,3,529.1,0,9,41.48,0,0.193,1,0
578.59,2,96.6,0,5,117.92,0,0.439,1,1
189.88,5,172.5,0,6,32.31,0,0.226,1,0
53.5,2,699.5,0,22,31.41,0,0.229,0,0
33.81,4,189.9,0,17,137.83,0,0.535,1,1
111.59,4,1591.7,0,10,5.16,0,0.362,1,0
82.57,3,242.0,0,15,47.86,0,0.0,1,0
63.94,2,1721.8,0,21,26.68,0,0.0,0,0
125.65,6,327.0,0,4,11.55,0,0.457,1,0
137.02,6,501.3,0,20,8.27,0,0.565,0,0
182.08,5,1444.0,0,5,0.06,0,0.021,1,0
15.02,2,162.0,1,16,21.07,0,0.506,1,0
98.01,2,422.2,0,18,11.24,0,0.165,0,0
116.78,4,481.1,1,21,28.66,0,0.316,0,0
4.23,6,2734.1,1,6,19.85,1,0.523,1,0
75.37,5,548.7,0,17,36.21,0,0.0,0,0
8.96,5,985.9,0,9,64.54,0,0.798,1,0
37.38,8,821.3,0,8,75.97,1,0.758,0,0
404.51,1,79.2,0,10,277.28,1,0.275,0,1
43.1,4,271.4,1,21,1.27,0,0.372,0,0
45.65,1,801.1,0,9,53.13,1,0.271,1,0
114.17,2,94.4,1,6,6.07,0,0.855,0,1
359.07,3,175.8,1,18,160.79,1,0.978,0,1
17.4,8,418.6,0,20,28.47,0,0.37,0,0
160.17,4,36.9,0,2,12.48,2,0.051,0,0
83.54,3,136.2,1,18,9.96,1,0.313,0,0
186.06,5,472.8,0,11,47.18,0,0.233,1,0
89.73,6,1801.1,0,14,56.24,0,0.241,0,0
25.01,5,710.0,0,9,45.58,0,0.0,0,0
95.16,6,1955.9,0,3,5.1,0,0.648,1,0
200.83,4,595.8,0,11,40.28,0,0.478,1,0
40.94,2,1060.5,0,12,80.75,0,0.382,0,0
146.58,1,2526.2,0,2,67.47,1,0.465,0,0
5.41,3,779.9,0,18,58.6,0,0.228,0,0
52.18,2,108.8,0,21,25.4,0,0.182,0,0
156.43,2,432.4,0,22,94.5,1,0.266,1,1
77.17,4,1.2,0,17,37.85,0,0.626,1,0
45.2,3,5.0,1,18,16.32,0,0.64,1,0
243.07,1,231.5,0,1,212.71,0,0.508,1,1
128.34,2,693.5,0,19,25.71,0,0.297,0,0
92.89,3,136.8,0,6,25.77,0,0.305,0,0
101.91,4,305.4,0,4,62.01,0,0.198,1,0
66.51,0,1848.8,0,0,119.62,0,0.154,0,0
71.8,4,85.1,0,13,16.03,0,0.0,0,0
81.57,3,1304.7,1,9,5.34,0,0.0,0,0
196.21,2,345.9,1,2,11.91,2,0.748,1,1
315.17,3,640.4,0,23,154.17,2,0.207,1,1
43.57,2,42.0,0,1,9.2,1,0.404,1,0
41.41,6,2186.4,0,3,57.89,0,0.012,1,0
208.1,3,75.1,1,5,125.72,0,0.602,1,1
130.45,4,1174.2,1,5,18.07,1,0.295,0,0
92.94,3,702.4,0,17,30.52,1,0.566,0,0
85.64,4,9.2,0,0,91.4,0,0.466,0,0
8.78,4,2394.2,0,9,3.95,0,0.348,1,0
95.78,3,299.2,0,14,16.02,0,0.224,0,0
71.89,3,208.8,0,18,26.0,0,0.286,1,0
22.29,4,26.9,0,19,68.49,4,0.659,0,1
84.97,3,206.5,0,2,27.05,0,0.439,0,0
130.8,4,746.3,0,20,8.17,1,0.178,0,0
152.33,3,380.4,0,23,5.91,0,0.352,0,0
91.58,3,171.0,0,15,14.6,0,0.131,1,0
10.37,9,207.0,0,3,5.0,0,0.28,1,0
581.5,3,212.4,0,10,10.2,1,0.422,1,1
58.18,4,814.8,0,17,53.94,0,0.454,1,0
153.86,2,1258.6,0,4,36.95,0,0.331,0,0
165.22,2,29.2,0,20,207.26,1,0.5,1,1
134.55,2,45.4,0,18,16.36,1,0.192,1,0
18.68,3,960.2,0,15,34.8,0,0.15,1,0
115.74,2,237.7,1,3,41.18,0,0.335,1,0
121.99,4,190.6,1,11,,1,0.68,0,1
61.07,2,49.0,1,9,32.07,1,0.524,1,0
30.13,1,1142.5,0,12,57.18,0,0.351,0,0
76.77,3,867.3,0,6,2.49,0,0.379,0,0
0.01,3,664.7,0,3,2.75,0,0.195,1,0
308.21,3,649.1,0,22,12.26,1,0.391,1,1
38.9,3,543.7,0,22,11.95,1,0.205,0,0
7.23,2,268.1,1,0,0.02,0,0.664,0,0
130.41,1,737.2,0,8,30.58,2,0.356,1,0
6.52,4,3121.4,0,23,5.25,0,0.361,0,0
141.9,4,199.1,0,12,43.13,0,0.413,1,0
1.71,5,583.3,0,8,11.0,1,0.416,0,0
147.17,6,283.4,0,22,198.71,0,0.872,1,1
46.49,2,91.8,0,2,38.35,0,1.0,1,0
26.52,6,691.8,0,13,16.16,0,0.434,1,0
74.26,5,1851.5,0,16,29.92,1,0.237,0,0
313.38,3,45.7,1,21,19.69,0,0.435,1,1
121.7,2,153.3,0,16,47.97,0,0.224,1,0
25.63,4,911.0,0,5,28.43,0,0.819,1,0
86.35,1,124.6,0,10,40.33,1,0.239,1,0
92.39,1,1528.7,1,10,36.03,0,0.563,0,0
86.45,3,729.6,0,11,25.84,0,0.514,0,0
187.34,5,166.7,0,13,19.72,0,0.349,0,0
0.31,2,65.2,1,6,62.5,1,0.681,1,0
68.77,1,298.3,0,13,15.88,1,0.156,1,0
232.03,1,659.5,0,9,,0,0.286,0,0
92.72,7,1.1,0,1,39.19,0,0.086,0,0
31.35,4,3032.9,0,1,58.3,0,0.171,0,0
66.24,3,149.1,0,20,2.17,0,0.105,1,0
172.21,3,176.9,1,13,236.6,0,0.316,1,1
7.29,1,1091.9,1,0,63.99,0,0.277,0,0
94.65,5,107.3,0,13,29.42,0,0.255,0,0
54.91,2,160.3,0,21,4.39,0,0.551,0,0
122.87,2,436.6,1,13,2.18,1,0.128,0,0
15.42,3,192.3,0,8,,0,0.177,1,0
24.38,2,183.3,0,0,46.48,1,0.0,1,0
147.61,5,1050.0,0,5,47.81,0,0.147,1,0
80.85,1,639.9,0,6,67.31,0,0.836,1,0
88.35,3,1007.3,1,18,45.59,0,0.297,1,0
12.6,3,1059.3,0,6,34.59,0,0.0,1,0
41.61,2,561.4,0,0,22.65,0,0.245,1,0
67.18,5,32.1,0,9,18.8,1,0.0,0,0
39.91,4,132.3,0,15,49.36,0,0.109,0,0
40.02,8,1645.5,0,1,41.62,0,0.0,0,0
21.9,3,2361.1,1,21,22.7,0,0.487,1,0
71.52,3,1495.0,0,11,10.05,1,0.659,0,0
194.51,4,352.4,0,3,91.1,1,0.23,0,0
27.67,2,8.8,0,2,16.78,0,0.254,0,0
145.84,4,580.0,0,7,9.0,1,0.0,1,0
154.2,2,1814.7,0,22,23.47,0,0.892,1,0
124.43,4,361.9,0,16,12.95,0,0.192,1,0
39.12,7,281.4,0,14,26.9,0,0.534,1,0
65.06,0,707.2,0,1,60.07,0,0.034,1,0
111.63,1,83.5,0,18,8.48,0,0.1,1,0
26.26,5,425.3,0,10,29.29,0,0.024,1,0
139.32,4,298.8,0,9,11.69,0,0.153,0,0
15.38,4,1307.1,0,12,12.24,0,0.0,0,0
18.08,2,796.0,0,11,36.16,1,0.202,0,0
117.11,5,709.0,0,23,3.15,0,0.17,0,0
163.13,6,1451.4,0,22,7.65,0,0.223,0,0
40.89,4,96.5,0,23,32.63,0,0.102,0,0
62.53,5,439.3,1,14,68.35,0,0.527,0,0
22.43,5,58.7,0,22,0.5,0,0.207,0,0
44.02,3,170.7,1,10,,0,0.0,0,0
44.06,5,1031.0,0,5,102.23,0,0.605,0,0
88.37,4,288.4,0,3,60.56,0,0.589,1,0
109.06,4,425.7,0,21,16.03,0,0.68,1,0
22.22,2,134.7,0,12,42.98,0,0.191,1,0
59.03,7,372.3,0,1,57.72,0,0.532,0,0
6.24,5,2137.4,0,7,33.2,0,0.108,0,0
28.35,0,287.8,0,16,65.85,1,0.703,0,0
116.02,0,253.0,1,21,90.19,1,0.64,1,1
39.19,2,252.7,0,21,42.85,0,0.36,1,0
38.41,3,514.7,0,10,16.16,0,0.125,0,0
16.82,5,516.5,0,6,28.72,1,0.42,0,0
45.65,4,251.0,0,20,46.32,0,0.1,0,0
77.64,5,215.0,0,19,12.62,0,0.639,0,0
5.34,2,551.2,0,20,22.76,1,0.579,0,0
12.47,3,1259.1,1,15,19.65,0,0.181,0,0
93.7,2,608.6,0,11,2.6,0,0.11,0,0
120.61,5,103.2,0,21,14.9,1,0.363,0,0
61.73,1,642.6,0,0,59.06,0,0.219,1,0
59.15,2,483.3,0,23,22.68,0,0.416,0,0
13.48,7,658.0,0,17,1.47,0,0.0,0,0
90.36,4,1319.5,1,2,62.63,0,0.319,0,0
196.22,5,173.8,0,12,23.8,1,0.591,0,0
118.03,4,424.3,0,20,28.04,0,0.219,1,0
39.53,2,612.1,0,11,10.91,0,0.082,0,0
97.4,5,2185.8,0,11,89.55,0,0.074,1,0
41.84,5,38.3,0,18,3.09,0,0.262,1,0
55.2,2,175.9,1,7,18.82,1,0.0,1,0
73.33,4,1038.2,0,18,2.13,0,0.0,1,0
342.63,3,210.1,0,0,39.36,1,0.682,0,1
115.27,2,1148.6,0,9,49.36,1,0.43,0,0
48.45,10,87.6,0,7,29.75,0,0.241,0,0
26.95,2,635.8,0,11,3.19,0,0.381,0,0
37.48,7,666.8,0,20,90.52,0,0.747,1,0
36.67,1,525.0,0,3,66.83,0,0.368,0,0
83.98,3,1521.1,0,1,7.62,1,0.158,0,0
65.49,6,30.9,1,12,10.89,0,0.125,1,0
56.97,4,912.8,1,18,29.87,1,0.356,0,0
171.55,4,146.3,0,2,18.27,0,0.629,0,0
65.78,7,2766.5,0,8,55.56,0,0.652,0,0
66.91,4,209.6,0,15,76.71,0,0.186,0,0
150.72,2,908.0,0,11,23.72,0,0.237,0,0
48.09,2,172.0,0,11,2.95,0,0.34,0,0
140.62,4,1018.4,0,13,1.54,0,0.419,1,0
87.25,4,531.5,0,14,9.94,1,0.202,0,0
69.96,3,108.1,0,8,36.67,0,0.318,0,0
44.76,5,701.4,0,11,52.35,0,0.008,0,0
116.95,6,28.1,0,19,3.47,0,0.174,0,0
30.68,5,72.8,0,19,,0,0.031,1,0
77.76,6,1874.9,0,4,60.71,0,0.094,0,0
73.66,3,1358.9,1,15,55.84,0,0.436,0,0
197.13,7,1219.8,0,4,29.53,0,0.241,0,0
59.63,2,464.3,0,6,0.54,0,0.597,0,0
139.02,5,1501.8,0,5,28.83,1,0.285,0,0
100.85,1,156.7,0,21,7.76,1,0.386,0,1
66.0,1,2471.4,0,18,5.73,0,0.308,1,0
1.29,4,670.6,0,7,16.05,0,0.085,0,0
33.51,3,3425.3,0,10,38.43,0,0.0,0,0
54.88,2,1070.5,0,9,63.74,0,0.0,0,0
123.04,8,1423.3,0,13,49.62,0,0.111,1,0
32.0,1,352.9,0,13,47.46,0,0.319,1,0
110.38,3,1959.0,0,19,1.23,1,0.238,0,0
68.57,3,828.0,1,23,1.91,0,0.011,1,0
159.12,3,165.4,0,20,44.01,0,0.21,0,0
71.62,4,713.0,0,5,49.5,0,0.266,1,0
69.55,3,1624.1,0,20,5.27,0,0.0,1,0
67.74,7,238.8,0,1,91.27,1,0.517,0,0
20.13,6,880.0,0,3,39.89,0,0.401,0,0
38.04,5,72.7,1,10,21.08,0,0.314,1,0
158.01,3,403.9,0,8,43.79,0,0.264,0,0
60.1,1,34.6,0,6,98.15,1,0.083,1,1
4.8,6,49.0,0,21,34.5,0,0.46,1,0
67.43,2,2488.5,0,13,103.15,0,0.133,0,0
105.17,10,4382.8,0,12,8.27,1,0.155,1,0
161.28,6,231.2,0,19,38.75,1,0.168,0,0
17.63,4,2039.8,0,8,6.21,0,0.0,0,0
101.44,2,1240.6,0,4,38.84,0,0.0,1,0
95.61,2,518.3,0,15,22.99,0,0.514,0,0
23.73,3,70.1,0,12,,1,0.18,1,0
55.11,3,771.0,0,9,24.71,0,0.391,0,0
119.74,2,749.9,0,7,3.56,0,0.673,1,0
47.82,4,687.0,0,2,5.32,0,0.0,1,0
3.31,4,3409.5,0,8,31.91,1,0.333,1,0
149.32,4,173.8,1,16,12.39,0,0.5,1,0
118.14,8,728.8,0,12,5.54,1,0.686,0,0
150.7,3,1241.0,0,11,16.7,0,0.351,0,0
77.59,4,14.8,0,7,10.8,0,0.365,1,0
119.07,6,113.7,0,9,74.35,0,0.467,0,0
10.64,4,27.6,0,6,1.84,1,0.211,1,0
27.35,2,379.2,0,22,23.11,0,0.295,0,0
55.3,0,699.8,0,6,78.71,0,0.278,0,0
19.13,3,233.6,0,5,108.06,0,0.067,0,0
102.37,2,1499.3,0,3,19.33,0,0.475,1,0
34.79,5,2121.8,0,12,43.51,0,0.0,0,0
46.64,3,394.3,0,8,234.33,0,0.443,1,1
62.17,7,161.4,0,5,1.09,0,0.231,1,0
122.8,4,568.9,0,8,20.1,1,0.088,0,0
101.92,4,907.9,0,19,25.98,0,0.389,0,0
117.18,3,355.4,1,22,19.94,0,0.361,1,0
54.11,2,69.3,0,6,8.62,1,0.0,1,0
94.39,3,558.2,0,19,30.27,0,0.647,0,0
56.17,3,321.1,0,11,30.43,0,0.307,0,0
165.7,3,368.8,0,0,73.59,0,0.404,1,0
67.6,2,497.4,0,2,2.75,1,0.378,1,0
139.35,5,133.3,0,15,48.38,0,0.179,1,0
64.02,5,435.0,0,15,7.5,0,0.937,0,0
148.69,2,594.5,0,18,7.2,0,0.275,1,0
121.24,1,309.6,1,8,9.42,1,0.179,0,0
468.57,2,31.7,1,11,246.87,2,0.611,1,1
43.94,2,577.4,0,8,14.9,0,0.366,0,0
65.97,4,113.3,0,17,1.13,0,0.513,0,0
30.26,7,64.1,0,16,32.09,1,0.0,0,0
12.61,2,1152.8,0,7,77.6,0,0.142,1,0
9.71,1,422.8,0,15,63.69,0,0.578,0,0
75.6,3,93.3,0,13,14.99,0,0.3,1,0
58.5,4,444.2,0,22,77.94,0,0.178,0,0
171.93,3,293.4,0,5,151.4,0,0.711,0,1
49.07,2,25.6,0,3,15.63,0,0.373,0,0
64.15,4,88.5,0,16,299.47,4,0.421,1,1
172.46,2,328.0,0,2,67.12,0,0.017,1,0
90.64,4,397.5,0,5,18.79,0,0.517,0,0
64.21,5,42.5,0,6,14.77,0,0.227,1,0
248.24,2,2572.3,0,1,7.66,1,0.189,1,0
145.56,2,496.0,1,11,63.14,0,0.608,1,0
35.3,7,273.4,0,8,33.49,0,0.623,0,0
56.57,2,940.3,0,21,11.59,0,0.252,0,0
145.37,0,105.3,1,10,3.15,2,0.953,1,1
136.09,6,285.3,0,17,35.11,0,0.256,0,0
203.67,3,1.7,0,12,157.44,3,0.941,1,1
70.91,5,451.2,0,23,21.91,0,0.222,0,0
19.31,4,1349.1,1,13,40.88,0,0.543,1,0
62.11,4,1375.2,1,4,46.07,1,0.349,1,0
156.23,7,8.2,0,14,63.36,0,0.409,0,0
33.28,8,575.9,0,15,18.22,0,0.558,0,0
141.5,4,1145.6,0,9,23.64,1,0.325,1,0
44.03,3,390.9,1,16,286.21,1,0.59,1,1
150.88,5,267.1,0,4,15.33,0,0.095,1,0
56.16,3,230.7,0,2,43.8,0,0.244,0,0
142.3,7,1626.3,0,17,34.0,0,0.123,1,0
53.59,5,316.3,0,23,9.31,1,0.326,1,0
51.23,3,2808.5,0,5,4.13,0,0.996,0,0
32.63,2,1695.9,0,17,8.37,0,0.162,0,0
181.81,5,1218.4,0,1,51.77,0,0.391,1,0
11.21,4,77.7,0,0,5.65,0,0.625,0,0
292.43,2,4.3,1,2,269.87,1,0.655,1,1
79.26,6,1803.6,0,15,10.3,0,0.357,0,0
142.44,4,1731.3,0,18,77.37,0,0.438,0,0
135.27,3,826.4,1,9,9.98,0,0.409,1,0
68.76,4,730.1,0,0,33.03,0,0.486,1,0
56.73,3,435.4,0,13,29.92,1,0.008,0,0
58.27,2,846.9,0,5,30.22,1,0.031,0,0
235.56,3,221.8,1,5,146.44,2,0.605,1,1
97.01,7,932.6,0,8,44.86,0,0.375,0,0
89.2,3,969.2,0,13,31.76,0,0.15,1,0
29.94,3,69.6,0,9,46.83,0,0.088,0,0
168.64,3,1404.6,0,22,24.92,0,0.298,1,0
51.37,1,39.8,0,1,1.61,0,0.323,0,0
68.32,2,1048.1,0,16,6.33,0,0.439,0,0
78.05,2,289.1,0,18,45.17,0,0.196,1,0
39.45,5,1080.5,0,1,81.55,0,0.344,0,0
104.63,5,191.5,0,3,34.95,0,0.265,0,0
161.89,7,96.1,0,8,5.46,0,0.599,1,0
16.85,4,143.5,0,17,2.41,0,0.748,1,0
106.6,5,479.5,0,4,69.74,0,0.297,0,0
94.51,3,2102.9,0,4,27.66,1,0.319,0,0
99.72,3,4.4,0,6,15.63,1,0.132,0,0
122.51,3,52.7,0,20,41.87,0,0.42,1,0
69.96,1,120.2,0,7,40.29,0,0.426,0,0
193.57,5,841.8,0,10,17.36,1,0.227,0,0
93.5,4,596.0,0,21,19.7,1,0.05,0,0
17.11,5,1536.1,0,12,64.78,2,0.238,1,0
87.03,1,1753.2,0,0,2.82,0,0.424,0,0
40.32,5,1072.0,0,5,29.14,0,0.383,1,0
82.95,2,875.5,1,1,0.36,0,0.391,0,0
108.82,4,15.5,0,6,22.9,2,0.356,0,0
133.59,4,103.1,1,0,62.23,0,0.296,0,1
118.54,3,545.3,0,23,77.31,1,0.539,0,0
60.55,3,88.4,1,23,92.15,0,0.44,1,1
23.09,5,443.7,0,9,8.44,0,0.164,1,0
104.27,5,308.2,0,16,99.31,0,0.401,0,0
23.74,4,723.9,0,22,39.95,1,0.604,1,0
16.86,5,203.6,0,8,29.4,0,0.306,0,0
29.81,0,2233.1,0,16,31.52,0,0.41,0,0
85.01,4,1217.8,0,11,32.4,0,0.317,0,0
9.62,2,199.1,0,6,8.89,0,0.646,1,0
61.57,7,350.2,0,20,12.34,0,0.696,1,0
139.12,1,558.5,0,3,52.76,0,0.26,0,0
57.07,8,901.0,0,13,69.78,0,0.527,0,0
142.43,5,304.6,1,1,21.17,0,0.312,0,0
103.45,2,1758.0,0,21,40.91,0,0.494,0,0
57.64,4,1327.2,0,10,12.5,0,0.032,0,0
120.45,5,1076.7,0,15,14.71,0,0.168,0,0
102.84,4,354.1,1,15,34.58,0,0.124,0,0
101.27,3,182.5,0,23,41.0,1,0.131,1,0
13.3,7,78.9,0,1,,1,0.116,1,0
51.6,3,1006.3,0,0,19.57,0,0.108,0,0
217.17,1,739.2,0,20,29.89,0,0.603,0,0
97.02,1,60.5,0,23,90.47,1,0.424,0,0
37.14,3,425.6,0,9,7.01,0,0.151,0,0
31.13,7,12.8,1,22,12.5,0,0.0,1,0
155.73,6,849.7,0,7,53.0,0,0.309,1,0
23.7,2,100.6,0,16,37.26,0,0.256,0,0
8.4,5,807.5,0,22,25.61,0,0.0,1,0
78.43,4,131.9,1,19,46.81,0,0.433,0,0
25.82,6,82.7,0,5,26.93,0,0.324,0,0
176.32,1,173.1,1,11,77.17,0,0.189,1,0
30.86,5,262.4,0,11,13.96,0,0.0,0,0
198.77,6,477.2,0,17,17.18,0,0.673,1,0
1.67,2,155.4,0,20,18.57,1,0.0,0,0
90.59,3,678.0,0,0,10.59,0,0.454,0,1
77.57,3,99.9,0,2,5.24,0,0.235,1,0
37.81,2,491.7,0,14,14.19,1,0.395,1,0
20.69,6,1585.0,0,1,21.52,0,0.562,0,0
32.82,3,1198.1,0,11,3.78,0,0.541,1,0
105.3,2,168.9,1,19,9.35,0,0.115,0,0
51.03,5,558.9,0,11,20.84,0,0.453,0,0
77.23,0,235.9,1,15,15.9,1,0.179,0,0
17.15,4,255.4,0,12,94.39,0,0.133,1,0
89.44,6,607.8,0,14,43.38,0,0.0,0,0
334.46,2,172.5,0,0,211.26,1,0.65,1,1
14.14,2,60.7,0,7,13.22,1,0.398,0,0
61.87,7,510.6,0,16,40.72,1,0.264,0,0
104.93,5,846.1,0,0,40.22,0,0.18,0,0
67.66,9,1096.5,0,21,31.73,0,0.0,1,0
89.03,5,820.9,0,4,0.67,0,0.684,1,0
359.39,2,402.4,0,18,20.53,0,0.134,0,1
126.2,4,1582.8,0,2,22.25,0,0.635,0,0
23.52,0,109.7,0,2,50.44,0,0.0,0,0
109.16,7,450.6,0,3,28.72,0,0.099,0,0
177.56,4,224.1,0,10,154.1,0,0.397,1,1
126.22,6,309.5,0,1,23.25,0,0.22,0,0
192.39,1,1066.9,0,15,18.69,0,0.47,0,0
42.48,4,184.1,0,0,61.24,1,0.122,1,0
33.12,5,455.6,0,20,54.62,1,0.05,0,0
94.14,1,607.8,0,23,3.57,0,0.727,0,0
48.68,2,235.7,0,23,9.11,0,0.296,0,0
84.84,4,1246.1,0,1,49.34,0,0.146,1,0
65.7,5,658.8,0,13,55.73,0,0.716,0,0
38.0,5,3321.5,0,14,80.34,0,0.596,0,0
34.8,4,57.0,0,0,54.02,0,0.374,1,1
188.47,4,14.8,0,2,72.23,0,0.275,1,0
98.37,1,383.5,0,8,48.58,0,0.546,0,0
207.76,3,33.8,0,12,34.84,0,0.165,0,0
3.33,0,344.7,1,1,14.3,0,0.144,0,0
91.45,6,613.6,0,16,92.32,0,0.439,0,0
106.53,1,206.7,0,3,7.4,1,0.236,1,0
64.19,3,270.3,0,19,74.81,0,0.133,0,0
6.2,6,1219.3,0,5,23.34,0,0.673,1,0
158.37,2,355.7,1,8,47.24,2,0.668,0,0
6.6,1,14.9,0,15,94.19,0,0.309,1,0
11.32,6,1581.9,0,20,13.28,0,0.003,0,0
82.61,2,279.5,0,15,76.48,0,0.519,1,0
106.41,1,303.1,0,14,39.4,0,0.378,0,0
148.61,3,202.3,0,15,77.03,0,0.253,0,0
23.32,3,948.0,0,1,9.47,0,0.229,0,0
94.15,8,932.3,0,11,8.95,1,0.183,1,0
117.18,2,635.6,1,23,53.65,0,0.196,0,0
313.43,3,71.6,1,13,356.83,0,0.538,1,1
97.79,4,466.1,0,5,45.61,0,0.419,0,0
53.53,1,2269.8,0,19,8.69,0,0.156,0,0
81.23,7,608.5,0,19,42.99,0,0.566,0,0
55.05,6,410.9,0,17,34.24,0,0.06,1,0
204.55,1,99.6,0,21,263.8,1,0.625,0,1
68.3,3,705.6,0,3,14.58,1,0.381,0,0
35.54,4,355.3,0,8,46.32,0,0.497,1,0
26.25,7,186.8,0,21,79.37,0,0.274,0,0
28.43,6,1136.7,0,22,21.84,0,0.504,1,0
150.44,5,1138.1,0,20,36.76,0,0.342,0,0
77.81,6,2496.6,1,11,5.4,1,0.433,0,0
162.8,4,51.0,0,6,19.35,0,0.359,0,0
117.76,6,459.5,0,21,18.81,0,0.472,0,0
7.52,2,528.4,0,11,20.87,1,0.512,0,1
89.78,3,1080.1,0,20,22.19,1,0.307,0,0
35.76,7,11.8,0,15,30.19,0,0.363,0,0
124.7,2,531.3,0,21,15.53,0,0.572,1,0
67.91,2,242.7,0,22,13.5,0,0.0,1,0
79.61,3,565.0,0,15,24.86,0,0.487,1,0
50.98,3,184.9,1,4,6.41,0,0.287,1,0
36.93,2,786.7,0,12,6.66,0,0.371,0,0
116.37,4,90.6,0,19,12.38,1,0.274,0,0
46.6,4,269.6,0,17,6.56,0,0.009,1,0
101.77,3,895.1,0,8,10.88,1,0.327,0,0
5.9,3,1035.2,0,14,123.91,0,0.323,0,0
65.01,4,756.6,0,6,41.67,0,0.013,0,0
223.76,1,378.7,1,15,29.37,1,0.634,1,1
42.12,3,1659.2,0,23,67.49,0,0.45,1,0
71.41,4,880.1,0,9,,1,0.285,0,0
30.57,3,1945.4,0,19,9.12,0,0.006,0,0
8.26,4,1270.4,0,2,31.97,0,0.463,0,0
54.89,3,893.7,0,23,66.22,0,0.406,0,0
55.22,0,32.3,0,20,54.23,0,0.122,0,0
148.69,2,58.0,1,15,155.34,3,0.829,1,1
16.26,3,618.7,0,1,0.04,0,0.309,0,0
78.62,5,502.1,0,1,36.34,0,0.296,1,0
12.97,4,286.3,0,17,53.69,2,0.701,0,0
129.19,3,1127.8,0,16,63.18,0,0.04,0,0
55.0,5,2165.7,0,23,54.71,0,0.429,0,0
61.17,4,420.5,0,6,41.24,0,0.536,0,0
56.08,4,276.6,0,14,20.05,1,0.478,0,0
116.49,2,46.3,0,1,63.9,0,0.0,0,0
140.99,6,209.7,0,3,15.08,0,0.0,0,0
58.31,6,298.9,0,23,17.66,0,0.261,0,0
132.68,4,1167.8,1,12,37.97,0,0.27,0,0
1.58,1,357.3,0,9,10.01,0,0.138,1,1
222.36,2,409.2,0,2,193.53,1,0.438,1,1
104.05,5,88.2,0,0,13.2,0,0.414,1,0
22.2,5,932.4,0,12,58.41,0,0.074,0,0
19.71,3,1338.1,0,0,44.92,0,0.723,0,0
109.7,0,460.1,0,16,0.09,0,0.569,1,1
29.21,7,597.3,0,2,,0,0.393,0,0
54.7,4,97.2,0,17,17.33,0,0.327,1,0
55.86,1,99.5,0,1,152.45,2,0.419,0,1
159.84,2,793.5,0,1,47.54,0,0.0,0,0
94.88,2,1899.1,1,13,20.33,0,0.354,1,0
21.23,6,434.9,0,21,75.1,0,0.237,0,0
68.3,1,70.1,0,3,23.34,0,0.172,0,0
103.63,5,40.9,0,14,41.7,0,0.938,0,0
69.52,2,1193.0,0,19,71.31,0,0.265,1,0
167.87,2,179.2,0,10,,0,0.542,0,0
88.89,4,506.1,0,14,19.31,1,0.46,1,0
197.53,6,34.0,0,19,6.18,1,0.493,1,1
66.99,4,100.6,1,7,21.79,1,0.0,1,0
42.12,2,1763.0,1,12,1.21,0,0.622,0,0
83.14,2,1962.2,0,16,5.43,0,0.563,0,0
92.02,4,548.9,0,18,56.52,0,0.122,0,0
4.86,7,956.3,0,0,28.86,0,0.247,0,0
273.24,2,85.0,1,5,73.17,2,0.447,1,1
65.76,4,59.0,0,5,83.66,0,0.188,0,0
137.62,5,395.2,0,23,69.87,0,0.244,1,0
52.41,3,375.7,0,18,57.7,0,0.486,0,0
186.22,5,936.5,0,5,7.57,0,0.747,0,0
107.61,2,510.5,0,7,47.5,0,0.268,0,0
28.35,4,344.2,0,6,91.27,0,0.435,0,0
132.31,3,96.6,0,11,33.48,0,0.289,0,0
33.1,6,66.4,1,16,46.78,0,0.239,1,0
49.57,1,262.5,0,8,24.95,1,0.497,1,0
9.38,2,498.1,0,0,30.67,0,0.329,1,0
138.44,5,1949.4,0,10,18.85,0,0.003,0,0
126.01,7,166.2,0,21,30.67,0,0.127,0,0
43.85,1,1422.2,0,8,55.77,0,0.149,1,0
11.1,1,831.8,0,22,21.57,0,0.332,0,0
237.24,0,259.0,0,13,157.06,0,0.742,0,1
69.26,0,667.6,0,2,26.51,0,0.284,0,0
158.2,0,1117.5,0,20,44.19,0,0.0,0,0
323.63,1,869.5,0,20,1.38,3,0.154,1,0
67.75,4,321.8,0,0,7.39,0,0.0,0,0
95.46,3,55.5,0,10,18.49,0,0.514,1,0
61.66,8,148.2,0,3,61.64,1,0.324,1,0
7.07,5,386.1,0,12,73.63,0,0.455,0,0
82.96,1,922.7,0,7,30.82,0,0.233,1,0
32.42,3,1634.7,0,18,9.88,0,0.6,1,0
167.26,6,391.7,1,23,23.22,0,0.437,0,0
145.32,1,26.3,0,2,192.83,0,0.038,1,1
41.59,8,90.6,0,2,98.47,0,0.321,0,0
194.35,6,99.7,0,1,0.94,1,0.268,1,0
101.98,3,1907.9,0,17,24.28,0,0.0,1,0
143.24,1,1255.6,0,4,20.69,0,0.306,1,0
16.73,7,11.7,0,15,39.37,1,1.0,1,0
34.92,1,112.9,0,22,21.71,1,0.656,0,0
27.87,4,202.1,0,1,32.02,0,0.092,0,0
5.77,1,1542.1,0,21,14.57,0,0.159,1,0
97.11,2,443.7,0,20,49.6,0,0.0,0,0
98.48,4,9.5,0,23,22.95,0,0.239,0,0
38.9,0,473.3,0,13,20.88,0,0.155,0,0
83.62,2,190.8,0,8,22.76,0,0.158,0,0
37.9,4,635.2,0,22,33.62,0,0.179,0,0
116.37,2,125.9,0,6,22.39,0,0.192,1,0
66.12,3,3116.5,0,6,21.74,0,0.635,0,0
201.61,1,1450.2,0,3,64.08,0,0.291,0,0
147.36,1,28.8,0,1,101.99,1,0.837,1,1
143.79,6,32.1,0,9,13.53,0,0.457,0,0
218.2,6,471.9,0,3,28.85,0,0.314,0,0
42.84,3,757.7,1,17,3.28,1,0.501,0,0
24.4,4,1923.3,0,14,15.65,1,0.0,0,0
191.11,4,69.1,0,4,50.3,0,0.853,0,1
13.94,4,53.9,0,19,67.29,1,0.421,0,0
142.28,5,1535.6,0,0,68.47,0,0.798,0,0
71.3,4,491.6,0,10,15.48,0,0.096,0,0
91.41,4,1221.7,0,8,5.23,0,0.023,1,0
66.34,3,279.6,0,0,17.7,0,0.42,0,0
66.2,2,163.7,0,14,72.52,1,0.205,1,0
23.53,4,1803.3,0,6,53.74,0,0.455,0,0
45.41,4,961.8,0,12,29.55,0,0.215,0,0
21.23,3,11.6,0,17,36.2,0,0.466,0,0
106.66,8,733.5,0,7,6.74,1,0.457,1,0
78.49,2,1134.2,0,9,17.52,0,0.25,0,0
43.55,6,1081.0,0,20,24.55,0,0.505,0,0
80.62,3,3.8,1,11,87.66,0,0.349,0,0
1.64,3,711.7,1,18,11.71,0,0.171,1,0
15.11,3,616.9,0,4,66.46,0,0.126,1,0
22.66,1,285.3,0,6,81.1,1,0.183,1,0
19.35,2,611.8,1,8,69.42,0,0.0,1,0
147.7,7,800.2,0,17,35.75,0,0.0,0,0
97.01,0,441.5,0,23,35.01,0,0.752,0,0
53.79,4,1561.0,0,16,8.07,0,0.531,0,0
66.47,3,997.5,0,15,37.97,1,0.454,1,0
67.49,6,203.6,0,22,20.71,0,0.321,0,0
148.84,1,559.3,1,13,71.04,0,0.218,1,0
488.7,3,285.7,0,4,69.04,0,0.911,1,1
33.34,3,752.8,0,3,4.64,1,0.214,0,0
254.99,2,154.8,0,11,37.29,5,0.695,0,1
171.69,2,146.8,0,4,8.55,0,0.061,0,0
22.83,1,102.6,0,0,52.78,0,0.431,1,0
162.9,7,607.5,0,4,13.44,0,0.32,0,0
23.22,5,203.1,0,9,5.62,0,0.051,1,0
59.26,8,219.9,0,3,35.24,0,0.228,1,0
35.28,4,72.4,0,20,31.34,0,0.024,0,0
23.24,5,386.7,0,16,18.22,0,0.555,1,0
159.05,2,595.7,0,15,21.84,0,0.305,1,0
9.31,3,54.2,0,5,15.16,0,0.062,1,0
148.77,4,102.9,0,6,68.99,1,0.49,0,0
69.7,1,270.4,0,23,40.85,0,0.0,1,0
94.47,2,917.8,1,22,14.05,1,0.352,0,0
70.51,7,286.0,0,11,0.8,0,0.323,1,0
84.76,5,262.8,0,0,,0,0.206,0,0
81.62,2,1485.6,0,3,7.01,0,0.295,0,0
90.27,3,1528.9,0,1,34.87,0,0.402,1,0
57.62,0,326.4,0,15,15.84,0,0.366,1,0
113.19,3,200.1,0,20,31.32,0,0.285,0,0
37.0,2,52.6,0,8,35.99,0,0.0,0,0
158.88,4,981.1,0,10,10.82,0,0.461,0,0
36.18,5,415.2,0,19,28.85,0,0.551,1,0
34.0,6,408.3,0,17,61.36,0,0.0,0,0
78.49,2,10.2,1,11,29.43,0,0.169,1,0
39.33,3,6025.4,0,16,57.95,0,0.037,0,0
109.81,5,1343.1,0,5,88.93,0,0.342,1,0
34.42,3,512.8,0,8,15.2,0,0.185,0,0
54.91,8,231.8,0,16,14.19,0,0.134,1,0
206.88,3,298.7,0,18,11.34,0,0.29,1,0
13.33,1,872.5,0,3,74.74,0,0.182,0,0
16.98,3,135.7,0,11,25.46,0,0.203,0,0
77.34,6,389.7,0,8,11.53,0,0.352,1,0
46.83,3,1902.2,0,0,86.83,1,0.235,1,0
138.13,4,1117.5,0,9,13.28,1,0.341,1,0
144.54,2,204.8,0,18,92.27,0,0.168,1,0
70.45,3,377.7,0,17,37.07,0,0.273,0,0
146.43,4,939.4,0,21,37.11,1,0.195,0,0
18.83,4,291.2,0,5,38.34,0,0.038,0,0
186.93,4,1371.3,0,7,8.44,1,0.288,0,0
65.38,3,826.1,0,10,36.87,0,0.534,0,0
33.62,4,931.7,1,0,42.26,1,0.367,0,0
104.39,2,469.3,0,21,17.38,0,0.265,1,0
129.08,4,588.5,0,4,9.98,0,0.358,1,0
106.86,3,592.0,0,8,20.38,0,0.222,1,0
66.16,6,1386.4,0,23,43.56,1,0.339,1,0
140.76,4,1811.1,0,15,,0,0.197,0,0
76.26,2,815.6,0,22,1.04,0,0.139,1,0
37.68,3,30.1,0,14,32.38,0,0.322,0,0
37.28,2,807.4,0,19,93.74,0,0.314,1,0
113.87,7,62.5,0,12,7.2,0,0.0,0,0
79.13,5,226.9,1,15,18.1,1,0.361,1,0
14.7,5,446.4,0,22,36.69,0,0.488,1,0
45.65,5,30.8,0,7,21.22,0,0.125,1,0
213.1,5,491.9,0,20,81.16,1,0.74,1,0
135.33,3,293.6,0,6,55.28,0,0.567,0,0
70.23,3,1136.2,0,13,14.94,0,0.545,0,0
144.83,6,505.5,0,17,0.19,0,0.274,0,0
77.02,2,190.6,0,0,0.62,0,0.445,0,0
89.47,4,424.6,0,12,33.63,1,0.096,1,0
26.29,0,1634.2,0,17,28.92,0,0.075,0,0
26.38,3,340.4,1,23,44.68,2,0.009,0,0
25.51,5,1790.9,0,8,26.35,0,0.162,0,0
66.85,3,40.8,0,8,71.59,0,0.156,0,0
41.72,2,1294.8,0,11,48.66,1,0.56,0,0
72.81,8,2341.7,0,20,16.25,0,0.281,1,0
134.32,3,1481.5,0,7,8.2,0,0.364,0,0
11.03,4,2846.5,0,18,40.44,1,0.144,1,0
95.21,2,925.6,1,7,43.74,0,0.0,0,0
94.89,1,11.1,1,1,51.65,0,0.097,1,0
21.53,5,252.2,0,20,23.3,0,0.342,1,0
102.05,6,1013.2,0,21,76.95,0,0.26,1,0
73.39,2,703.6,0,8,53.64,0,0.083,0,0
100.98,2,342.8,0,14,289.24,0,0.619,1,1
49.82,1,70.2,0,9,11.32,0,0.505,0,0
136.73,3,433.6,0,0,33.59,0,0.243,1,0
76.72,7,82.0,0,7,48.07,0,0.332,1,0
86.61,7,637.2,0,18,55.31,0,0.571,0,0
28.46,1,393.7,0,4,13.73,0,0.48,1,0
35.22,1,638.5,0,5,86.28,0,0.0,1,0
24.4,7,114.2,0,16,11.03,0,0.544,0,0
70.69,3,1205.1,0,20,8.25,1,0.223,1,0
12.07,0,1819.3,0,7,26.94,0,0.398,1,0
402.64,0,484.9,0,0,117.57,3,0.108,1,1
23.38,2,8.0,0,1,20.1,0,0.265,0,0
123.66,3,2415.0,0,11,73.68,0,0.17,0,0
86.08,1,427.8,0,16,18.62,1,0.51,1,0
70.49,4,373.1,0,5,4.56,0,0.288,1,0
46.85,4,6.8,0,19,12.69,0,0.326,0,0
13.55,2,968.8,0,15,27.5,0,0.395,0,0
55.08,1,717.0,0,15,129.74,0,0.533,1,0
81.84,3,1312.1,1,0,41.77,1,0.102,0,0
168.64,6,52.5,0,16,25.85,1,0.516,1,0
92.98,3,507.0,0,9,9.09,0,0.709,0,0
117.29,2,385.7,0,16,32.34,0,0.081,1,0
10.09,4,2005.8,0,14,42.13,0,0.0,0,0
124.68,2,111.4,0,2,35.15,0,0.528,0,0
141.62,3,317.6,0,12,41.24,0,0.03,0,0
229.92,4,18.5,0,0,41.79,2,0.481,0,1
19.08,4,1948.4,0,4,4.33,1,0.396,0,0
158.23,1,2530.7,0,17,14.18,0,0.234,1,0
100.01,3,273.4,0,1,49.85,0,0.285,1,0
243.9,3,106.9,0,17,47.66,1,0.376,1,1
38.03,0,101.3,0,22,28.22,0,0.521,0,0
143.85,4,221.0,0,21,24.76,0,0.202,0,0
54.94,1,533.5,0,19,5.92,0,0.356,1,0
95.14,3,6.0,0,5,42.65,0,0.324,1,0
29.94,4,70.2,0,2,44.6,0,0.529,1,1
103.54,5,2892.7,0,9,1.85,0,0.32,0,0
132.64,8,802.4,0,3,75.91,0,0.493,1,0
32.47,2,2840.4,0,20,32.18,0,0.22,1,0
89.2,3,75.5,0,21,14.0,1,0.122,0,0
54.98,3,76.0,0,20,36.32,0,0.359,1,0
0.22,3,324.6,0,6,6.15,1,0.0,0,0
38.71,1,2091.4,1,5,38.11,0,0.521,1,0
28.24,5,1272.8,0,4,6.15,0,0.143,1,0
5.94,5,279.1,0,19,34.41,1,0.138,1,0
126.53,2,508.5,0,17,36.04,0,0.262,0,0
96.96,5,1.5,0,11,67.99,1,0.14,0,0
248.76,4,74.1,0,5,9.65,0,0.687,1,1
13.25,4,321.2,0,2,27.98,0,0.584,1,0
96.36,4,829.2,0,4,1.41,0,0.392,1,0
231.82,2,161.3,0,21,2.25,0,0.394,1,0
127.84,6,25.3,0,1,13.44,0,0.379,0,0
61.98,2,215.2,0,2,27.38,0,0.343,1,0
54.78,4,890.0,0,13,24.71,0,0.315,1,0
6.26,7,340.6,0,13,6.84,2,0.116,0,0
148.65,1,187.1,1,15,167.47,1,0.712,1,1
63.84,1,1419.7,0,22,15.44,0,0.403,1,0
13.63,1,579.9,0,10,54.08,0,0.072,1,0
49.27,4,368.7,0,12,37.33,0,0.097,0,0
147.97,8,2356.3,0,0,3.13,0,0.472,1,0
230.89,2,140.6,1,1,40.62,0,0.263,0,0
68.06,6,26.4,0,5,27.01,0,0.378,0,0
82.5,3,1039.5,0,5,24.14,0,0.748,1,0
166.79,1,1356.5,1,0,39.87,1,0.712,1,1
9.29,5,81.6,0,10,3.99,1,0.38,0,0
91.43,5,1280.6,0,23,27.35,0,0.028,0,0
36.96,2,250.8,0,6,2.26,0,0.235,0,0
156.93,3,730.9,0,20,78.9,0,0.116,0,0
74.19,6,431.9,0,17,12.29,0,0.024,1,0
95.09,0,1202.7,0,4,18.07,0,0.533,1,0
12.54,3,401.4,0,2,24.44,0,0.0,0,0
75.22,3,101.8,0,2,1.98,0,0.331,0,0
82.82,1,903.8,0,12,39.76,1,0.506,0,0
135.87,5,93.2,0,15,65.91,0,0.387,0,0
32.91,5,244.8,0,23,31.42,0,0.402,0,0
27.64,3,692.8,0,21,27.55,1,0.373,1,0
102.59,3,5.9,0,16,67.19,0,0.732,0,0
18.96,2,101.3,1,6,34.84,0,0.319,1,0
35.63,3,469.7,0,6,19.47,0,0.262,1,0
4.02,1,448.7,1,17,12.28,0,0.437,0,0
12.61,6,1203.0,0,17,25.64,1,0.047,1,0
52.7,10,490.5,0,4,30.39,0,0.681,0,0
116.45,1,900.6,0,22,70.51,1,0.093,1,0
59.5,3,202.8,1,17,12.24,1,0.0,0,0
91.45,2,2.5,0,22,32.43,0,0.58,1,0
173.99,6,1174.4,0,11,45.48,0,0.354,0,0
53.65,4,629.9,0,4,38.55,0,0.529,1,0
38.01,5,679.5,0,1,0.12,1,0.361,0,0
160.18,2,321.9,0,17,13.36,0,0.328,0,0
151.85,4,628.6,0,8,21.46,0,0.369,0,0
121.78,6,183.9,0,13,5.17,0,0.0,0,0
64.29,5,1039.7,0,13,23.05,0,0.357,1,0
111.91,5,262.3,1,11,78.7,0,0.345,0,0
135.8,3,1365.8,0,4,2.43,0,0.413,1,0
259.83,3,415.7,0,0,269.52,0,0.538,1,1
79.97,3,257.7,0,5,109.47,0,0.272,1,0
95.63,5,404.3,0,8,66.1,0,0.261,0,0
104.05,4,490.1,0,11,18.93,0,0.139,0,0
64.08,2,718.9,0,10,16.01,0,0.408,0,0
145.06,2,1388.4,1,16,15.93,0,0.289,1,0
189.05,1,400.3,0,0,222.4,0,0.391,1,1
104.63,3,205.4,0,15,15.49,0,0.468,1,0
202.05,2,289.1,0,3,18.33,0,0.645,1,0
118.0,4,488.0,0,23,0.57,0,0.392,1,0
93.76,2,172.1,1,4,8.74,0,0.257,0,0
75.98,5,1013.1,0,13,49.27,0,0.477,0,0
51.97,5,63.8,1,23,1.41,0,0.335,0,0
85.38,7,470.6,0,10,30.36,0,0.086,1,0
30.99,2,62.0,0,13,4.08,0,0.0,0,0
7.15,5,545.7,0,13,7.17,0,0.059,0,0
446.43,4,268.1,0,6,70.19,1,0.367,1,1
173.18,3,1353.3,0,16,16.74,0,0.238,0,0
84.96,6,221.9,0,4,4.2,0,0.0,0,0
94.55,3,143.6,0,8,,0,0.368,0,0
92.66,6,995.8,0,12,17.43,0,0.236,1,0
105.19,1,1271.8,0,19,66.45,0,0.361,0,0
7.95,2,289.3,0,10,75.94,0,0.62,0,0
75.95,4,1886.0,0,10,73.19,0,0.243,0,0
353.0,3,622.8,1,18,116.15,1,0.421,1,1
143.48,2,39.1,0,22,163.18,0,0.537,1,1
11.86,6,2817.4,1,17,13.51,1,0.195,0,0
105.13,4,1252.1,0,0,8.7,0,0.364,1,0
142.11,4,1828.7,0,5,24.75,0,0.0,1,0
49.45,1,881.6,0,17,2.99,0,0.845,1,0
66.21,3,83.2,0,21,35.63,0,0.856,0,0
23.32,3,1640.5,0,0,49.91,1,0.51,1,0
16.63,1,1247.0,0,0,61.01,0,0.127,0,0
71.62,3,521.8,0,5,44.06,1,0.215,0,0
136.64,5,673.2,0,13,1.07,1,0.631,1,0
109.84,6,51.5,0,13,38.98,0,0.439,0,0
94.58,5,7.8,0,1,21.59,0,0.224,1,0
1.06,3,242.4,0,20,12.12,0,0.523,1,0
57.68,2,112.4,0,4,17.63,0,0.484,1,0
54.76,6,496.9,0,19,48.55,0,0.353,1,0
149.75,2,43.3,0,23,21.34,1,0.603,0,0
124.79,2,1594.4,0,16,44.13,0,0.54,0,0
84.4,5,644.7,0,17,1.88,0,0.334,1,0
174.89,7,257.8,0,15,42.87,0,0.196,0,0
58.8,10,262.7,0,10,53.61,0,0.0,1,0
178.54,5,704.7,0,9,62.14,0,0.123,0,0
64.34,1,1002.9,0,0,36.61,0,0.355,1,0
62.68,4,255.9,0,20,39.82,0,0.63,0,0
155.63,3,401.8,0,14,51.27,0,0.636,0,0
43.88,9,466.7,1,9,38.0,0,0.681,1,0
39.68,5,1005.5,0,6,0.43,0,0.275,0,0
59.5,3,481.7,0,16,52.19,0,0.34,0,0
169.08,6,158.7,0,4,28.47,0,0.294,1,0
24.35,2,1012.0,0,10,74.12,0,0.184,0,0
66.64,4,344.7,0,7,11.81,0,0.455,1,0
34.97,8,222.5,0,9,69.62,0,0.526,0,0
61.49,2,1234.9,0,6,0.33,0,0.308,0,0
22.17,6,351.0,0,13,38.21,0,0.284,1,0
119.23,7,400.4,0,5,44.22,1,0.464,0,0
118.14,4,55.7,1,17,32.77,0,0.112,0,0
21.64,4,1045.9,0,13,12.85,0,0.348,0,0
6.17,3,423.6,0,5,3.41,0,0.188,1,0
470.8,3,33.6,0,8,95.21,2,0.891,1,1
117.74,2,985.9,0,1,73.44,1,0.178,0,0
104.26,2,273.8,0,0,23.29,0,0.203,0,0
102.29,4,1559.8,0,0,63.18,1,0.0,1,0
76.38,4,1465.9,0,17,24.62,0,0.322,0,0
64.41,2,1977.4,0,4,98.53,0,0.652,0,0
138.75,7,116.1,0,15,11.43,0,0.294,1,0
9.18,6,181.0,1,12,28.31,0,0.513,1,0
117.97,6,897.4,0,13,19.17,0,0.356,0,0
178.09,2,131.3,0,10,170.34,1,0.674,0,1
63.09,3,204.6,0,15,53.6,0,0.376,1,0
112.44,2,480.1,0,21,1.84,0,0.386,0,0
33.08,2,1136.2,0,7,70.27,0,0.106,1,0
422.45,0,59.0,0,17,169.82,1,0.756,0,1
355.11,1,113.2,0,22,50.6,0,0.769,0,1
101.15,3,424.5,0,1,41.09,2,0.0,0,0
112.22,3,221.5,0,21,3.11,0,0.796,1,0
92.64,4,805.4,0,18,47.79,1,0.378,0,0
32.88,3,84.5,0,21,24.36,0,0.0,0,0
87.59,3,647.9,1,18,40.87,1,0.458,0,1
41.11,3,78.8,0,10,32.79,1,0.412,1,0
70.38,6,803.2,0,22,2.68,1,0.24,0,0
154.56,5,1202.1,0,2,62.37,0,0.478,1,0
58.27,4,323.3,0,12,49.27,0,0.0,1,0
92.65,2,1947.0,0,1,5.11,0,0.282,0,0
10.72,2,130.7,1,4,37.88,0,0.055,0,0
60.83,4,223.9,0,3,56.82,0,0.65,1,0
16.66,4,76.0,0,11,72.73,0,0.343,1,0
128.95,8,65.3,0,22,44.43,1,0.01,0,0
70.63,9,89.4,0,22,15.63,0,0.581,1,0
96.07,2,255.2,0,17,21.15,0,0.352,1,0
293.24,1,262.7,0,23,140.82,0,0.82,1,1
27.89,2,357.8,0,2,5.51,0,0.188,1,0
67.33,5,365.5,0,23,1.84,0,0.022,0,0
80.77,6,696.7,1,2,40.19,0,0.315,0,0
180.42,7,370.8,0,4,13.57,0,0.192,1,0
66.51,3,557.9,0,5,71.94,1,0.209,0,0
10.33,1,94.6,1,2,123.27,0,0.615,1,1
48.97,6,173.2,0,23,74.48,1,0.241,0,0
40.38,1,297.5,0,2,20.22,0,0.215,1,0
44.48,2,563.9,1,3,33.58,1,0.302,1,0
18.85,3,964.9,0,10,6.0,1,0.0,1,0
145.11,4,794.4,0,22,14.92,0,0.091,1,0
38.94,5,163.7,0,12,11.59,1,0.355,1,0
103.29,2,1031.7,0,16,39.29,0,0.339,1,0
653.68,1,261.7,1,4,347.51,0,0.012,0,1
87.16,3,33.7,0,13,14.07,1,0.66,0,0
52.07,1,729.1,0,3,6.19,0,0.277,0,0
20.78,1,2849.9,0,6,30.89,0,0.224,1,0
47.34,4,255.1,0,2,54.42,1,0.574,1,0
82.86,3,1262.1,0,21,33.35,0,0.057,0,0
9.65,6,241.8,0,15,31.89,0,0.211,1,0
76.16,3,281.5,0,17,8.56,0,0.21,1,0
89.12,2,894.7,0,21,35.95,0,0.0,1,0
81.89,3,383.3,0,8,52.52,0,0.351,0,0
93.85,5,978.2,1,13,73.7,0,0.674,1,0
33.96,2,365.0,0,12,72.21,1,0.233,0,0
85.74,2,2191.9,0,8,28.35,1,0.0,0,0
132.73,5,1481.8,0,19,65.39,0,0.213,0,0
100.35,1,1021.8,0,4,51.03,0,0.263,0,0
42.78,3,251.4,0,20,6.08,2,0.169,1,0
6.97,4,962.5,0,21,30.78,0,0.21,0,0
117.8,5,2299.2,0,5,16.4,0,0.616,0,0
71.08,3,1284.3,0,17,54.1,0,0.174,1,0
222.9,4,32.9,1,4,36.08,0,0.624,1,1
16.13,5,1435.0,0,13,15.31,0,0.566,0,0
102.74,2,659.3,1,9,14.4,0,0.161,0,0
89.62,4,951.4,0,19,24.36,0,0.26,0,0
349.84,1,77.7,0,2,233.14,1,0.783,0,1
143.82,5,707.3,0,11,21.9,0,0.425,0,0
96.19,5,65.3,0,11,16.68,0,0.868,1,0
24.19,3,1484.0,0,1,25.8,1,0.291,1,0
17.48,5,830.3,0,10,127.35,0,0.826,1,0
142.64,2,370.7,0,13,16.41,0,0.597,1,0
78.31,4,483.7,1,3,54.11,0,0.302,0,0
92.96,5,250.8,0,2,,0,0.389,0,0
83.21,4,712.8,0,14,6.26,0,0.0,0,0
145.07,3,984.1,0,15,13.35,0,0.141,1,0
161.15,2,10.3,0,20,5.37,0,0.489,0,0
132.55,0,800.2,0,11,5.74,1,0.27,1,0
114.23,8,1452.9,0,2,2.54,1,0.01,1,0
50.08,3,840.7,1,3,29.27,0,0.0,1,0
86.19,7,1931.1,0,22,20.69,0,0.16,1,0
72.94,8,322.0,0,5,34.67,1,0.479,1,0
96.55,0,386.7,0,19,5.72,0,0.209,0,0
112.6,2,631.7,0,11,18.66,0,0.158,1,0
31.58,5,2101.2,0,7,32.96,0,0.209,0,0
41.73,4,313.2,0,5,19.73,0,0.241,1,0
118.61,4,539.4,0,13,67.71,0,0.473,1,0
537.19,2,529.5,0,1,65.01,0,0.498,1,1
61.29,3,451.9,0,8,28.35,0,0.287,0,0
93.81,2,575.3,0,1,24.97,1,0.101,0,0
2.9,2,1668.2,0,8,22.87,0,0.183,0,0
21.57,2,1158.5,1,2,5.52,0,0.336,0,0
113.03,6,379.6,0,23,27.82,0,0.163,0,0
33.66,4,895.5,0,14,34.72,0,0.194,0,0
25.39,6,118.7,0,10,34.06,0,0.291,0,0
51.89,7,1080.0,0,18,78.99,0,0.306,0,0
3.82,4,724.7,0,15,12.42,0,0.0,0,0
120.06,2,64.5,0,2,1.19,0,0.439,0,0
42.72,7,221.7,1,21,7.85,0,0.391,0,0
137.94,4,230.1,0,14,10.3,0,0.347,0,0
23.06,6,1629.3,0,23,11.88,0,0.523,1,0
161.28,3,384.7,0,11,9.36,0,0.412,1,0
49.78,4,89.2,0,10,39.63,0,0.0,0,0
360.98,0,171.6,0,4,232.8,0,0.26,0,1
84.63,3,490.1,0,13,23.96,0,0.562,1,0
24.32,4,1246.4,0,13,54.77,0,0.152,0,0
18.18,3,3.6,0,22,,0,0.468,1,0
72.94,2,526.6,0,22,27.68,0,0.472,0,0
35.86,5,1160.8,1,0,16.93,0,0.018,0,0
114.51,3,991.1,0,17,58.64,0,0.318,0,0
219.6,8,301.9,0,5,7.47,0,0.364,0,0
62.72,2,82.7,0,12,1.85,0,0.0,0,0
68.13,4,1972.1,0,7,10.2,0,0.153,0,0
37.09,5,213.1,0,1,73.09,0,0.353,1,0
148.07,4,78.2,0,17,75.15,0,0.457,0,0
32.56,3,629.7,0,22,37.82,0,0.232,0,0
105.24,6,1206.9,0,8,58.17,0,0.648,1,0
2.47,4,363.0,0,22,1.81,0,0.378,1,0
84.06,3,778.9,0,17,50.79,0,0.212,0,0
128.96,5,376.4,0,13,33.3,0,0.081,1,0
40.73,2,442.1,0,22,37.38,1,0.063,0,0
8.72,3,1150.1,0,21,15.16,0,0.032,1,0
70.93,7,543.0,0,21,35.81,0,0.478,1,0
79.96,6,562.3,0,10,19.29,0,0.244,0,0
61.83,4,990.9,0,2,13.02,0,0.264,0,0
147.89,7,2453.8,0,0,15.1,0,0.468,0,0
35.47,3,882.9,0,9,59.34,0,0.266,1,0
123.41,3,105.2,0,5,10.47,0,0.507,0,0
160.4,9,1990.9,0,13,7.15,0,0.738,0,0
85.68,6,1198.6,0,14,69.69,0,0.359,1,0
39.48,4,7.0,1,13,9.93,2,0.433,1,0
20.94,7,70.0,1,16,66.12,0,0.443,1,0
51.8,0,182.8,1,15,53.56,0,0.536,0,0
88.56,2,452.0,0,17,78.65,0,0.414,0,0
179.64,4,162.4,0,21,25.96,0,0.064,0,0
168.91,3,244.2,0,16,31.36,0,0.538,0,0
95.5,7,791.8,0,9,7.87,2,0.235,0,0
105.81,5,164.9,1,22,10.26,0,0.642,0,0
112.02,2,267.4,0,22,64.94,0,0.478,0,0
135.77,1,83.6,0,15,5.36,0,0.0,1,0
85.77,2,68.2,0,6,1.47,0,0.25,0,0
69.81,1,17.7,0,5,33.52,0,0.157,0,0
54.62,4,863.3,0,0,33.57,0,0.0,0,0
21.52,11,3095.1,0,14,1.47,0,0.521,0,0
109.11,4,57.4,1,7,16.06,0,0.106,0,0
133.66,4,498.4,0,0,13.24,2,0.342,0,0
105.2,2,2579.1,0,7,3.25,0,0.0,0,0
216.34,2,116.9,1,22,44.27,0,0.183,1,1
60.59,6,173.1,0,3,40.32,0,0.569,0,0
204.7,3,287.0,0,12,54.71,1,0.244,0,0
153.47,3,2427.3,0,5,41.32,0,0.494,0,0
44.2,4,417.8,0,10,31.37,0,0.382,0,0
1.0,1,176.9,1,10,6.38,0,0.275,0,0
94.65,3,174.4,0,17,22.66,0,0.874,1,0
13.76,1,365.7,0,20,61.45,2,0.357,1,0
79.59,5,311.2,0,18,49.53,0,0.683,1,0
38.53,2,2362.1,0,8,23.41,0,0.0,0,0
152.34,4,196.9,0,4,15.34,0,0.208,0,0
87.11,2,784.6,0,20,62.34,1,0.312,0,0
94.33,5,572.4,0,23,15.0,0,0.099,1,0
63.86,1,396.9,0,8,31.77,0,0.315,0,0
148.78,0,993.5,0,11,16.56,0,0.329,0,0
85.18,5,701.6,0,22,10.64,1,0.197,0,0
2.4,3,822.8,0,20,6.65,0,0.824,0,0
21.79,5,1172.2,0,6,2.15,0,0.773,0,0
55.21,3,2252.7,0,12,14.32,0,0.222,1,0
98.72,5,1355.3,0,17,48.81,1,0.595,0,0
105.07,5,1342.3,0,5,10.82,0,0.386,1,0
111.61,4,849.6,0,19,32.16,1,0.066,1,0
103.53,2,130.9,1,1,37.26,0,0.135,0,0
24.88,4,352.9,0,9,51.03,2,0.532,1,0
46.65,2,800.0,0,19,21.01,0,0.205,1,0
106.23,2,37.8,0,8,20.9,2,0.875,1,1
102.49,5,883.2,0,21,,0,0.466,1,0
142.11,2,745.3,0,0,62.36,0,0.132,0,0
78.94,5,455.2,0,11,9.58,1,0.105,0,0
92.34,4,3077.1,0,3,11.93,0,0.372,0,0
90.92,4,423.0,0,4,51.05,1,0.781,1,0
25.03,2,395.5,0,2,74.19,0,0.737,1,0
92.76,3,339.0,1,21,9.82,2,0.388,0,0
41.77,4,347.9,0,8,32.4,0,0.621,0,0
136.88,3,584.0,0,7,0.89,0,0.408,0,0
178.26,4,1124.6,1,23,33.6,1,0.586,0,0
133.97,5,649.0,0,3,34.94,0,0.225,1,0
88.68,5,1416.1,1,18,28.69,0,0.314,0,0
197.98,3,136.9,0,17,32.39,0,0.463,0,0
63.96,6,1469.8,0,21,43.37,0,0.227,0,0
71.94,2,11.3,0,21,35.11,0,0.033,0,0
44.77,4,220.2,0,0,58.96,0,0.151,0,0
56.8,3,83.5,1,16,41.64,0,0.406,1,0
109.81,6,247.5,0,11,15.43,0,0.0,0,0
79.38,4,160.3,0,13,54.58,0,0.334,1,0
189.81,4,242.5,0,23,45.39,0,0.345,0,0
30.45,3,72.0,0,6,91.0,0,0.138,0,0
67.35,5,1137.1,0,6,40.27,0,0.376,1,0
277.51,2,263.2,0,16,17.22,0,0.21,0,0
124.76,3,71.4,0,9,60.25,1,0.0,0,0
37.08,6,293.4,0,10,19.7,0,0.583,0,0
16.08,2,1648.0,0,14,4.25,1,0.117,0,0
329.89,3,627.7,0,3,390.06,0,0.053,0,1
98.7,6,1427.1,0,15,57.05,0,0.315,0,0
73.84,1,227.7,0,14,31.08,0,0.012,1,0
134.25,3,85.0,0,23,7.7,3,0.477,0,1
168.03,6,1820.5,0,20,35.99,0,0.309,0,0
25.75,1,366.2,0,13,38.26,0,0.332,0,0
54.31,6,1335.0,0,12,29.74,0,0.189,0,0
56.73,2,94.6,0,19,28.1,0,0.461,0,0
285.8,2,180.1,0,13,192.21,1,0.631,0,1
110.42,0,215.9,0,4,26.95,0,0.414,0,0
205.14,1,468.6,1,14,163.21,2,0.508,0,1
175.98,6,1755.2,0,0,26.85,0,0.487,0,0
137.86,1,1782.7,1,22,56.42,0,0.308,0,0
94.16,3,264.3,0,2,53.76,0,0.477,0,0
69.73,2,1075.0,0,19,24.43,0,0.267,1,0
8.86,1,2200.9,0,4,36.06,0,0.46,0,0
145.45,3,508.9,0,8,213.77,2,0.239,1,1
56.4,4,722.8,0,0,16.05,0,0.268,1,0
230.61,3,15.0,0,4,10.82,0,0.0,0,0
33.46,2,352.7,1,12,34.94,0,0.0,1,0
56.58,2,168.6,1,20,108.53,0,0.354,0,1
7.72,4,1965.3,0,17,81.68,1,0.157,1,0
98.14,4,1463.8,0,7,11.83,1,0.346,0,0
12.66,4,82.5,0,13,29.37,0,0.498,0,0
48.35,4,2780.3,0,22,50.03,0,0.402,0,0
24.51,2,397.6,0,17,73.04,0,0.314,0,0
148.31,3,1386.0,1,20,27.06,0,0.071,0,0
39.65,4,135.0,0,10,64.04,0,0.412,0,0
138.51,4,267.6,0,9,6.09,0,0.297,0,0
64.23,4,45.6,0,17,0.34,0,0.0,1,0
48.3,5,598.1,0,20,36.13,0,0.0,0,0
47.89,4,977.9,0,12,16.82,0,0.08,0,0
169.12,4,871.1,0,4,21.87,0,0.139,0,0
37.83,1,62.4,0,4,9.89,0,0.375,1,0
221.52,3,59.0,0,6,16.3,0,0.468,1,0
75.82,5,3157.4,0,21,67.93,0,0.383,1,0
1.65,4,358.4,0,20,4.21,1,0.002,1,0
36.9,2,447.3,0,19,0.32,0,0.652,1,0
219.63,3,1234.5,0,12,41.43,0,0.689,1,0
59.91,3,1037.8,0,8,12.74,0,0.285,0,0
56.11,4,473.0,0,13,0.55,0,0.184,1,0
15.37,3,287.4,1,20,13.53,0,0.105,0,0
330.34,2,102.6,0,4,113.99,3,1.0,1,1
101.45,5,397.5,0,8,34.56,0,0.381,0,0
14.85,2,566.9,0,2,6.5,0,0.327,0,0
117.27,5,199.7,0,18,10.53,1,0.366,0,0
128.72,7,92.0,0,2,31.98,0,0.116,1,0
0.06,2,507.8,0,16,28.94,0,0.034,1,0
117.84,4,433.8,0,20,23.45,0,0.513,0,0
99.08,6,504.6,0,9,51.09,0,0.0,1,0
93.15,5,691.7,0,23,9.05,0,0.417,0,0
253.14,2,801.7,0,7,137.64,0,0.613,1,1
79.21,3,79.8,0,22,43.53,0,0.0,0,0
40.29,6,1204.4,0,17,50.12,0,0.351,0,0
58.4,3,1783.1,0,10,3.91,0,0.266,1,0
83.62,3,1278.3,0,5,93.44,0,0.344,1,0
126.79,5,939.4,0,10,57.01,0,0.402,1,0
139.92,4,1227.6,0,4,24.62,0,0.005,1,0
114.17,5,149.5,0,19,32.35,0,0.061,1,0
6.73,2,229.9,0,6,3.45,1,0.341,1,0
47.05,1,28.8,0,4,402.88,3,0.886,0,1
111.75,3,295.6,0,0,41.04,0,0.334,0,0
39.08,3,433.5,0,15,52.26,0,0.307,1,0
45.31,0,363.2,0,22,77.89,0,0.89,1,1
107.97,3,163.6,0,16,50.12,0,0.681,0,0
17.2,6,1488.0,0,16,18.57,0,0.226,0,0
177.11,3,318.7,0,20,19.65,1,0.243,1,0
144.73,4,418.4,0,21,57.47,1,0.221,1,0
89.78,5,276.5,0,16,14.92,0,0.145,0,0
21.98,1,9.0,0,1,21.05,0,0.258,0,0
214.02,1,79.2,0,0,286.99,2,1.0,1,1
129.03,6,94.0,0,5,,0,0.0,0,0
163.35,1,288.6,0,21,45.86,0,0.737,1,0
7.26,2,479.8,0,6,1.22,0,0.295,0,0
46.97,7,1087.3,0,23,4.63,0,0.248,0,0
105.04,4,451.3,0,16,10.6,3,0.148,1,0
133.89,3,3260.1,0,11,13.8,1,0.401,1,0
67.96,6,822.4,0,13,12.9,0,0.528,0,0
56.53,5,30.1,0,3,40.49,0,0.341,0,0
4.87,0,143.0,0,2,37.6,0,0.404,0,0
323.6,4,39.4,0,20,209.94,2,0.477,1,1
20.33,1,444.3,0,9,106.57,0,0.233,1,0
1.04,5,307.2,0,17,6.28,1,0.132,0,0
154.61,3,491.5,0,1,61.29,0,0.653,1,0
17.75,3,607.1,0,13,56.48,1,0.277,1,0
71.12,3,566.0,0,1,56.99,0,0.0,1,0
8.8,6,661.2,0,1,3.93,0,0.191,1,0
78.42,0,674.0,0,11,59.69,1,0.492,0,0
169.23,9,409.2,0,7,113.58,0,0.369,1,0
133.19,4,2280.0,0,8,19.18,0,0.221,0,0
44.15,1,412.0,0,7,55.67,0,0.232,1,0
62.5,2,2515.3,0,6,10.88,0,0.303,0,0
1.99,4,283.7,0,10,46.05,0,0.089,1,0
106.78,5,19.4,1,3,20.66,1,0.2,0,0
41.61,5,932.2,1,0,24.69,0,0.196,0,0
4.49,4,405.1,1,7,23.78,1,0.088,0,0
110.06,0,2646.9,0,13,10.24,0,0.228,1,0
29.77,5,417.1,1,14,16.07,0,0.544,0,0
35.22,2,2359.4,0,23,10.17,0,0.215,1,0
54.84,3,1384.3,0,1,53.15,0,0.199,0,0
35.57,1,91.5,0,12,29.57,1,0.231,0,0
47.61,3,423.5,0,12,,1,0.451,1,0
100.71,3,247.0,0,18,26.25,1,0.245,0,0
5.08,1,598.7,0,2,25.09,1,0.073,1,0
62.79,2,1187.2,0,7,19.38,0,0.382,0,0
126.43,4,113.8,0,12,8.32,0,0.14,0,0
126.58,2,153.1,0,14,35.5,0,0.228,0,0
4.31,4,888.2,0,23,50.96,0,0.529,0,0
243.48,6,2145.7,0,8,14.13,0,0.375,0,0
22.42,3,905.7,1,23,5.26,0,0.378,1,0
95.47,3,528.6,0,15,9.87,0,0.169,1,0
107.87,3,158.5,0,14,20.94,0,0.343,0,0
11.61,9,108.7,0,2,54.87,0,0.495,0,0
149.09,5,374.2,0,13,56.88,1,0.151,1,0
4.37,5,136.4,0,18,24.61,0,0.165,0,0
28.52,1,1469.7,0,3,62.33,0,0.733,0,0
10.3,0,354.7,0,11,34.8,0,0.138,1,0
74.26,4,198.5,0,14,67.06,0,0.434,1,0
45.16,3,579.1,0,0,4.34,0,0.164,0,0
24.67,3,616.2,0,19,1.04,0,0.555,1,0
25.43,7,126.3,0,18,11.86,1,0.291,1,0
47.44,6,1442.5,1,15,76.83,1,0.453,1,0
13.89,3,357.9,0,7,3.66,0,0.165,0,0
7.85,3,2523.3,0,10,37.6,0,0.597,1,0
134.99,5,1362.2,0,21,23.96,1,0.426,1,0
117.49,4,17.3,0,17,7.92,2,0.608,0,0
157.84,0,40.4,1,22,49.77,1,0.31,1,1
165.03,5,696.2,0,3,31.0,0,0.293,0,0
161.21,5,1000.7,0,19,16.57,0,0.346,1,0
138.11,2,918.3,0,2,56.89,0,0.083,0,0
11.71,2,1900.3,0,15,40.05,0,0.274,0,0
552.39,2,208.9,0,10,25.82,1,0.667,1,1
163.63,5,204.8,0,3,23.46,0,0.222,0,0
91.75,2,1098.2,0,7,,0,0.126,1,0
83.77,4,445.4,0,12,12.12,0,0.254,0,0
120.63,3,509.1,0,0,4.67,1,0.309,0,0
62.38,4,573.0,0,2,77.8,0,0.477,0,0
83.13,3,83.6,0,7,25.19,0,0.55,0,0
20.28,2,129.8,0,5,15.76,0,0.384,1,0
99.14,7,531.7,0,2,5.54,0,0.27,1,0
62.04,8,1.2,0,7,29.57,1,0.264,0,0
181.61,4,1103.6,0,14,37.79,2,0.0,0,0
183.04,0,1271.5,0,0,59.72,0,0.264,0,0
5.89,2,503.1,0,11,35.64,0,0.241,0,0
134.44,3,231.5,0,7,45.41,0,0.365,1,1
12.54,4,470.7,0,18,13.61,1,0.183,0,0
62.93,5,59.2,0,14,52.37,0,0.251,0,0
157.23,3,2399.0,0,23,56.56,0,0.645,1,0
44.61,4,1740.1,0,4,11.28,0,0.235,1,0
92.19,4,173.2,0,11,98.78,0,0.441,1,1
30.38,1,712.8,0,18,57.02,1,0.408,1,0
16.3,6,1306.5,0,8,19.97,1,0.239,0,0
113.79,3,317.2,0,22,38.31,0,0.251,0,0
78.93,5,1454.9,0,1,20.6,1,0.231,0,0
67.52,4,223.2,0,1,42.99,1,0.071,0,0
40.37,3,468.4,0,2,3.86,1,0.476,1,0
59.49,1,787.7,1,5,0.64,0,0.34,1,0
237.45,4,452.4,0,20,,0,0.538,0,1
128.54,2,296.0,0,12,96.12,1,0.497,1,1
47.47,2,58.1,0,4,121.23,1,0.261,1,0
82.4,4,1373.0,0,15,56.17,0,0.076,0,0
122.12,4,783.9,0,9,14.43,0,0.187,0,0
92.92,3,477.8,0,23,65.93,0,0.675,0,0
38.7,3,683.4,0,22,34.51,0,0.222,0,0
44.22,2,793.4,0,8,8.03,0,0.16,1,0
260.68,0,579.7,0,1,43.19,0,0.097,0,0
74.82,3,104.3,1,20,48.53,1,0.453,0,1
119.93,2,741.6,0,14,17.54,1,0.054,0,0
99.09,9,229.6,0,9,14.41,0,0.415,1,0
18.05,7,82.6,0,8,6.36,0,0.0,1,0
8.18,4,110.6,0,5,356.88,0,0.607,1,1
43.31,2,212.4,0,2,0.25,0,0.189,0,0
28.25,5,1361.8,0,18,1.35,1,0.467,0,0
77.6,3,663.8,1,23,17.79,0,0.422,0,0
64.86,4,404.2,0,13,8.95,0,0.317,1,0
136.14,3,662.5,0,19,49.48,0,0.0,1,0
92.43,5,102.0,0,19,44.08,1,0.168,1,0
35.0,6,392.0,0,19,53.62,0,0.129,1,0
105.04,4,79.7,0,2,46.8,0,0.022,0,0
58.21,0,65.1,0,15,62.3,1,1.0,0,1
6.3,4,575.8,1,8,94.02,0,0.262,0,0
290.53,2,471.1,0,21,43.55,0,0.946,0,1
93.34,2,153.9,0,10,34.26,1,0.17,0,0
109.73,2,657.9,0,22,65.7,0,0.132,1,0
154.49,4,199.6,0,11,20.99,0,0.439,0,0
167.76,2,615.8,0,6,47.75,0,0.237,0,0
12.94,4,340.8,0,11,57.9,1,0.0,1,0
11.09,2,216.5,0,4,3.47,0,0.31,1,0
96.74,8,175.2,1,13,33.01,1,0.224,0,0
103.46,5,612.3,0,11,85.17,0,0.472,1,0
84.03,1,521.9,1,13,259.59,1,0.615,0,1
100.76,2,407.7,0,0,44.82,1,0.367,0,0
57.09,4,1103.5,0,8,52.93,1,0.346,0,0
95.88,1,59.2,0,14,9.55,0,0.212,1,0
3.46,2,155.5,0,17,44.88,1,0.05,0,0
206.5,4,109.1,0,23,288.44,2,0.456,1,1
36.19,1,460.4,0,15,,0,0.0,1,0
44.19,6,194.0,0,9,46.5,0,0.17,0,0
52.89,0,202.9,0,8,10.34,0,0.213,0,0
66.85,5,100.1,0,19,11.84,0,0.252,0,0
212.11,2,731.9,0,9,51.52,0,0.207,0,0
147.88,1,1392.3,0,21,20.55,0,0.153,0,0
55.71,5,1511.2,0,22,9.25,0,0.0,0,0
25.37,7,2117.4,0,3,52.61,1,0.327,0,0
79.77,5,279.7,0,11,61.01,1,0.313,0,0
173.42,2,229.4,1,13,127.81,0,0.323,0,1
102.94,5,325.7,0,2,26.94,0,0.0,1,0
95.01,1,1155.0,0,13,2.65,0,0.097,1,0
123.42,5,525.2,0,22,20.94,0,0.387,0,0
77.2,1,22.3,1,6,32.6,0,0.363,1,0
133.99,6,1697.9,0,0,26.46,0,0.375,0,0
34.26,2,1265.0,0,6,14.64,0,0.132,1,0
2.25,2,1624.2,0,4,5.39,0,0.104,0,0
164.36,6,818.7,0,2,52.44,0,0.418,0,0
22.01,3,627.8,0,22,13.23,0,0.049,0,0
137.98,6,1027.3,0,2,32.63,0,0.073,0,0
71.46,1,1584.7,0,5,50.69,0,0.093,1,0
60.79,2,363.5,0,10,5.39,0,0.212,0,0
118.84,4,323.6,0,23,100.36,0,0.294,0,0
107.79,1,536.5,0,2,17.69,0,0.38,0,0
107.78,4,428.5,0,0,39.46,0,0.198,1,0
51.0,4,37.6,0,6,69.7,0,0.448,0,0
26.28,4,2058.7,0,22,15.51,0,0.041,1,0
135.05,5,297.8,0,2,15.53,0,0.493,0,0
21.9,4,2375.8,0,11,70.99,0,0.0,0,0
110.94,3,296.2,0,11,21.7,0,0.381,0,0
81.62,2,111.2,0,7,59.68,0,0.212,0,0
31.62,4,950.0,0,6,33.26,0,0.126,1,0
120.15,3,12.8,0,4,69.7,0,0.159,0,0
0.71,6,6.3,0,0,23.93,0,0.15,1,0
14.82,5,701.7,0,19,67.87,0,0.492,0,0
26.35,6,359.6,0,16,1.22,0,0.462,0,0
346.55,0,10.8,0,23,249.97,1,0.538,1,1
75.41,7,1168.9,0,14,37.36,0,0.167,0,0
95.16,5,743.8,1,17,24.9,0,0.377,1,0
45.05,3,493.3,0,16,15.34,0,0.459,0,0
161.26,5,16.4,0,15,4.03,0,0.144,1,0
140.0,6,359.9,0,14,12.79,0,0.199,0,0
28.65,7,965.3,0,11,50.11,0,0.361,1,0
49.37,5,167.8,0,1,12.97,1,0.675,0,0
54.12,5,90.3,0,14,29.01,0,0.497,0,0
64.48,7,789.6,0,17,11.49,0,0.224,0,0
385.04,2,161.7,0,10,259.36,0,0.49,1,1
31.65,5,1215.8,0,21,82.02,0,0.38,0,0
96.94,0,506.6,0,23,29.88,0,0.448,0,0
40.56,4,54.6,1,0,7.51,1,0.146,1,0
108.66,4,174.9,0,4,41.42,1,0.278,0,0
44.36,5,516.8,0,18,2.56,0,0.083,1,0
81.18,7,771.5,0,7,22.96,0,0.36,0,0
71.32,2,241.6,0,8,62.06,0,0.116,0,0
51.15,2,836.5,1,21,41.02,0,0.216,0,0
94.38,1,28.3,0,23,88.24,0,0.111,0,0
66.97,2,89.8,0,8,5.8,0,0.537,0,0
15.16,4,326.8,0,10,26.33,1,0.056,0,0
118.14,6,777.3,0,21,15.45,0,0.22,1,0
18.47,5,809.3,0,17,24.84,1,0.158,1,0
64.12,1,715.4,0,15,7.74,0,0.315,1,0
115.41,6,36.4,0,12,27.76,1,0.114,1,0
6.51,5,740.7,0,1,0.08,0,0.403,1,0
93.31,3,1110.7,0,15,93.29,0,0.665,0,0
130.68,1,398.6,0,5,61.79,0,0.569,0,0
111.11,4,544.8,0,0,30.58,0,0.217,1,0
96.65,4,1297.3,0,15,23.7,0,0.528,0,0
181.25,4,219.2,1,8,231.71,2,0.576,0,1
17.81,7,1015.3,0,2,40.21,1,0.488,0,0
97.42,3,1583.0,0,7,20.53,0,0.315,0,0
136.47,3,414.0,0,8,26.05,0,0.212,0,0
198.21,2,36.3,0,2,23.38,0,0.273,0,0
383.55,4,24.2,0,2,6.57,0,0.204,0,1
66.23,4,2141.6,0,1,7.25,1,0.709,0,0
88.14,6,491.1,0,12,56.34,1,0.207,0,0
55.31,3,548.6,1,2,29.2,0,0.37,0,0
185.88,4,1275.1,0,12,68.34,0,0.511,0,0
154.18,4,121.8,0,12,37.13,0,0.543,1,0
6.38,5,1549.0,0,18,25.77,0,0.345,0,0
66.64,3,1015.6,0,6,20.1,1,0.005,0,0
131.15,10,1684.1,0,6,55.08,0,0.578,0,0
84.09,3,417.2,0,13,10.52,1,0.621,1,0
141.28,6,527.6,0,5,35.52,1,0.394,1,0
154.7,4,130.0,0,14,67.75,0,0.433,1,0
50.75,8,1281.4,1,9,53.3,0,0.21,0,0
69.53,5,848.9,0,4,4.39,0,0.468,0,0
198.34,4,2479.6,0,11,31.25,0,0.642,0,0
69.61,4,1631.6,0,12,48.6,0,0.27,0,0
16.81,6,1045.3,0,23,52.99,0,0.574,0,0
205.77,0,130.4,1,11,58.49,2,0.576,1,1
46.08,4,81.5,0,11,0.87,0,0.175,1,0
65.43,7,660.0,0,8,37.19,1,0.522,1,0
49.49,2,1312.1,0,13,7.53,0,0.0,1,0
147.41,3,1055.9,0,16,26.42,0,0.0,0,0
73.08,2,683.4,0,23,47.98,1,0.0,1,0
122.57,0,3086.6,0,11,27.62,0,0.601,1,0
126.94,6,314.0,0,19,38.03,1,0.0,0,0
26.05,4,1264.8,0,11,0.65,0,0.663,0,0
33.07,2,1040.9,1,17,38.95,0,0.752,0,0
108.71,3,492.4,0,2,90.11,0,0.516,1,0
19.21,3,2303.1,0,16,47.17,0,0.0,0,0
57.44,4,55.8,0,19,36.24,2,0.419,1,1
114.55,4,425.3,0,5,31.59,0,0.0,0,0
30.05,1,404.7,0,10,58.36,0,0.499,0,0
102.91,3,151.2,0,9,36.68,1,0.203,0,0
23.48,2,228.1,0,1,26.69,0,0.142,0,0
173.34,2,1133.2,0,18,13.64,0,0.261,0,0
14.79,3,247.7,0,19,29.59,0,0.267,0,0
170.75,7,375.8,1,23,296.22,1,0.063,1,1
5.7,3,1602.2,0,0,91.17,1,0.001,0,0
78.38,1,282.5,0,4,52.08,0,0.303,0,0
63.07,3,3239.2,0,9,40.62,0,0.0,0,0
18.44,4,801.1,0,20,29.79,0,0.337,1,0
114.43,3,177.6,0,22,10.88,0,0.447,0,0
42.62,1,74.6,0,20,18.72,0,0.462,0,0
25.05,7,2149.9,0,22,28.77,1,0.33,1,0
194.09,4,94.5,0,14,9.99,1,0.387,0,0
59.15,4,2384.4,0,16,13.87,0,0.079,0,0
21.86,3,599.4,0,21,60.27,0,0.248,1,0
139.93,5,1420.3,0,3,10.07,0,0.38,0,0
4.41,1,2321.6,0,17,6.71,0,0.738,1,0
126.65,2,342.8,1,15,51.99,0,0.001,1,0
86.36,8,552.4,0,22,44.53,0,0.372,1,0
90.19,7,102.2,0,4,26.47,0,0.071,1,0
113.07,8,1510.9,0,1,33.98,0,0.459,1,0
19.24,4,678.1,0,5,54.44,0,0.292,0,0
76.24,2,632.8,0,9,9.71,0,0.273,0,0
47.45,3,1915.2,0,4,46.18,0,0.115,1,0
89.35,3,127.0,0,16,56.53,1,0.374,0,0
101.56,3,1308.2,0,12,50.17,2,0.386,0,0
26.0,3,278.8,0,22,25.87,0,0.15,0,0
14.71,8,425.5,0,16,5.54,0,0.0,0,0
18.2,4,1338.6,0,10,31.84,0,0.548,0,0
2.1,3,280.2,0,18,22.13,0,0.183,0,0
40.67,7,868.2,0,19,7.61,1,0.263,0,0
211.3,2,180.1,0,13,254.09,1,0.219,0,1
136.28,3,229.6,1,0,51.45,0,0.315,0,0
38.88,5,427.1,0,11,13.87,0,0.374,0,0
0.53,1,57.1,0,3,18.22,0,0.557,0,0
148.3,4,564.7,1,3,0.68,0,0.48,0,0
22.68,2,23.9,0,12,76.19,0,0.0,0,0
55.13,7,142.3,0,8,8.3,0,0.539,1,0
23.71,2,140.8,0,10,19.3,0,0.294,1,0
49.5,1,1496.8,0,11,21.41,0,0.476,0,0
85.6,1,2919.3,0,4,3.15,0,0.46,0,0
338.69,4,125.6,1,8,179.31,1,0.236,1,1
37.95,4,1398.1,1,23,33.1,0,0.004,1,0
2.19,3,208.6,0,21,4.34,1,0.651,1,0
31.44,3,656.4,0,10,24.08,1,0.706,0,0
131.41,2,368.7,0,6,28.3,0,0.253,0,0
79.86,6,1.4,1,18,110.35,0,0.526,0,1
64.06,1,186.0,0,19,27.17,0,0.278,0,0
35.05,5,1340.5,0,6,14.19,1,0.0,0,0
84.32,6,31.6,0,9,17.12,0,0.0,0,0
465.57,2,317.1,0,3,247.26,2,0.524,0,1
21.35,4,164.8,0,7,27.33,0,0.113,1,0
54.81,1,1053.9,0,6,74.99,0,0.249,0,0
41.91,4,259.0,0,16,12.82,0,0.128,0,0
52.66,7,176.8,0,13,41.59,0,0.251,0,0
104.79,3,17.3,0,7,29.54,0,0.482,0,0
93.81,3,349.4,0,17,44.98,0,0.538,1,0
149.03,3,2657.2,0,23,57.48,0,0.126,1,0
94.9,8,1199.2,0,13,53.92,0,0.295,0,0
105.16,2,324.4,0,16,2.41,0,0.279,0,0
14.91,0,111.6,0,16,56.01,1,0.314,0,0
574.54,0,2.9,0,5,118.99,1,0.308,1,1
78.41,3,810.0,0,1,2.21,2,0.473,1,0
52.54,2,170.9,0,21,65.4,0,0.439,1,0
131.6,2,287.2,0,3,6.56,1,0.0,0,0
183.29,2,2817.5,0,3,22.69,0,0.423,1,0
65.83,1,1385.3,0,22,62.72,1,0.487,1,0
148.53,6,521.2,0,6,36.94,0,0.611,0,0
45.53,3,399.0,0,23,40.46,2,0.259,0,0
37.51,6,848.8,0,23,5.61,0,0.12,1,0
86.86,5,2226.2,1,2,41.16,0,0.638,0,0
79.35,7,3764.3,0,5,30.61,0,0.584,0,0
89.2,3,322.3,0,15,39.62,0,0.381,0,0
29.15,3,173.5,0,19,84.01,0,0.0,0,0
159.34,4,705.9,0,11,40.1,1,0.281,1,0
98.34,1,5.6,0,23,45.2,0,0.212,1,0
40.87,6,201.4,0,17,35.13,0,0.6,0,0
24.67,3,307.6,0,9,17.35,0,0.374,0,0
37.57,4,564.2,0,12,100.28,0,0.822,1,1
150.5,6,2387.6,0,23,1.36,0,0.351,1,0
14.54,4,724.6,0,4,76.77,1,0.118,0,0
110.74,4,344.0,0,3,17.71,0,0.209,0,0
130.77,1,2609.3,0,21,12.36,0,0.015,0,0
123.78,4,252.5,0,1,47.76,0,0.406,1,0
46.41,5,968.0,0,0,41.76,1,0.056,0,0
5.0,4,405.2,1,20,18.51,0,0.201,0,0
1.3,3,820.3,0,12,20.57,0,0.128,1,0
41.47,5,1486.9,0,6,23.66,0,0.131,1,0
93.42,3,1435.3,1,7,15.98,0,0.359,0,0
50.28,3,366.6,0,8,101.71,0,0.402,0,0
5.51,7,611.4,0,13,52.69,1,0.425,0,0
61.33,3,762.4,0,3,18.3,0,0.0,1,0
173.7,3,189.5,0,8,31.04,0,0.555,1,0
165.27,2,1015.8,0,21,41.64,0,0.124,0,0
54.68,6,318.6,0,16,0.11,1,0.176,0,0
95.36,3,27.7,1,8,183.76,0,0.634,1,1
65.72,2,697.3,0,12,57.45,0,0.366,0,0
17.47,4,301.2,1,20,44.63,0,0.302,1,0
65.87,8,2043.3,0,19,14.08,0,0.241,1,0
223.98,8,271.2,0,12,30.92,0,0.236,0,0
103.78,0,540.1,0,16,8.93,0,0.815,0,0
162.59,5,676.6,0,17,26.95,0,0.141,0,0
197.69,6,123.8,1,15,168.38,0,0.556,0,1
24.71,5,1334.1,0,3,44.84,0,0.363,0,0
62.73,4,213.6,0,23,55.39,0,0.197,1,0
97.04,7,33.6,0,20,52.86,0,0.323,1,0
75.57,5,134.6,0,3,237.29,1,0.919,0,1
39.81,5,8.0,0,14,188.43,0,0.612,0,1
471.42,2,88.3,0,14,97.0,1,0.168,0,1
100.39,3,353.1,1,22,11.43,0,0.354,0,0
38.19,3,2834.2,0,7,46.65,0,0.184,1,0
134.0,1,959.4,0,5,25.12,0,0.186,1,0
44.19,3,900.2,0,12,2.89,0,0.27,0,0
72.96,3,2659.1,1,10,39.55,0,0.147,0,0
69.14,3,779.3,0,18,16.4,1,0.42,0,0
56.92,3,336.2,0,9,14.86,0,0.129,0,0
26.51,10,161.9,1,0,30.36,0,0.422,1,0
66.15,2,1190.8,0,2,21.88,0,0.298,1,0
77.92,6,136.3,0,16,91.13,0,0.621,1,0
169.83,5,720.0,0,3,12.22,3,0.187,1,0
55.33,3,1619.8,1,13,58.01,0,0.501,0,0
55.03,5,3092.8,0,4,5.5,0,0.582,0,0
19.44,5,98.5,0,20,13.96,0,0.026,1,0
2.64,8,843.9,0,16,91.95,0,0.579,0,0
32.27,8,780.7,0,20,28.32,0,0.617,0,0
206.2,6,911.9,0,22,4.01,0,0.253,1,0
102.97,1,154.6,0,18,2.22,0,0.16,0,0
30.81,5,516.1,0,17,4.17,0,0.379,0,0
135.9,4,26.5,0,3,63.82,0,0.243,0,0
59.79,3,206.8,0,14,0.23,0,0.474,0,0
87.39,3,201.7,0,21,18.4,0,0.619,0,0
96.62,3,194.1,0,3,8.14,0,0.441,0,0
48.03,3,30.9,0,8,0.19,0,0.397,0,0
81.36,4,768.1,1,18,50.51,0,0.0,1,0
46.28,7,2245.1,0,14,11.44,0,0.544,1,0
115.67,4,868.4,1,15,106.36,1,0.844,1,1
35.13,2,109.3,0,14,35.65,0,0.0,0,0
22.57,1,90.5,0,12,18.04,0,0.221,0,0
6.2,3,166.3,0,18,33.14,1,0.0,0,0
10.3,4,641.9,1,16,57.39,1,0.0,0,0
45.02,3,187.6,0,5,105.53,0,0.067,0,0
18.42,4,553.2,0,12,53.29,1,0.372,1,0
59.4,2,1505.7,0,13,41.77,0,0.141,1,0
60.34,5,1060.0,0,4,23.4,0,0.0,1,0
136.76,4,439.2,0,16,4.94,0,0.369,0,0
95.1,2,2283.0,0,13,57.77,0,0.205,0,0
81.95,1,369.4,0,12,31.04,0,0.46,0,0
120.54,7,854.5,0,15,31.44,0,0.321,0,0
132.53,5,309.4,0,11,4.47,1,0.0,1,0
224.82,2,1398.6,0,11,10.65,1,0.141,0,0
123.21,4,749.7,0,13,11.49,0,0.267,0,0
104.93,3,997.6,0,19,17.98,0,0.395,0,0
70.65,3,329.8,0,1,52.15,0,0.36,1,0
6.94,6,1539.9,0,5,16.51,0,0.6,0,0
72.23,3,408.9,0,3,28.43,0,0.323,1,0
73.15,5,44.5,0,1,23.68,0,0.0,0,0
110.86,3,648.1,0,18,50.67,1,0.057,0,0
8.04,4,376.7,0,4,5.35,1,0.399,1,0
149.44,2,700.2,1,19,39.58,0,0.188,0,0
13.66,3,27.9,0,14,88.24,0,0.0,0,0
62.93,4,911.5,0,20,91.5,0,0.171,0,0
164.28,1,90.6,1,13,88.24,0,0.099,0,0
145.9,4,120.1,0,16,6.63,0,0.455,0,0
66.31,6,836.5,0,21,31.96,0,0.413,0,0
96.83,3,1209.1,0,9,60.54,2,0.251,1,0
116.22,2,202.5,0,12,0.75,1,0.357,0,0
35.59,0,446.3,0,15,49.51,0,0.059,1,0
72.93,2,943.8,0,18,12.84,0,0.183,0,0
86.6,4,287.0,0,0,54.46,0,0.0,1,0
55.7,8,388.3,0,12,0.81,1,0.026,1,0
160.79,2,1140.1,1,23,48.39,0,0.343,1,0
111.99,5,437.3,0,13,21.63,0,0.004,0,0
95.23,0,807.2,0,15,40.13,0,0.075,1,0
34.54,2,64.8,0,18,6.25,0,0.352,0,0
34.1,1,565.0,0,1,67.38,0,0.359,0,0
22.69,2,113.5,0,9,15.86,1,0.0,1,0
74.93,4,312.7,0,3,10.61,1,0.172,0,0
53.48,3,173.4,0,10,20.43,0,0.122,0,0
343.23,2,191.4,1,5,27.26,0,0.564,0,1
84.97,5,363.2,0,2,10.87,1,0.0,1,0
155.21,4,78.0,0,21,2.04,0,0.399,0,0
76.4,5,528.9,0,19,40.82,0,0.516,0,0
67.97,1,848.8,0,1,79.43,1,0.228,1,0
18.55,1,346.1,0,16,27.08,0,0.394,1,0
45.51,3,252.6,0,17,15.21,1,0.431,0,0
118.94,7,615.6,0,14,82.66,0,0.623,1,0
66.03,0,100.6,0,8,44.64,0,0.891,1,0
156.36,7,1491.0,0,7,2.44,0,0.267,0,0
62.39,0,334.6,1,10,12.66,0,0.264,1,0
83.54,3,64.7,0,12,,0,0.422,1,0
40.5,3,176.3,0,10,1.51,0,0.156,0,0
66.95,5,817.0,0,11,43.58,0,0.206,1,0
43.26,2,1573.7,0,18,83.44,0,0.277,0,0
5.71,4,111.1,0,8,27.61,0,0.203,1,0
45.36,2,1143.6,0,5,64.84,0,0.214,0,0
9.87,5,831.5,1,18,2.32,0,0.254,0,0
201.11,6,1029.4,0,4,31.41,1,0.326,0,0
25.72,3,641.6,0,5,57.03,1,0.25,0,0
119.14,4,219.6,0,18,47.68,0,0.037,1,0
62.77,2,524.7,1,8,68.82,1,0.324,1,0
6.42,4,3388.1,0,13,4.2,0,0.413,0,0
71.19,8,896.6,0,4,11.14,2,0.789,0,0
62.32,2,3293.2,0,5,51.74,0,0.189,0,0
194.23,8,17.9,1,11,41.91,0,0.382,0,0
79.84,2,169.2,0,23,42.9,0,0.572,0,1
96.78,4,67.8,0,20,37.17,1,0.119,1,0
226.25,2,16.4,0,8,13.47,0,0.773,1,0
15.65,2,1174.8,0,17,13.28,0,0.0,0,0
19.83,3,1907.6,0,19,5.64,0,0.047,1,0
410.61,0,364.1,0,0,128.13,3,0.563,0,1
15.2,3,426.0,0,10,19.01,1,0.805,1,0
124.4,3,51.4,0,11,90.36,0,0.177,1,0
9.45,4,249.6,0,18,6.6,0,0.428,0,0
47.82,2,258.2,1,13,61.4,0,0.32,0,0
79.29,2,1054.2,0,4,52.83,0,0.177,1,0
56.84,6,633.5,1,5,56.12,1,0.586,0,0
111.0,4,359.0,0,22,110.1,0,0.335,1,0
106.59,6,1205.5,0,21,19.52,0,0.223,0,0
286.76,1,880.9,0,0,232.71,2,0.713,1,1
185.68,4,23.6,1,12,17.23,1,0.005,0,0
34.3,7,1688.0,0,10,78.4,0,0.247,0,0
106.26,3,254.6,0,9,37.19,1,0.265,1,0
342.48,2,29.2,0,11,304.96,3,0.209,0,1
137.77,3,737.2,0,18,39.34,0,0.434,1,0
50.47,4,28.5,1,8,18.87,2,0.363,1,0
35.4,2,889.8,0,13,56.63,0,0.474,0,0
95.03,3,281.2,1,7,1.33,0,0.398,1,0
90.74,3,20.1,1,19,107.8,1,0.498,1,1
356.58,2,702.3,1,12,304.6,0,0.495,1,1
12.08,3,1024.3,0,23,35.74,1,0.589,1,0
62.8,0,1209.0,0,18,45.98,0,0.262,1,0
297.8,1,176.1,0,22,167.73,1,0.855,1,1
94.16,8,496.1,0,12,68.01,0,0.272,0,0
479.32,3,815.8,0,3,295.37,1,0.854,1,1
39.68,3,122.0,0,2,34.51,0,0.07,1,0
10.45,2,331.9,0,17,16.48,0,0.608,0,0
71.85,2,668.9,0,6,2.04,0,0.0,0,0
72.11,3,1448.3,0,7,72.51,0,0.468,0,0
123.42,2,2449.8,0,21,23.35,0,0.409,1,0
49.35,4,787.0,0,22,22.41,1,0.27,1,0
56.53,5,304.8,0,2,3.19,0,0.351,1,0
6.32,3,1418.1,0,4,8.08,1,0.522,0,0
62.18,2,79.7,0,18,1.0,0,0.0,0,0
84.64,3,230.3,0,19,21.17,0,0.193,0,0
166.23,3,29.8,0,14,8.43,0,0.0,0,0
107.83,1,342.6,0,18,228.73,1,0.311,0,1
126.19,4,716.2,0,22,32.53,0,0.266,0,0
61.91,6,341.2,0,3,42.48,1,0.659,0,0
15.7,5,1178.8,0,21,1.87,0,0.137,0,0
43.72,3,22.8,0,4,2.76,0,0.828,1,0
26.63,4,35.4,0,22,11.89,0,0.021,1,0
92.27,0,320.6,0,14,50.73,0,0.402,1,0
27.99,4,733.7,0,7,,0,0.211,0,0
151.66,7,418.5,0,23,2.36,0,0.182,0,0
57.33,5,1006.3,0,22,,0,0.361,0,0
83.34,1,346.6,0,21,12.14,0,0.071,0,0
96.43,2,288.7,0,15,30.63,1,0.092,1,0
95.77,4,293.0,0,21,42.73,0,0.215,0,0
81.29,6,204.0,0,8,6.39,0,0.367,0,0
13.85,3,725.0,0,13,44.51,1,0.034,1,0
148.2,4,330.6,0,17,23.62,1,0.913,0,0
180.95,2,129.1,0,9,110.34,0,0.435,0,1
149.57,2,37.2,1,18,21.15,1,0.086,1,0
126.96,1,582.1,0,4,33.63,0,0.333,1,0
48.42,1,530.5,1,9,12.06,0,0.0,0,0
106.39,6,177.8,0,7,80.38,0,0.336,0,0
3.23,3,909.7,0,14,3.9,0,0.398,1,0
84.89,4,1679.1,0,18,29.27,0,0.318,0,0
146.25,6,1423.5,0,23,14.07,0,0.394,1,0
6.79,3,153.4,0,1,31.7,1,0.276,1,0
49.51,3,364.0,0,23,25.52,0,0.16,1,0
52.06,0,2090.1,0,3,29.6,0,0.109,0,0
39.83,3,339.3,1,8,56.42,1,0.0,0,0
27.64,5,386.4,1,22,2.62,0,0.469,1,0
4.68,5,409.8,0,4,6.57,0,0.261,0,0
18.14,5,696.0,0,11,30.16,1,0.191,0,0
100.26,1,682.3,0,22,26.84,0,0.255,0,0
78.48,1,160.7,1,16,29.98,1,0.09,0,0
166.83,4,263.1,0,12,77.53,0,0.0,1,0
78.85,4,623.9,0,17,2.72,0,0.399,1,0
46.44,4,1357.3,0,10,2.03,0,0.566,0,0
29.07,7,2690.9,0,1,34.03,1,0.461,0,0
431.02,1,245.0,0,8,65.74,0,0.698,1,1
84.5,5,719.5,1,13,14.31,0,0.288,0,0
75.05,1,267.7,0,7,25.83,1,0.256,1,0
59.32,2,641.2,0,13,33.97,0,0.121,1,0
111.38,1,556.2,0,22,15.11,0,0.48,0,0
373.49,4,346.4,1,14,247.02,0,0.47,0,1
61.91,5,359.3,0,16,32.93,2,0.15,0,0
104.18,2,181.9,0,8,22.08,1,0.465,1,0
37.49,2,356.5,0,21,36.38,1,0.28,0,0
77.5,5,0.6,0,23,58.08,0,0.0,1,0
110.82,7,229.7,0,15,106.92,0,0.368,0,0
169.46,4,179.1,1,20,75.38,0,0.0,1,0
25.86,4,1814.9,0,16,40.02,0,0.137,0,0
7.36,1,852.6,0,23,8.54,0,0.004,0,0
105.38,3,361.4,0,14,49.32,0,0.302,0,0
80.46,1,655.0,0,3,4.53,1,0.114,0,0
141.88,3,251.6,1,14,13.11,0,0.16,0,0
62.85,1,920.9,0,17,10.9,0,0.0,0,0
10.5,5,917.0,0,7,92.6,0,0.221,0,0
105.93,3,1204.6,0,11,8.3,0,0.049,1,0
213.74,5,876.3,1,23,18.75,1,0.0,1,0
107.51,4,2064.5,0,3,17.11,0,0.103,1,0
85.0,2,267.7,0,4,9.04,0,0.216,0,0
122.96,5,2310.2,0,10,34.33,0,0.394,0,0
9.15,4,337.8,0,3,66.98,0,0.265,0,0
77.29,2,404.1,0,1,1.59,0,0.228,0,0
107.91,2,1409.5,0,9,9.39,0,0.412,1,0
238.62,5,1651.9,1,4,44.43,0,0.207,1,0
2.1,5,312.3,0,20,59.77,0,0.306,1,0
32.45,4,728.8,0,4,8.4,1,0.0,1,0
91.01,2,732.6,0,13,61.94,0,0.279,0,0
98.82,3,393.8,0,3,36.9,0,0.112,1,0
87.42,2,375.7,0,22,52.69,0,0.283,0,0
105.09,3,810.8,0,9,51.45,0,0.253,1,0
3.38,1,492.1,0,17,9.16,0,0.272,0,0
104.27,1,361.6,0,18,55.08,0,0.542,1,0
210.47,3,512.3,0,9,42.24,0,0.235,1,0
96.78,5,543.3,0,18,28.38,0,0.127,0,0
140.27,1,208.7,0,0,45.5,0,0.054,1,0
33.86,6,1830.2,0,2,25.61,0,0.005,1,0
18.37,2,3441.2,0,18,31.36,1,0.194,0,0
46.98,3,375.4,0,1,29.38,0,0.268,0,0
16.68,4,41.5,0,5,51.3,1,0.516,0,0
90.49,4,611.2,0,0,10.68,0,0.0,0,0
50.35,4,2206.5,0,21,34.53,0,0.015,0,0
59.71,2,1198.6,0,1,12.4,0,0.121,0,0
38.79,2,24.7,0,17,26.04,0,0.47,0,0
143.61,6,857.3,0,5,12.56,0,0.07,0,0
90.73,3,210.9,0,22,34.15,0,0.0,0,0
43.38,7,503.0,0,12,45.81,0,0.287,1,0
192.2,2,76.1,0,22,8.26,0,0.527,1,0
148.7,2,1992.4,1,17,45.27,0,0.58,0,0
31.68,4,1410.6,0,10,4.12,0,0.278,0,0
75.72,2,486.1,0,12,29.8,2,0.623,1,0
19.62,1,41.8,1,13,33.51,0,0.016,0,0
82.53,3,927.7,0,4,47.39,0,0.486,0,0
28.25,3,960.5,0,14,55.6,1,0.384,0,0
91.26,3,376.4,0,12,16.66,1,0.37,0,0
16.97,5,238.8,0,22,37.62,2,0.807,1,1
5.41,4,105.2,0,8,62.27,0,0.259,1,0
103.46,4,607.7,0,13,4.07,0,0.451,0,0
38.42,2,1786.5,0,10,61.28,1,0.3,0,0
89.98,7,248.0,1,12,14.27,0,0.137,1,0
153.24,0,1848.3,0,22,6.37,0,0.114,0,0
178.65,5,264.3,0,12,33.64,0,0.376,1,0
266.42,2,830.9,0,7,92.33,1,0.5,0,1
3.69,3,225.8,0,17,36.43,0,0.237,1,0
134.74,3,25.3,1,3,54.97,0,0.008,0,0
99.12,3,1264.2,1,11,6.45,2,0.0,1,0
11.07,4,958.1,1,12,0.31,0,0.501,0,0
79.18,6,190.0,0,19,17.27,0,0.251,0,0
71.99,12,1212.9,0,8,33.23,0,0.282,0,0
97.7,6,131.4,0,13,87.07,1,0.153,0,0
48.97,2,151.5,1,19,23.15,1,0.666,0,0
132.2,0,352.5,0,9,2.75,0,0.418,0,0
170.55,5,161.4,0,12,54.43,0,0.138,0,0
9.62,1,188.0,0,13,22.97,0,0.382,0,0
11.85,2,149.4,0,16,5.48,0,0.107,0,0
14.37,0,694.3,0,3,116.39,0,0.448,0,1
62.44,3,1123.5,0,19,89.25,0,0.164,1,0
113.59,11,706.1,1,7,5.06,0,0.177,1,0
93.35,5,80.3,0,20,48.82,0,0.225,0,0
70.67,3,98.2,1,7,3.86,0,0.728,0,0
10.65,5,42.2,0,22,15.16,0,0.148,0,0
123.05,4,2589.2,0,13,24.55,0,0.123,1,0
36.85,4,121.4,0,21,19.19,0,0.213,0,0
51.7,3,1638.6,0,9,37.72,0,0.606,1,0
210.53,2,199.1,1,8,51.57,2,0.736,0,1
22.36,4,1900.4,0,0,1.37,0,0.0,1,0
115.15,3,577.6,0,1,7.0,0,0.289,0,0
47.64,3,1145.0,1,15,21.02,1,0.831,0,0
62.96,4,1370.9,0,14,2.91,0,0.22,0,0
77.12,3,1329.6,0,6,19.89,0,0.121,0,0
108.02,0,1212.6,0,23,15.98,0,0.0,1,0
91.79,3,2199.0,0,8,49.95,0,0.432,0,0
595.49,1,42.6,0,9,56.95,1,0.76,0,1
56.97,5,48.3,0,7,46.44,1,0.531,1,0
120.83,5,243.8,0,12,38.06,0,0.237,1,0
126.78,6,432.9,0,17,14.13,0,0.348,1,0
38.66,5,323.0,0,11,16.02,0,0.454,0,0
270.72,5,229.2,1,14,113.03,0,0.382,1,1
103.55,2,423.7,0,10,21.32,1,0.508,1,0
104.64,4,393.3,0,6,17.34,0,0.458,0,0
101.88,5,823.3,0,16,104.43,1,0.443,0,0
44.54,4,498.7,1,16,43.79,0,0.549,0,0
57.71,3,900.9,0,22,57.98,0,0.127,1,0
19.23,2,1326.1,0,13,35.36,0,0.343,0,0
68.1,1,79.6,0,4,194.19,1,0.479,1,1
43.89,2,18.9,0,6,10.99,0,0.0,0,0
161.61,3,1498.8,0,7,18.44,0,0.316,1,0
152.47,8,179.8,0,14,30.14,0,0.0,0,0
106.03,4,145.7,0,5,0.19,1,0.576,0,0
48.49,3,167.9,0,12,44.93,1,0.697,1,0
238.83,1,491.4,0,14,45.44,0,0.15,0,0
96.52,2,86.6,0,14,14.3,0,0.0,1,0
115.76,4,962.5,0,14,11.28,0,0.403,0,0
221.85,2,56.7,0,22,4.51,0,0.4,1,0
132.82,3,484.6,0,5,11.88,0,0.285,1,0
3.63,3,501.2,0,22,50.05,0,0.514,1,0
41.89,3,246.6,0,6,12.95,0,0.21,1,0
44.78,5,474.8,0,4,74.2,0,0.26,1,0
150.72,4,137.7,0,15,9.11,0,0.394,1,0
89.16,2,479.6,0,7,45.54,0,0.362,1,0
111.25,4,130.9,0,13,33.81,0,0.258,1,0
99.86,8,248.2,0,6,29.44,0,0.402,1,0
111.78,6,795.0,0,3,62.15,0,0.586,0,0
26.51,1,249.6,0,22,16.28,2,0.447,1,0
145.14,5,1347.4,0,18,37.78,1,0.309,0,0
10.61,2,471.1,0,5,49.2,0,0.282,1,0
48.82,3,274.6,0,22,46.33,0,0.322,0,0
73.32,4,206.2,0,9,84.99,0,0.48,1,1
48.11,1,169.9,0,16,21.49,1,0.193,0,0
28.26,3,832.9,1,11,21.34,0,0.037,0,0
191.17,5,91.0,0,1,2.32,1,0.278,1,1
150.59,1,170.0,1,1,133.03,2,0.355,1,1
282.74,4,514.8,0,20,346.04,0,0.76,0,1
18.1,8,152.6,1,11,83.63,0,0.368,0,0
4.13,4,139.3,0,1,87.2,0,0.318,1,0
50.03,4,1356.4,0,19,14.78,0,0.402,1,0
116.64,4,530.3,0,7,21.14,0,0.383,0,0
62.7,4,798.0,0,12,25.69,0,0.566,1,0
81.97,4,1607.6,0,12,62.25,0,0.422,1,0
88.51,3,188.5,0,10,32.06,1,0.128,0,0
108.33,3,636.2,0,4,55.62,0,0.195,1,0
152.33,2,73.1,0,14,17.65,0,0.129,0,0
94.26,4,60.3,0,13,40.37,0,0.0,0,0
8.41,5,667.8,0,13,19.44,0,0.315,0,0
20.8,6,664.5,0,11,62.68,0,0.364,0,0
67.26,8,591.4,0,18,71.15,0,0.33,0,0
76.29,2,395.0,1,23,41.15,0,0.0,0,0
108.15,1,146.8,0,10,55.39,0,0.764,1,0
40.82,3,2925.2,0,18,30.66,0,0.303,0,0
117.76,0,21.4,1,2,170.9,2,0.759,1,1
59.59,4,684.4,0,7,46.32,0,0.275,0,0
182.82,3,363.9,0,6,67.18,0,0.58,0,0
145.2,2,952.2,0,4,1.25,0,0.302,0,0
145.38,8,2407.6,0,21,30.46,2,0.095,0,0
88.61,4,407.2,0,19,23.99,0,0.0,1,0
122.16,1,516.2,0,22,1.73,0,0.431,0,0
42.94,2,449.8,0,14,28.52,1,0.122,0,0
66.26,6,90.2,0,2,63.11,0,0.545,0,0
136.59,3,1180.0,0,22,38.56,0,0.122,1,0
26.64,3,1859.4,0,7,23.91,0,0.394,0,0
92.74,0,254.9,1,14,72.23,0,0.349,0,0
111.85,5,139.2,1,18,88.37,2,0.041,1,0
29.11,5,105.8,0,18,53.81,0,0.032,0,0
21.2,3,248.5,0,5,9.38,0,0.026,0,0
35.19,4,194.8,0,7,24.13,0,0.0,0,0
116.66,3,534.8,0,14,86.72,1,0.582,1,0
134.03,0,1905.2,0,12,20.54,0,0.355,0,0
137.49,4,1285.3,0,18,14.38,0,0.78,0,0
0.47,2,428.4,0,10,32.37,0,0.334,1,0
54.35,3,562.0,0,5,67.42,0,0.211,0,0
75.31,5,359.7,0,6,92.24,0,0.293,0,0
93.16,3,437.8,0,15,79.47,0,0.216,0,0
29.18,7,1953.8,0,8,29.69,0,0.0,1,0
4.9,9,46.0,0,6,0.27,0,0.046,0,0
8.79,2,136.5,1,4,60.59,0,0.234,1,0
75.01,3,1025.1,0,22,33.25,1,0.531,0,0
168.41,6,678.5,0,19,56.71,0,0.474,1,0
154.25,1,31.4,0,1,18.49,0,0.24,0,0
62.83,2,52.8,0,20,38.52,0,0.325,0,0
71.58,3,1200.1,0,4,25.04,1,0.105,0,0
106.26,5,1707.2,0,19,12.11,0,0.516,0,0
70.84,7,365.0,0,12,20.39,1,0.574,0,0
162.59,2,193.4,0,0,2.33,0,0.39,0,0
55.35,2,1402.6,0,13,11.85,1,0.364,0,0
75.81,4,338.7,1,16,7.44,0,0.331,0,0
20.23,2,760.6,0,22,4.91,0,0.103,0,0
204.6,5,59.0,0,14,96.59,3,0.565,0,1
82.76,6,445.7,0,0,53.19,0,0.289,0,0
109.53,5,58.4,0,13,18.2,0,0.307,1,0
40.11,0,261.4,0,0,,2,0.773,0,1
147.62,4,481.8,0,8,39.38,0,0.33,1,0
141.75,2,44.5,0,13,193.39,1,0.024,0,1
87.14,4,953.4,1,20,45.99,0,0.18,1,0
22.25,5,1250.7,0,13,14.37,0,0.349,0,0
97.34,1,786.9,0,5,12.98,0,0.036,0,0
117.5,2,307.6,1,16,219.89,0,0.424,0,1
62.25,5,685.7,0,9,55.07,1,0.473,0,0
180.81,6,354.0,0,23,104.52,0,0.507,0,0
38.93,3,797.2,0,2,8.75,0,0.56,0,0
37.41,1,670.8,0,5,16.56,0,0.658,0,0
112.7,4,258.1,0,6,41.51,1,0.0,0,0
34.55,4,658.7,1,14,10.37,1,0.089,0,0
382.7,4,957.4,0,6,143.43,1,0.227,0,1
60.71,1,347.4,0,8,49.09,0,0.0,1,0
39.94,2,569.2,0,10,64.1,0,0.442,1,0
57.98,3,774.0,1,23,77.65,1,0.187,0,0
83.82,6,1404.8,0,13,9.22,0,0.19,0,0
141.33,6,843.3,0,17,0.66,0,0.301,0,0
1.69,0,459.0,1,8,3.8,0,0.313,0,0
146.77,2,444.3,0,16,5.11,0,0.209,0,0
104.25,2,171.5,0,1,57.0,0,0.339,0,0
48.55,2,259.6,0,6,11.57,1,0.191,0,0
112.34,3,548.6,0,4,59.05,0,0.424,0,0
53.58,3,81.7,1,21,49.92,1,0.216,0,0
116.11,3,1006.2,0,20,46.01,0,0.105,0,0
58.75,1,264.8,0,20,73.13,0,0.418,0,0
171.51,4,44.1,0,14,8.09,1,0.337,0,0
38.53,6,2263.7,0,23,46.51,0,0.408,1,0
59.11,3,20.1,0,8,28.14,1,0.156,0,0
59.04,6,23.9,1,13,25.6,0,0.278,0,0
118.03,5,1773.1,0,13,27.94,0,0.554,0,0
45.32,1,1194.9,1,23,0.85,0,0.322,0,0
129.02,3,264.8,0,1,20.15,0,0.162,1,0
143.26,3,360.0,1,23,26.29,0,0.197,0,1
10.93,4,768.1,1,16,29.49,0,0.505,0,0
33.26,2,892.4,0,11,7.27,0,0.378,0,0
30.55,8,359.4,0,3,47.53,0,0.272,0,0
47.36,4,403.8,0,23,4.92,1,0.44,0,0
10.49,5,930.5,0,16,10.6,0,0.058,1,0
81.53,3,1486.2,0,20,38.23,0,0.334,1,0
13.94,5,36.0,0,8,30.97,0,0.0,0,0
88.21,4,772.2,0,8,1.27,1,0.313,0,0
108.11,3,71.1,0,19,24.61,0,0.363,0,0
92.15,1,1126.9,0,5,18.28,0,0.0,1,0
68.13,7,291.6,0,3,29.46,0,0.214,1,0
77.04,2,920.9,0,12,14.66,0,0.471,0,0
119.31,3,120.4,0,19,59.79,1,0.198,1,0
22.42,2,1532.4,0,14,0.26,0,0.064,0,0
48.72,5,267.7,0,15,57.92,0,0.189,0,0
113.21,4,144.2,1,3,59.46,1,0.281,0,0
46.07,8,11.4,0,2,15.34,0,0.447,0,0
97.65,4,523.3,1,4,42.4,0,0.707,0,0
154.87,4,92.8,0,0,119.89,0,0.277,1,1
162.19,3,346.5,0,12,39.47,0,0.198,1,0
145.18,3,24.2,0,3,41.91,0,0.35,0,0
69.17,3,1215.2,1,12,19.37,0,0.135,1,0
338.21,2,489.6,0,16,224.11,2,0.847,1,1
6.17,6,218.9,0,18,72.9,0,0.184,0,0
51.82,4,559.6,0,5,50.0,0,0.525,0,0
117.58,4,1442.9,0,11,56.28,0,0.402,1,0
26.11,1,748.2,0,14,42.75,0,0.106,0,0
96.77,3,375.3,0,17,73.57,0,0.314,0,0
158.04,1,423.0,0,3,45.95,0,0.312,1,0
34.0,6,973.4,0,11,32.62,0,0.0,1,0
167.47,4,601.8,1,19,17.37,0,0.0,1,0
83.35,4,482.1,0,8,7.36,0,0.231,1,0
36.75,8,384.7,0,18,6.64,0,0.271,1,0
101.16,3,170.3,0,11,49.73,1,0.0,0,0
75.84,4,21.3,0,12,10.3,0,0.332,1,0
42.4,2,832.6,0,16,23.73,0,0.153,0,0
50.4,5,531.0,0,6,24.46,1,0.031,0,0
94.98,3,31.5,0,4,32.07,0,0.193,0,0
64.08,5,170.9,0,19,72.96,1,0.042,1,0
71.16,1,249.0,0,17,25.82,0,0.569,0,0
32.84,3,66.8,0,1,14.53,0,0.21,1,0
66.93,4,1056.3,0,11,39.24,0,0.346,0,0
128.91,2,367.8,0,20,41.59,1,0.881,0,0
40.42,2,603.2,0,4,47.39,0,0.109,1,0
30.94,1,1122.1,0,21,55.65,0,0.483,1,0
64.0,0,160.1,1,17,43.61,0,0.283,1,0
39.27,5,672.3,0,13,11.5,0,0.024,1,0
156.35,4,506.3,0,0,12.18,1,0.147,0,0
93.55,1,179.8,0,19,11.62,0,0.0,0,0
155.18,1,1430.2,0,2,22.98,0,0.579,0,1
541.91,5,869.2,0,23,253.09,1,0.765,1,1
93.69,8,22.7,0,0,26.51,0,0.361,1,0
151.18,5,106.8,0,19,63.72,2,0.698,1,1
421.46,3,240.2,0,3,149.14,0,0.618,1,1
151.48,0,2058.8,0,20,34.17,0,0.041,1,0
87.72,6,56.9,0,16,52.4,1,0.031,0,0
95.13,5,241.8,0,13,8.71,0,0.376,0,0
101.87,5,131.7,0,13,0.26,0,0.208,0,0
99.91,1,126.1,0,14,32.01,0,0.142,1,0
79.17,3,645.0,1,11,25.49,0,0.414,0,0
75.72,2,362.3,0,7,37.58,1,0.539,1,0
91.52,3,292.3,0,17,69.96,0,0.435,0,0
6.27,6,413.5,0,4,27.37,1,0.447,1,0
134.77,5,511.8,0,18,47.26,0,0.267,0,0
111.72,5,2732.1,0,21,44.07,0,0.245,0,0
116.66,4,971.1,0,11,2.02,0,0.157,0,0
172.06,3,639.2,0,2,19.34,0,0.158,0,0
44.94,5,419.2,1,11,4.53,1,0.199,1,0
54.29,3,740.0,0,10,38.99,0,0.443,0,0
65.02,3,2700.1,0,13,15.45,1,0.215,1,0
23.53,4,97.5,0,14,7.54,0,0.0,0,0
212.13,5,393.2,1,0,1.37,1,0.796,0,1
135.83,4,674.4,0,5,23.93,0,0.168,0,0
260.77,1,379.8,0,3,314.83,1,0.741,1,1
146.16,6,118.7,0,1,22.65,2,0.411,1,0
80.66,1,2555.2,0,12,26.75,0,0.509,0,0
568.54,3,15.9,0,2,5.59,2,0.495,1,1
311.74,0,85.8,0,10,222.12,1,0.387,0,1
44.16,5,1095.1,0,14,62.68,1,0.591,1,0
60.17,6,1887.6,0,15,54.66,0,0.242,1,0
332.83,6,8.2,1,14,487.91,0,0.671,1,1
95.51,3,347.9,1,21,,0,0.0,0,0
1.12,8,1872.5,0,23,54.84,0,0.088,0,0
12.75,2,236.9,0,3,7.56,0,0.306,1,0
112.68,0,270.8,0,4,13.17,0,0.511,0,0
52.74,3,260.6,0,13,49.33,0,0.579,0,0
76.9,1,2265.8,0,10,24.01,0,0.102,0,0
25.83,2,773.2,0,0,58.82,0,0.0,1,0
91.7,3,1590.6,0,5,11.03,0,0.542,0,0
234.03,6,172.7,0,20,38.13,0,0.443,1,0
96.87,7,806.5,0,11,23.44,0,0.43,1,0
106.56,3,390.1,0,16,27.23,0,0.293,0,0
0.09,2,3182.0,0,20,9.84,0,0.412,0,0
38.14,8,891.5,0,10,57.48,0,0.5,0,0
184.3,2,1685.1,1,18,43.34,0,0.0,0,0
173.71,6,1455.6,1,20,38.02,1,0.629,0,0
75.38,4,5.6,0,13,34.0,1,0.053,0,0
144.73,9,272.1,0,6,0.71,0,0.416,1,0
119.44,5,1428.1,0,10,24.16,0,0.533,0,0
132.18,1,192.8,0,16,200.69,0,0.54,0,1
67.29,6,555.3,0,22,55.86,1,0.207,1,0
151.33,3,16.8,0,13,29.79,0,0.325,0,0
55.96,3,255.7,0,22,59.99,0,0.231,1,0
177.56,2,653.8,1,13,50.09,1,0.204,0,0
191.83,7,29.0,0,2,37.39,0,0.18,0,0
49.26,3,380.4,0,6,64.07,0,0.44,0,0
7.79,3,1743.2,0,15,39.65,1,0.0,1,0
53.53,1,1579.3,0,8,32.72,0,0.409,1,0
123.75,2,158.3,0,20,55.67,0,0.239,1,0
18.13,2,1321.6,0,20,117.06,2,1.0,1,1
19.99,2,258.0,0,1,22.42,0,0.161,0,0
76.75,3,694.7,0,19,17.65,0,0.43,1,0
42.69,3,1832.4,1,3,40.73,0,0.467,1,0
101.58,6,849.4,0,15,42.61,1,0.128,1,0
36.13,4,289.3,0,22,48.71,0,0.197,1,0
24.28,5,68.7,0,21,1.67,1,0.0,0,0
78.25,3,2011.3,1,4,19.55,1,0.167,1,0
142.2,1,572.0,0,22,27.57,0,0.925,0,0
81.61,5,224.1,1,7,18.44,2,0.385,1,0
91.46,3,910.2,1,1,4.21,0,0.231,1,0
94.55,3,611.6,1,12,55.4,3,0.425,1,0
22.33,5,907.6,0,23,28.64,0,0.111,0,0
89.51,5,2526.8,0,3,2.29,0,0.323,0,0
177.82,5,450.0,0,11,2.56,0,0.479,1,0
216.83,4,586.1,0,5,12.89,0,0.0,0,0
124.07,1,79.8,1,0,31.91,1,0.494,1,1
139.13,5,533.5,0,23,38.14,0,0.0,0,0
31.55,2,1196.9,0,15,39.78,0,0.045,0,0
95.53,3,91.1,1,6,49.57,0,0.566,0,0
16.29,1,432.7,0,19,250.25,1,0.489,1,1
129.18,1,26.8,0,21,67.57,0,0.619,1,0
36.82,2,161.8,0,0,36.2,2,0.339,0,0
64.13,1,210.4,0,1,52.39,0,0.274,0,0
60.71,2,307.2,0,23,33.73,0,0.59,0,0
106.76,1,1156.5,1,3,32.18,0,0.664,1,0
59.6,0,351.4,0,15,75.54,0,0.244,0,0
217.36,1,76.7,1,10,40.53,0,0.656,1,1
104.74,5,431.8,0,10,9.1,0,0.361,0,0
95.71,1,202.2,0,17,102.52,2,0.05,0,0
23.46,2,561.7,0,2,30.26,0,0.185,1,0
134.2,3,660.5,1,17,58.08,0,0.458,1,0
64.07,2,150.0,0,3,35.24,0,0.746,0,0
108.84,2,1416.9,0,22,7.34,0,0.506,0,0
7.16,3,324.4,0,5,0.95,0,0.459,0,0
237.05,2,38.8,0,22,171.19,1,0.774,0,1
93.09,6,581.6,0,14,22.3,1,0.0,0,0
180.61,1,1146.6,0,13,14.41,0,0.446,0,0
85.68,0,1531.8,0,11,32.33,0,0.386,1,0
110.04,3,145.7,0,16,17.12,0,0.56,0,0
101.0,0,391.1,0,19,26.59,0,0.422,1,0
84.81,3,626.0,0,21,5.51,0,0.019,0,0
62.07,5,697.8,0,12,40.57,0,0.583,0,0
194.34,6,773.0,0,22,,0,0.215,0,0
70.74,3,1043.3,0,5,63.51,0,0.441,0,0
81.12,2,186.0,0,1,5.54,0,0.0,0,0
566.0,1,101.4,0,21,215.98,0,0.55,1,1
47.82,3,3.7,0,22,1.16,0,0.601,1,0
152.86,2,562.4,0,3,18.99,0,0.077,0,0
71.83,2,101.9,0,13,12.34,0,0.271,0,0
44.48,3,718.7,0,19,2.79,0,0.239,1,0
238.32,3,1508.9,0,6,29.67,0,0.136,0,0
37.07,2,93.0,0,23,42.42,2,0.281,0,0
52.86,1,631.6,0,15,32.18,1,0.429,0,0
88.08,1,15.1,0,7,51.64,0,0.0,1,0
97.72,4,3656.5,0,15,,1,0.424,0,0
65.38,1,32.4,0,15,42.99,1,0.207,0,0
172.65,3,1133.7,1,3,32.04,1,0.357,1,0
62.0,1,274.9,0,16,139.15,2,0.794,1,1
27.34,1,65.5,1,7,43.96,1,0.0,0,0
213.26,1,45.0,0,10,,1,0.744,0,1
60.63,8,1708.5,0,14,32.96,0,0.384,1,0
119.55,3,274.5,1,12,24.18,1,0.192,0,0
232.51,2,443.7,0,10,31.92,0,0.623,1,1
11.18,7,20.1,0,3,37.22,0,0.345,1,0
143.71,7,307.0,0,2,23.24,0,0.715,0,0
20.13,3,630.7,0,22,19.66,0,0.325,1,0
135.32,3,213.3,0,5,67.67,1,0.242,0,0
186.58,5,1926.0,0,12,24.54,0,0.0,0,0
42.87,1,54.6,1,0,11.64,1,0.558,1,0
54.64,4,1140.2,0,16,3.95,1,0.455,0,0
88.46,4,120.3,0,4,13.18,0,0.615,0,0
67.35,4,556.0,0,10,40.42,0,0.182,1,0
86.84,4,1922.4,0,8,33.58,0,0.281,0,0
87.69,3,1091.6,0,15,51.44,1,0.372,0,0
39.29,3,1100.7,0,16,7.84,0,0.197,0,0
98.0,3,33.4,0,20,29.54,0,0.461,1,0
71.81,7,503.1,0,5,28.21,0,0.304,1,0
191.42,1,731.3,0,11,36.24,0,0.397,0,0
138.24,4,174.3,0,7,0.21,0,0.061,0,0
162.67,0,1892.3,0,18,57.24,0,0.0,1,0
94.03,3,31.5,1,5,37.56,0,0.283,1,0
79.44,4,1249.9,0,22,17.75,0,0.0,0,0
59.09,5,11.0,1,12,5.15,0,0.652,0,0
70.56,1,1169.7,0,0,19.17,1,0.142,0,0
21.7,1,88.5,0,12,10.86,1,0.387,0,0
14.09,4,1028.2,0,2,55.64,0,0.288,1,0
68.37,6,358.6,0,22,58.06,0,0.0,0,0
42.38,2,111.9,1,0,15.52,0,0.294,0,0
118.24,6,213.9,0,1,89.1,0,0.0,1,0
170.25,3,1597.6,0,6,17.86,1,0.415,0,0
95.03,2,1314.3,0,18,62.87,0,0.473,1,0
134.81,0,87.3,0,22,296.85,1,0.411,1,1
167.28,6,2161.3,0,8,96.94,0,0.39,1,0
150.52,2,133.2,0,5,37.13,0,0.278,0,0
46.35,5,14.6,0,9,29.19,0,0.17,0,0
66.65,3,215.0,0,2,31.12,0,0.207,0,0
8.55,3,1217.3,0,18,23.56,0,0.161,0,0
25.64,2,1637.3,0,0,18.59,0,0.704,1,0
19.0,2,270.2,0,2,58.13,1,0.226,1,0
51.25,2,94.7,0,4,120.1,0,0.229,0,0
150.87,4,162.8,0,6,40.43,1,0.046,1,0
112.42,1,138.9,1,19,7.09,0,0.002,0,0
171.7,4,1890.3,0,3,29.65,0,0.548,1,0
48.9,7,267.0,0,6,34.92,1,0.643,0,0
56.65,3,181.8,0,6,63.51,1,0.16,1,0
54.26,2,4490.1,1,9,,0,0.453,0,0
66.42,3,961.8,0,7,4.72,0,0.591,1,0
126.52,5,2617.7,0,16,3.17,0,0.463,0,0
83.27,3,1765.8,0,14,100.41,0,0.202,1,0
68.59,0,556.3,1,13,4.07,0,0.251,0,0
135.9,7,613.6,1,3,9.08,0,0.062,0,0
57.13,3,1373.5,1,4,51.81,0,0.409,1,0
106.28,4,848.6,0,11,59.53,0,0.295,0,0
47.56,3,437.1,0,13,1.31,0,0.315,0,0
39.24,2,126.1,0,8,12.53,0,0.564,1,0
0.69,1,920.6,0,18,11.67,0,0.067,1,0
102.33,3,683.5,0,3,46.1,0,0.306,0,0
23.59,1,1551.0,0,0,8.37,0,0.018,1,0
33.06,8,193.0,0,0,72.16,1,0.605,0,0
112.03,3,339.0,0,9,7.55,0,0.325,0,0
41.13,1,976.3,0,22,28.77,0,0.51,0,0
314.13,4,373.6,0,19,59.76,0,0.573,0,1
28.88,4,525.9,0,23,28.02,0,0.291,1,0
17.18,5,79.0,0,23,41.13,0,0.0,0,0
8.69,1,1388.2,1,13,45.36,0,0.299,0,0
3.33,4,185.5,0,1,7.49,0,0.451,0,0
66.2,8,87.3,0,22,79.19,1,0.485,0,0
42.35,4,2804.2,0,23,43.07,1,0.045,0,0
8.89,5,918.0,0,5,54.26,0,0.544,1,0
55.04,0,472.7,0,21,2.86,0,0.446,1,0
139.66,3,8.5,1,3,35.21,0,0.189,1,0
185.64,0,107.9,0,7,34.13,2,0.615,0,1
101.73,4,420.5,0,0,12.47,0,0.34,0,0
63.89,3,256.4,0,18,2.61,0,0.392,0,0
71.16,2,238.2,0,3,42.02,0,0.563,0,0
61.82,5,186.9,0,19,29.82,0,0.0,0,0
114.61,3,454.1,0,22,87.26,2,0.054,1,0
63.94,4,915.9,0,7,37.97,0,0.0,0,0
19.34,4,1353.2,0,7,1.98,0,0.608,0,0
108.81,5,237.3,0,13,53.82,0,0.394,1,0
54.83,4,410.5,0,6,15.34,0,0.642,0,0
6.38,3,38.5,0,18,32.65,0,0.329,0,0
146.18,3,3.4,0,3,16.86,0,0.245,1,0
21.83,3,981.4,0,14,26.89,0,0.255,0,0
91.7,9,129.0,0,23,0.06,0,0.285,1,0
99.06,3,977.3,0,3,26.98,0,0.0,0,0
28.22,4,497.1,0,4,44.82,0,0.304,0,0
122.11,5,781.3,0,2,37.75,0,0.239,1,0
76.52,3,197.1,0,18,6.35,0,0.413,1,0
64.46,2,1209.2,0,9,16.56,0,0.509,0,0
117.89,0,901.6,0,0,38.14,0,0.215,1,0
105.15,2,67.6,0,19,25.75,0,0.622,1,0
125.32,3,6.3,0,11,6.09,1,0.304,1,0
90.5,6,31.3,0,12,31.71,0,0.296,1,0
167.82,5,795.4,0,20,44.08,0,0.361,1,0
90.9,2,615.5,0,23,20.61,1,0.353,0,0
19.68,4,865.1,1,18,33.66,0,0.379,0,0
102.8,4,17.7,1,14,29.11,0,0.0,1,0
62.99,5,533.0,0,18,32.43,0,0.011,0,0
21.04,4,1374.3,1,12,95.4,0,0.632,0,0
81.72,1,45.4,0,17,25.49,1,0.416,1,0
60.22,2,1917.3,0,11,4.87,0,0.598,1,0
6.07,4,821.7,0,9,17.65,0,0.283,0,0
121.55,0,174.2,1,19,184.37,0,0.482,1,1
8.67,4,1963.1,0,8,51.2,0,0.211,1,0
36.48,10,429.8,0,20,105.54,0,0.658,0,0
7.33,3,271.2,0,2,5.32,1,0.48,0,0
125.87,5,1515.4,0,17,9.96,1,0.309,1,0
47.84,4,699.8,0,10,24.79,1,0.504,0,0
145.29,4,1426.6,0,21,18.15,0,0.515,1,0
164.92,3,245.7,1,5,134.64,1,0.762,1,1
44.28,3,685.5,0,0,20.82,0,0.179,0,0
17.11,3,1339.1,0,22,73.32,2,0.501,1,0
151.79,5,3877.9,0,21,14.18,0,0.239,0,0
142.2,3,1119.6,0,10,46.46,1,0.176,0,0
3.78,4,242.4,0,21,41.75,0,0.274,0,0
85.02,1,679.2,0,17,206.21,0,0.521,0,1
135.8,1,340.6,0,18,35.64,1,0.0,1,0
53.18,4,162.1,1,9,19.64,0,0.0,1,0
41.57,1,27.9,0,10,20.9,0,0.203,0,0
32.99,5,66.9,0,14,41.32,0,0.398,0,0
132.97,4,204.1,0,10,,0,0.0,1,0
95.31,5,559.1,0,3,33.85,1,0.253,1,0
42.1,2,81.2,0,9,44.86,0,0.0,0,0
52.48,4,52.5,0,2,7.72,0,0.7,1,0
146.07,4,139.7,0,16,26.13,1,0.53,1,0
130.95,3,1281.3,0,9,28.56,0,0.0,0,0
182.48,6,1299.7,0,15,70.24,1,0.0,1,0
17.71,4,743.7,0,18,27.46,1,0.186,1,0
23.56,3,92.0,0,2,0.19,1,0.148,1,0
247.0,2,1065.5,1,3,6.7,0,0.229,1,0
214.14,5,404.4,0,10,14.44,1,0.239,0,0
112.27,5,1173.7,0,0,27.32,1,0.024,0,0
83.88,1,179.4,0,0,12.29,0,0.053,0,0
144.77,2,553.7,0,1,58.6,0,0.372,1,0
82.92,3,219.4,0,14,21.66,0,0.578,0,0
91.41,1,105.6,0,4,37.28,0,0.46,0,0
38.24,6,1462.9,0,11,13.97,0,0.228,0,0
67.55,3,11.4,0,2,43.39,0,0.078,1,0
73.54,0,2234.6,0,10,20.27,0,0.0,0,0
165.82,1,70.6,0,16,31.97,0,0.331,1,0
9.13,6,1218.9,1,1,47.15,0,0.067,0,0
46.39,2,543.1,0,16,15.94,0,0.0,0,0
59.74,3,456.3,0,13,39.61,0,0.279,0,0
45.44,0,52.6,1,1,16.32,0,0.05,0,0
139.86,3,327.9,0,18,19.4,0,0.278,1,0
25.29,3,173.3,0,7,26.63,0,0.106,0,0
221.91,1,283.6,0,7,26.6,0,0.101,0,0
85.04,4,1337.6,0,5,18.8,1,0.088,0,0
150.65,6,915.6,0,18,79.38,0,0.375,0,0
44.44,4,1275.7,0,21,64.1,0,0.047,1,0
75.33,4,160.1,0,14,14.48,1,0.434,1,0
45.2,3,350.9,0,22,10.41,0,0.0,0,0
126.07,3,226.3,0,4,72.89,1,0.062,0,0
115.14,6,972.7,0,14,50.74,1,0.641,1,0
168.08,1,136.5,0,15,6.55,0,0.796,0,0
109.0,3,647.7,0,8,7.82,0,0.466,0,0
112.45,2,386.8,0,5,30.79,0,0.145,0,0
87.44,3,1234.5,0,16,40.11,0,0.288,0,0
81.69,3,130.9,0,5,21.11,0,0.658,1,0
92.78,1,1201.2,1,14,,0,0.0,0,0
108.35,2,1113.6,0,8,23.36,0,0.0,1,0
145.72,3,643.0,0,4,62.98,0,0.269,0,0
89.62,3,241.0,0,16,11.27,1,0.339,0,0
43.45,6,780.4,0,2,0.51,0,0.326,1,0
98.97,7,612.8,0,21,41.1,0,0.296,0,0
58.97,4,1237.0,1,3,8.67,0,0.562,1,0
83.27,1,214.8,0,8,5.46,1,0.377,1,0
98.62,1,221.8,0,5,33.16,0,0.111,0,0
56.53,6,568.3,0,11,46.25,0,0.312,1,0
162.81,2,904.1,0,22,15.1,0,0.0,0,0
21.44,2,424.6,0,8,36.99,1,0.955,0,0
152.03,2,942.8,0,18,15.71,0,0.147,0,0
70.71,4,631.0,0,18,97.46,0,0.132,1,0
76.51,1,48.2,0,11,58.97,0,0.274,0,0
21.71,5,9.1,0,18,8.6,0,0.257,0,0
60.99,2,775.8,0,21,2.89,0,0.483,0,0
55.64,2,635.1,0,21,35.5,0,0.164,0,0
7.69,1,474.7,0,21,219.55,1,0.427,0,1
27.08,4,343.4,0,5,54.56,0,0.039,0,0
117.76,1,158.1,0,21,62.61,1,0.416,0,0
369.04,2,259.8,0,20,79.79,0,0.482,0,1
118.09,3,313.1,0,3,21.18,0,0.395,1,0
51.89,1,1398.7,0,4,25.27,0,0.603,0,0
56.09,2,973.8,0,11,15.62,0,0.719,1,0
18.16,1,523.0,0,11,34.37,0,0.0,0,0
11.11,5,48.2,0,13,24.41,0,0.341,1,0
109.21,2,813.2,0,18,22.43,0,0.045,1,0
42.71,3,466.5,0,4,45.7,1,0.214,0,0
63.87,7,2571.9,0,16,19.51,0,0.282,0,0
90.12,8,176.0,0,2,42.44,0,0.0,0,0
108.58,3,337.7,0,3,55.47,0,0.736,0,1
49.97,5,247.7,0,10,25.76,1,0.304,0,0
109.32,1,796.2,0,11,47.52,2,0.314,0,0
80.7,6,634.1,1,1,29.45,0,0.727,0,0
22.73,3,546.0,1,14,3.15,0,0.284,0,0
112.41,3,216.6,0,2,9.65,0,0.125,0,0
74.09,4,737.7,0,7,18.46,0,0.146,1,0
64.86,1,275.4,0,10,9.23,1,0.415,1,0
129.0,3,994.2,1,4,58.46,0,0.479,0,0
114.82,3,1234.4,0,20,37.65,0,0.244,1,0
46.18,3,981.3,0,21,113.65,0,0.0,0,0
73.26,5,918.9,0,19,46.28,0,0.359,0,0
15.19,1,17.7,1,20,1.69,0,0.258,1,0
69.2,5,158.6,0,16,2.39,0,0.617,0,0
91.63,3,101.4,0,15,8.37,0,0.075,0,0
124.29,4,249.2,0,8,17.68,1,0.102,0,0
86.7,1,67.3,0,18,45.15,0,0.0,0,0
94.15,3,715.2,0,0,107.15,0,0.246,0,0
63.12,5,175.7,0,2,0.31,0,0.188,0,0
47.55,1,1702.2,0,3,26.96,0,0.0,1,0
77.57,1,111.0,0,9,71.84,0,0.453,1,0
154.31,6,2657.3,0,19,14.79,0,0.0,1,0
54.31,4,1218.5,0,20,0.97,2,0.365,0,0
143.49,1,419.4,0,6,,0,0.502,1,0
59.47,1,91.1,0,9,20.34,1,0.524,0,1
222.52,2,661.4,0,3,60.84,0,0.26,0,0
43.97,5,1564.0,0,14,56.26,0,0.209,0,0
110.16,2,960.1,0,13,24.55,1,0.275,0,0
99.57,3,357.6,0,17,1.52,0,0.541,1,0
30.97,4,977.2,0,6,38.18,0,0.204,1,0
26.87,4,558.9,1,20,46.66,0,0.334,0,0
140.13,4,96.9,0,5,10.57,0,0.349,0,0
141.43,3,217.1,0,9,16.43,0,0.044,0,0
83.83,2,295.0,0,17,4.8,0,0.581,0,0
30.08,3,357.7,0,7,64.79,0,0.411,1,0
63.4,5,994.5,0,2,9.34,0,0.332,0,0
99.34,2,962.3,0,9,33.98,0,0.396,0,0
19.65,2,477.9,0,22,6.56,0,0.0,1,0
107.85,6,260.1,0,23,37.79,1,0.419,0,0
17.01,4,620.3,0,12,13.23,1,0.0,1,0
105.99,4,1681.1,1,14,48.61,0,0.211,1,0
147.67,5,197.7,0,3,56.52,0,0.3,1,0
96.21,3,39.9,0,3,31.67,0,0.607,0,0
77.96,6,215.0,0,9,27.16,0,0.172,1,0
134.54,3,126.0,0,14,5.91,0,0.481,0,0
120.76,4,597.0,0,16,46.12,1,0.336,1,0
82.8,0,934.5,0,18,51.11,0,0.418,0,0
76.59,6,785.4,0,14,2.21,0,0.403,0,0
159.2,4,333.8,0,3,5.9,0,0.358,0,0
103.07,5,1755.9,0,20,36.31,0,0.506,1,0
58.48,3,631.7,0,22,53.82,0,0.383,1,0
124.93,11,964.7,0,0,24.17,0,0.096,1,0
74.63,4,48.3,0,1,47.31,0,0.566,1,0
71.62,7,1.2,0,22,4.98,1,0.0,0,0
87.77,3,4.5,0,16,6.57,0,0.317,0,0
58.65,1,624.9,0,23,37.56,1,0.486,0,0
147.73,3,567.5,0,1,2.45,0,0.174,0,0
17.11,4,349.1,1,20,21.57,0,0.465,0,0
90.45,3,6.6,0,14,30.88,0,0.087,1,0
61.09,5,504.5,0,14,12.01,0,0.0,0,0
91.89,2,161.4,1,16,80.25,0,0.144,0,0
3.8,5,709.6,0,12,32.91,0,0.018,1,0
26.77,1,251.2,0,20,7.58,0,0.09,1,0
206.51,4,169.8,0,1,41.44,0,0.445,0,0
110.53,2,650.0,0,4,50.3,0,0.523,0,0
126.56,4,533.4,0,23,,1,0.123,1,0
118.66,4,36.8,0,22,90.63,1,0.292,0,0
50.35,8,13.0,0,10,50.08,0,0.493,1,0
118.06,5,131.4,0,17,86.7,0,0.41,1,0
234.18,2,1059.5,0,2,59.25,1,0.08,1,0
72.24,5,977.1,0,0,42.86,0,0.296,1,0
58.68,1,384.5,0,6,1.67,0,0.439,1,0
62.6,4,312.9,0,11,0.74,0,0.0,0,0
199.77,5,270.7,0,2,47.94,0,0.285,0,0
79.35,0,130.3,0,19,116.32,1,0.413,1,1
192.56,6,149.4,0,3,87.39,0,0.441,0,0
186.41,0,252.1,0,8,77.68,0,0.68,1,0
61.57,5,375.7,0,23,52.27,1,0.559,0,0
92.89,1,770.9,0,22,5.74,0,0.125,0,0
646.83,2,311.5,0,16,148.88,1,0.604,0,1
202.64,2,164.6,0,22,106.11,0,0.663,0,1
67.16,5,1964.9,0,15,40.98,0,0.416,0,0
58.77,2,1184.1,0,3,23.93,0,0.102,0,0
74.37,3,430.7,0,10,17.76,0,0.289,0,0
165.37,1,408.0,1,13,8.69,0,0.256,1,0
536.37,2,31.2,0,23,105.44,0,0.095,1,1
20.65,3,743.2,0,23,58.02,0,0.575,1,0
38.52,3,225.8,0,13,54.97,0,0.469,1,0
15.29,6,160.4,0,6,12.92,0,0.321,1,0
69.59,5,783.4,0,5,19.85,0,0.094,1,0
44.11,4,756.7,0,0,30.95,1,0.0,0,0
41.4,6,112.1,1,10,39.36,0,0.295,1,0
318.17,2,44.0,1,19,157.25,0,0.392,1,1
223.11,3,202.5,0,7,59.34,1,0.479,0,0
56.53,9,180.5,0,14,28.11,0,0.431,1,0
68.73,4,491.9,0,13,15.34,1,0.131,1,0
37.83,7,368.4,0,16,51.01,0,0.637,1,0
83.98,3,779.5,0,6,26.14,2,0.0,0,0
283.59,2,227.3,0,11,124.17,5,1.0,1,1
12.95,1,192.0,0,11,57.23,0,0.0,0,0
119.28,7,2402.4,1,12,8.08,1,0.292,0,0
8.98,4,505.7,0,14,16.72,1,0.278,1,0
61.72,1,120.1,0,1,7.28,1,0.314,0,0
72.39,7,285.6,0,11,32.97,0,0.091,0,0
317.83,4,850.5,1,16,149.12,1,0.393,1,1
30.2,0,403.5,0,15,37.34,0,0.378,0,0
473.79,2,198.6,0,23,204.16,1,0.675,1,1
13.59,1,206.9,0,2,25.53,2,0.629,0,1
81.17,5,2021.9,1,22,16.78,0,0.153,0,0
53.08,2,125.0,1,19,20.8,0,0.032,1,0
95.68,8,394.3,0,15,34.27,1,0.144,1,0
62.95,0,520.8,1,0,77.18,0,0.0,0,0
86.37,3,579.9,0,12,41.06,0,0.542,0,0
54.55,4,2031.5,0,23,27.66,1,0.119,0,0
88.1,2,243.0,0,15,7.96,0,0.392,0,0
154.19,2,349.4,0,10,4.88,0,0.685,1,0
108.7,7,42.3,0,15,34.86,0,0.335,0,0
139.04,3,824.6,0,22,3.32,0,0.278,0,0
68.74,2,478.3,0,9,55.5,1,0.252,0,0
103.75,3,243.9,1,21,72.86,0,0.446,1,1
49.04,4,601.5,1,8,1.56,0,0.004,0,0
52.47,3,1609.7,0,4,27.4,1,0.436,0,0
94.48,1,366.6,0,20,50.59,0,0.627,0,0
3.46,1,1750.8,0,2,42.01,0,0.085,1,0
58.02,1,207.3,0,17,26.2,0,0.092,0,0
473.04,3,416.5,0,5,127.32,2,0.284,0,1
1.56,4,245.3,0,14,1.73,0,0.084,0,0
173.79,2,3052.0,0,18,16.83,0,0.255,1,0
16.62,4,1077.6,1,3,12.76,0,0.392,0,0
142.43,0,226.1,1,17,97.24,0,0.459,1,1
56.76,6,84.8,0,2,16.9,0,0.496,0,0
6.04,1,687.3,0,19,12.23,0,0.056,1,0
104.98,5,698.8,0,23,11.04,0,0.337,0,0
419.05,3,519.6,1,14,68.07,0,0.167,0,1
31.13,1,517.7,0,13,82.53,0,0.0,1,0
221.78,5,120.3,1,0,43.1,2,0.682,1,1
58.85,1,190.9,0,20,18.97,0,0.062,1,0
94.13,5,905.4,0,19,31.12,0,0.151,0,0
60.27,4,1178.4,0,15,41.65,0,0.417,0,0
20.23,3,273.7,0,1,35.83,1,0.238,1,0
109.42,3,531.4,0,7,4.31,1,0.36,0,0
9.42,6,0.2,0,9,75.49,1,0.161,0,0
116.31,3,17.6,1,20,49.95,0,0.866,0,1
68.17,2,313.0,0,15,42.08,0,0.184,0,0
24.2,3,10.4,0,19,6.56,0,0.012,1,0
97.76,3,515.5,0,6,55.58,1,0.018,0,0
40.96,6,669.9,0,9,15.65,0,0.033,0,0
69.93,4,191.2,0,13,42.97,1,0.485,0,0
74.62,1,77.7,1,13,86.0,0,0.389,0,0
77.37,3,928.5,1,20,29.25,0,0.589,0,0
19.05,4,215.6,0,17,30.71,2,0.758,1,0
34.86,1,477.9,0,9,2.16,0,0.732,0,0
83.28,5,290.2,0,21,32.85,0,0.312,0,0
82.83,5,2051.0,0,22,43.46,0,0.0,1,0
9.09,2,1937.5,0,22,42.65,0,0.534,1,0
112.38,6,149.9,0,9,31.52,0,0.144,0,0
50.27,3,207.2,0,4,37.8,0,0.0,0,0
31.49,4,540.9,0,21,68.22,0,0.162,0,0
129.65,6,114.6,0,19,16.09,0,0.0,1,0
31.08,4,9.6,0,15,14.27,2,0.329,1,0
77.07,1,799.9,0,2,90.56,0,0.493,0,0
138.6,3,287.7,0,14,46.6,0,0.471,0,0
82.29,5,2448.8,0,0,,0,0.64,0,0
39.29,2,58.1,0,6,15.44,1,0.762,0,0
82.97,4,1414.9,0,4,0.7,1,0.118,1,0
82.92,1,351.6,0,15,8.31,0,0.229,0,0
70.08,4,1179.8,0,13,28.36,0,0.445,1,0
146.74,7,625.5,0,0,104.05,0,0.244,1,0
53.56,5,46.7,0,7,23.29,0,0.258,0,0
37.57,4,64.7,0,2,54.14,0,0.48,0,0
79.17,0,1814.9,0,4,45.7,2,0.0,1,0
113.94,2,218.8,0,14,22.11,0,0.354,1,0
194.82,0,1205.5,0,5,38.71,0,0.23,0,0
137.47,1,395.6,0,23,3.4,0,0.238,0,0
277.6,4,38.4,0,5,26.29,0,0.497,1,1
35.96,4,814.5,1,5,19.72,0,0.0,1,0
3.26,2,916.7,0,15,40.76,0,0.291,1,0
119.01,1,224.2,1,20,91.67,1,0.306,0,0
407.43,1,174.1,0,0,298.74,0,0.721,1,1
14.76,6,776.7,0,22,80.22,0,0.401,0,0
14.16,5,112.5,0,4,44.35,0,0.0,1,0
290.24,3,182.6,0,20,48.8,1,0.653,0,1
113.81,6,140.8,0,1,15.81,0,0.417,1,0
29.27,3,299.9,1,23,48.29,0,0.187,1,0
8.55,6,450.8,0,15,83.61,0,0.323,0,0
81.14,1,1499.1,0,0,49.06,1,0.405,0,0
87.02,5,705.0,1,20,15.17,1,0.281,1,0
69.5,6,33.9,0,12,24.04,0,0.406,0,0
4.03,4,26.8,1,8,30.98,0,0.0,0,0
36.47,2,103.6,1,16,17.62,0,0.312,0,0
84.35,1,20.6,0,3,68.09,0,0.231,1,0
20.48,4,4.4,0,10,11.17,2,0.227,1,0
51.62,4,196.3,0,7,3.37,0,0.393,1,0
9.65,3,289.8,0,0,,0,0.174,1,0
78.19,4,117.9,0,1,0.41,0,0.303,0,0
59.63,2,838.3,0,14,9.62,0,0.164,1,0
129.18,2,104.2,0,16,116.45,4,0.301,0,1
80.19,4,251.1,0,5,0.05,0,0.608,1,0
131.12,3,74.3,0,22,47.14,2,0.248,0,0
90.35,4,828.5,0,14,14.45,1,0.335,0,0
116.51,8,107.2,0,2,42.69,0,0.0,0,0
116.07,4,898.5,0,4,3.3,1,0.145,0,0
49.59,3,390.4,0,23,11.97,0,0.366,0,0
19.11,5,840.3,0,20,27.38,1,0.304,0,0
60.05,5,375.0,0,7,5.84,0,0.463,1,0
397.82,5,98.9,1,7,1.24,0,0.416,1,1
36.37,6,869.4,0,21,3.24,0,0.445,1,0
83.85,5,2646.6,0,3,43.81,0,0.368,1,0
36.06,3,292.8,0,5,20.98,0,0.47,1,0
59.07,4,322.7,0,3,9.25,0,0.48,1,0
70.24,4,305.7,0,18,28.08,0,0.274,1,0
141.0,6,37.8,0,20,33.32,0,0.0,0,0
134.07,0,569.3,1,8,23.79,0,0.418,0,0
59.87,3,842.9,0,11,25.62,1,0.2,1,0
151.37,5,99.2,0,7,44.62,0,0.153,1,0
85.22,7,180.5,0,23,10.94,0,0.02,1,0
4.34,3,555.6,1,18,52.52,0,0.174,0,0
18.43,2,110.9,0,23,21.26,1,0.196,1,0
130.62,5,497.0,1,10,18.61,0,0.293,1,0
67.18,3,4526.3,0,5,48.77,0,0.717,0,0
136.08,2,1443.7,1,19,59.75,0,0.347,1,0
386.98,2,101.1,0,13,166.72,1,0.584,0,1
58.77,4,286.1,0,20,,0,0.296,0,0
54.2,3,261.5,0,0,31.34,0,0.77,0,0
27.19,3,165.8,0,21,70.06,0,0.366,1,0
53.75,5,1358.9,0,22,9.21,0,0.281,0,0
152.3,7,1226.6,0,1,17.59,0,0.254,0,0
17.95,4,1324.5,0,12,37.38,0,0.336,1,0
105.42,5,94.8,0,23,2.89,1,0.0,0,0
88.56,2,1428.8,0,2,47.0,0,0.0,0,0
163.6,2,322.5,0,9,291.25,0,0.641,1,1
70.2,2,177.3,0,7,21.66,0,0.042,0,0
86.89,3,754.7,1,16,44.95,0,0.307,0,0
141.69,5,630.8,0,18,26.83,0,0.859,0,0
141.0,2,893.5,0,13,59.79,0,0.769,0,0
60.2,3,897.1,0,3,74.73,1,0.273,1,0
153.09,4,87.0,0,10,10.74,1,0.184,1,0
44.44,6,911.4,0,12,24.48,0,0.607,1,0
58.9,7,442.2,0,17,0.71,0,0.0,0,0
337.54,2,504.1,0,5,,1,0.605,1,1
94.24,3,1585.4,0,5,37.94,0,0.331,0,0
75.54,6,340.3,0,14,74.45,0,0.194,0,0
129.54,4,2307.3,0,0,21.85,1,0.013,0,0
22.65,3,1547.5,0,19,37.28,0,0.169,0,0
37.07,6,1750.2,0,8,3.29,0,0.0,0,0
114.01,1,862.2,0,21,29.44,1,0.196,1,0
34.01,2,725.7,0,18,14.25,0,0.0,0,0
48.56,3,1457.8,1,1,1.2,0,0.319,1,0
84.46,6,501.1,0,13,38.34,0,0.488,0,0
132.07,6,1650.9,0,8,18.49,0,0.255,1,0
64.81,4,58.3,0,20,8.92,0,0.038,1,0
402.79,4,276.2,0,3,224.67,0,0.751,0,1
149.81,2,96.2,0,23,39.93,1,0.563,0,1
68.76,2,760.9,0,11,62.66,0,0.0,0,0
308.13,4,46.5,0,5,69.01,1,0.389,0,1
56.22,2,1646.1,0,20,15.69,1,0.576,1,0
87.03,5,303.0,1,9,58.61,0,0.559,0,0
191.43,3,12.7,0,16,17.64,0,0.625,1,0
517.65,3,163.5,0,3,125.89,1,0.238,1,1
59.65,4,54.4,0,11,19.88,0,0.515,0,0
59.78,3,1111.2,0,0,51.94,1,0.205,0,0
169.49,3,3251.5,0,8,38.11,0,0.208,0,0
84.57,8,815.2,0,4,4.28,0,0.28,1,0
79.43,2,72.0,0,13,66.88,0,0.494,0,0
157.34,0,112.4,0,11,30.59,1,0.081,0,0
11.82,4,121.6,0,18,111.61,0,0.42,1,0
124.05,3,235.7,0,9,75.47,0,0.848,1,1
3.21,2,1236.0,0,10,19.97,0,0.324,0,0
78.09,3,343.3,0,8,37.43,0,0.551,1,0
185.89,2,47.9,0,6,206.75,1,0.366,1,1
81.85,2,121.7,0,10,7.26,0,1.0,0,0
76.02,3,1302.4,1,14,1.48,0,0.647,1,0
0.3,6,136.3,0,10,39.63,0,0.456,0,0
59.25,1,284.3,0,12,41.71,0,0.164,1,0
120.14,4,199.8,0,15,45.21,0,0.401,0,0
58.48,5,198.5,1,9,75.62,0,0.397,1,0
78.61,6,168.3,0,8,73.23,0,0.584,0,0
523.22,4,78.1,0,8,166.55,0,0.492,1,1
135.48,4,921.1,0,18,66.38,0,0.521,0,0
161.1,3,184.3,0,16,11.93,0,0.147,1,0
118.79,1,661.5,0,21,,0,0.113,1,0
107.08,7,1530.5,0,13,19.93,0,0.234,1,0
151.06,2,157.0,0,22,16.67,2,0.15,1,0
102.53,5,67.4,0,21,7.01,0,0.321,0,0
22.62,3,1273.7,0,10,35.65,0,0.0,0,0
25.99,4,832.6,0,6,0.14,0,0.212,0,0
51.54,4,1217.5,0,12,89.96,1,0.345,0,0
99.52,2,331.3,0,14,64.19,0,0.143,1,0
21.1,8,657.7,0,2,56.45,0,0.53,0,0
103.09,4,190.2,1,19,61.8,0,0.142,1,0
48.34,4,238.6,0,21,14.97,0,0.29,1,0
150.73,3,3930.7,0,14,1.89,0,0.225,0,0
3.42,2,66.8,0,0,98.65,0,0.59,1,0
60.05,7,128.0,0,5,65.71,0,0.401,0,0
104.49,4,28.3,0,22,6.49,0,0.329,1,0
407.36,2,2122.8,0,5,58.03,0,0.41,1,1
47.84,10,529.5,1,1,48.35,0,0.0,0,0
92.58,6,942.1,0,0,22.92,0,0.28,0,0
132.84,1,47.5,0,17,15.91,1,0.213,0,0
76.8,5,531.5,0,19,21.43,1,0.0,1,0
1.77,3,603.6,0,8,12.83,1,0.573,1,0
70.74,5,53.2,0,2,20.7,0,0.397,0,0
104.73,5,420.1,0,1,75.76,0,0.45,0,0
150.36,3,28.8,1,8,9.99,1,0.728,0,1
71.13,3,390.2,0,3,32.08,0,0.476,0,0
6.02,3,479.8,0,14,30.89,0,0.249,0,0
183.09,3,329.1,0,7,59.82,0,0.356,1,0
76.24,6,566.8,0,22,1.16,0,0.109,1,0
158.63,3,1645.7,0,18,45.15,0,0.089,1,0
12.37,3,80.5,0,1,14.76,0,0.129,0,0
96.88,9,384.9,0,16,31.15,0,0.427,0,0
84.59,0,138.0,0,8,50.9,0,0.187,0,0
43.6,3,977.3,0,17,23.53,1,0.121,1,0
136.23,1,475.7,0,2,48.43,1,0.028,0,0
40.52,1,576.9,0,0,56.82,0,0.406,1,0
24.59,3,1212.2,0,11,10.12,0,0.198,1,0
6.77,4,452.2,0,7,26.67,1,0.198,1,0
185.5,2,127.8,1,14,117.18,1,0.341,1,1
54.52,2,339.5,0,8,46.14,0,0.19,0,0
65.58,6,1034.5,0,6,40.07,1,0.0,1,0
9.22,0,127.0,0,8,29.37,0,0.0,0,0
123.17,5,1123.5,0,12,25.23,0,0.31,0,0
209.8,0,34.9,1,10,143.3,0,0.079,1,1
44.41,3,381.5,0,16,50.35,1,0.225,1,0
273.71,2,384.5,0,9,26.36,1,0.188,1,0
47.44,6,423.7,0,7,80.91,0,0.323,1,0
95.0,6,14.6,0,6,25.3,0,0.35,1,0
380.74,6,172.1,0,19,60.7,1,0.571,0,1
38.51,2,581.2,1,5,117.37,2,0.907,1,1
138.92,4,1324.8,1,7,33.22,0,0.116,0,0
80.78,1,76.0,0,7,50.86,0,0.284,1,0
200.79,4,88.7,1,14,67.23,0,0.623,1,0
21.12,6,769.3,1,8,49.25,0,0.336,0,0
29.98,4,906.0,0,18,8.86,1,0.304,1,0
98.37,7,754.5,0,16,29.53,0,0.349,0,0
103.53,1,1919.3,0,4,0.36,0,0.339,1,0
98.54,3,761.6,0,20,58.6,2,0.155,1,0
134.07,3,541.4,1,15,44.63,1,0.584,0,0
2.51,2,423.5,0,19,57.49,0,0.309,0,0
96.12,1,1750.7,0,20,23.69,0,0.241,0,0
12.86,2,1134.1,0,18,59.5,1,0.385,1,0
72.85,4,558.6,0,8,80.35,0,0.195,0,0
47.92,2,2294.8,1,9,24.55,0,0.444,0,0
393.62,5,18.9,0,1,100.67,0,0.581,1,1
129.74,3,82.5,0,4,116.07,0,0.0,0,0
30.46,4,674.7,0,3,18.82,0,0.262,0,0
74.12,5,2251.4,0,7,76.89,0,0.162,1,0
56.75,5,583.7,0,9,26.07,0,0.078,0,0
11.26,3,733.7,0,8,36.9,0,0.685,1,0
12.37,2,1010.3,0,9,81.22,0,0.354,0,0
28.93,2,1403.6,0,23,26.46,0,0.711,1,0
0.46,1,115.7,0,14,41.77,0,0.169,1,0
103.19,7,185.6,0,15,16.17,1,0.3,0,0
58.11,3,11.1,0,21,7.39,0,0.0,0,0
39.46,5,2105.3,0,6,11.74,0,0.442,1,0
30.6,2,140.0,0,21,23.44,0,0.805,1,0
13.0,6,1012.9,0,23,11.96,1,0.028,0,0
54.85,2,61.0,0,2,6.78,1,0.12,0,0
106.8,2,114.3,0,0,19.87,0,0.407,1,0
65.13,8,1987.7,0,23,46.64,0,0.367,0,0
123.03,2,1726.2,0,6,19.49,0,0.287,1,0
167.24,4,30.8,0,15,9.72,0,0.294,1,0
47.86,2,409.4,0,2,12.51,0,0.54,0,0
220.58,4,554.7,0,20,11.38,0,0.025,0,0
26.72,3,102.3,0,22,36.21,1,0.594,1,0
71.47,5,106.2,0,23,32.43,0,0.411,1,0
106.19,3,199.5,0,18,47.44,0,0.226,1,0
70.65,8,309.4,1,9,11.4,0,0.739,0,0
53.56,7,1431.8,0,6,15.82,0,0.307,0,0
27.91,1,59.7,1,23,15.89,0,0.0,0,0
43.9,1,411.9,0,4,46.86,0,0.582,1,0
46.18,2,1668.3,0,16,35.82,1,0.192,1,0
1.36,6,308.2,0,19,8.54,1,0.507,0,0
170.02,4,232.8,0,18,17.99,0,0.427,1,0
60.92,1,164.4,0,6,45.25,0,0.224,1,0
6.86,3,545.2,0,18,59.06,1,0.0,0,0
127.0,4,2927.7,0,6,32.63,0,0.492,1,0
111.15,1,47.5,0,22,19.91,0,0.486,1,0
97.65,2,85.8,0,3,35.98,0,0.061,1,0
104.9,0,538.2,0,15,53.74,0,0.183,0,0
78.99,6,243.4,0,23,27.56,0,0.0,1,0
92.92,3,512.2,0,10,12.92,0,0.55,1,0
66.32,3,59.5,0,17,26.58,1,0.171,0,0
15.99,0,680.2,0,21,0.78,0,0.28,0,0
4.16,7,173.2,1,21,35.18,2,0.243,1,0
75.9,2,293.3,0,0,27.9,0,0.445,0,0
63.23,2,1311.5,0,15,58.22,0,0.4,0,0
135.98,6,761.1,0,11,39.55,2,0.3,1,0
34.52,2,42.3,0,8,112.78,0,0.048,1,0
196.97,3,841.9,0,11,28.85,0,0.323,0,0
84.78,7,299.1,0,9,12.89,0,0.416,0,0
200.51,4,79.9,0,11,168.03,1,0.624,0,1
65.57,4,54.6,0,0,67.8,0,0.117,1,0
106.51,3,520.2,0,4,4.82,0,0.324,0,0
13.72,3,532.3,0,4,24.49,0,0.185,0,0
92.04,2,449.5,0,2,4.46,1,0.299,1,0
59.94,7,736.9,0,5,56.52,0,0.622,1,0
84.66,2,46.6,0,22,9.03,2,0.421,1,0
87.99,2,2043.7,0,11,38.88,1,0.163,0,0
200.91,2,2359.1,0,4,2.46,0,0.256,1,0
86.28,4,108.5,0,7,14.2,0,0.459,1,0
73.0,5,131.1,0,21,268.52,2,0.429,0,1
32.53,2,276.7,0,20,40.13,0,0.516,1,0
157.19,3,461.5,1,5,6.04,0,0.13,0,0
70.85,5,476.6,1,1,0.63,0,0.366,0,0
187.87,5,153.2,0,20,25.59,2,0.407,0,0
96.6,1,384.5,0,4,52.99,1,0.343,1,0
44.89,4,3261.5,0,14,34.33,0,0.514,1,0
73.13,3,236.1,0,8,76.46,1,0.191,1,0
18.01,2,473.4,0,22,56.53,0,0.498,0,0
50.74,1,981.5,1,10,44.12,0,0.12,1,0
43.92,0,146.3,0,0,48.65,0,0.0,1,0
49.48,2,1098.0,0,6,55.76,0,0.606,0,0
89.14,2,286.2,0,23,16.69,1,0.122,0,0
88.54,3,310.8,0,16,65.48,1,0.316,0,0
23.73,4,1365.3,0,19,37.78,0,0.089,0,0
67.33,1,763.1,0,5,47.44,1,0.17,0,0
108.7,4,137.5,0,18,31.97,0,0.104,0,0
46.48,3,140.1,0,10,25.32,1,0.035,0,0
165.29,1,1022.1,0,5,56.75,0,0.26,0,0
51.98,3,117.4,0,7,11.91,0,0.198,1,0
74.94,4,600.9,0,22,16.51,0,0.228,0,0
105.1,3,22.7,1,5,122.34,1,0.441,0,1
128.04,4,1060.5,0,18,78.04,2,0.474,1,0
167.72,2,1293.6,0,3,46.95,1,0.085,0,0
54.81,2,1086.7,0,20,39.56,0,0.201,0,0
6.11,2,1278.6,0,14,31.4,0,0.465,1,0
89.75,5,149.0,0,10,78.51,0,0.24,1,0
6.78,5,896.7,0,22,37.1,1,0.104,1,0
119.61,4,197.9,0,14,21.93,0,0.574,0,0
22.39,3,188.6,0,14,11.63,0,0.081,1,0
72.96,2,447.2,0,21,29.04,0,0.331,1,0
123.02,8,1371.3,1,0,73.6,1,0.538,0,0
54.11,4,302.4,1,12,147.72,0,0.121,1,0
41.33,1,127.6,0,13,31.48,0,0.549,0,0
75.8,5,311.2,0,20,,1,0.019,0,0
0.04,4,1125.7,1,18,44.54,0,0.096,0,0
78.24,5,342.2,0,21,31.7,0,0.193,1,0
32.88,4,1880.0,0,5,13.14,0,0.468,0,0
24.38,2,1833.4,0,15,20.0,0,0.0,0,0
171.49,1,395.3,0,14,13.48,0,0.0,0,0
4.48,6,336.2,0,23,2.84,0,0.158,0,0
108.07,6,368.6,0,23,25.88,0,0.444,0,0
160.16,5,117.9,0,21,12.46,0,0.377,0,0
308.8,3,89.8,0,2,274.59,2,0.804,0,1
91.23,6,114.6,0,12,42.71,0,0.38,1,0
89.97,1,984.6,0,14,75.49,0,0.179,1,0
70.22,5,205.0,0,18,12.59,0,0.386,1,0
533.59,2,26.5,1,4,233.77,2,0.594,1,1
126.32,5,173.7,0,6,3.15,0,0.379,1,0
34.66,2,128.4,0,8,17.11,0,0.0,1,0
127.95,2,1248.4,0,11,15.94,0,0.046,1,0
21.38,1,202.4,0,19,37.51,0,0.578,0,0
2.68,4,929.1,0,19,0.88,0,0.573,1,0
53.7,1,226.4,0,0,37.89,1,0.434,1,0
31.03,4,274.2,0,1,28.67,0,0.311,1,0
51.1,5,7.8,0,22,23.42,0,0.37,0,0
18.59,5,237.6,0,20,18.17,0,0.335,0,0
42.73,5,564.4,0,4,22.93,0,0.0,0,0
148.86,4,202.3,1,20,17.22,0,0.533,0,0
68.74,2,205.3,0,6,2.64,1,0.596,0,0
40.64,1,1214.7,0,22,85.04,0,0.341,0,0
60.01,6,1143.4,0,9,1.53,1,0.244,0,0
175.59,1,130.2,1,14,251.07,0,0.624,1,1
21.29,6,1804.4,0,17,12.18,0,0.011,0,0
57.41,2,677.7,0,20,37.7,0,0.17,0,0
108.22,8,240.3,0,16,23.73,0,0.202,0,0
39.46,5,377.7,0,9,23.62,1,0.024,0,0
44.06,2,159.8,0,19,10.1,0,0.0,1,0
57.73,5,1575.3,0,19,48.53,0,0.17,1,0
10.56,4,421.3,0,13,23.28,0,0.0,0,0
85.63,2,2469.6,0,5,29.09,0,0.194,1,0
109.32,5,2159.3,0,5,23.59,0,0.155,1,0
61.4,6,553.6,0,23,46.39,1,0.384,0,0
43.36,2,407.1,0,9,5.33,0,0.0,1,0
34.43,4,65.6,1,6,42.12,0,0.332,0,0
66.69,3,740.2,0,3,45.27,0,0.222,0,0
91.13,6,26.5,0,21,3.88,0,0.591,1,0
25.89,1,863.6,0,15,23.41,0,0.357,1,0
57.49,5,57.7,0,18,30.23,0,0.291,0,0
63.1,4,197.5,0,17,60.35,0,0.129,1,0
126.15,2,1430.1,0,17,45.74,0,0.054,0,0
182.22,3,1588.6,0,4,0.39,0,0.424,0,0
19.22,2,178.7,0,7,16.54,1,0.584,0,0
32.22,5,24.0,0,2,41.3,0,0.358,0,0
173.71,2,247.4,0,5,15.76,0,0.063,0,0
54.9,7,206.2,0,17,82.01,0,0.54,0,0
106.89,4,1510.9,0,8,95.72,0,0.509,0,0
6.85,3,3.5,0,8,16.06,0,0.299,1,0
84.66,9,328.3,0,15,51.48,0,0.155,0,0
37.37,1,1004.0,0,4,83.9,0,0.287,0,0
26.34,0,496.4,0,0,40.05,0,0.458,1,0
76.53,1,276.9,0,8,245.25,1,0.793,0,1
72.23,2,882.5,0,16,22.19,0,0.358,1,0
2.59,1,3807.1,0,1,25.44,0,0.0,1,0
155.63,5,70.9,0,22,0.74,2,0.0,0,0
411.5,2,64.5,1,4,331.07,0,0.777,1,1
9.74,3,235.4,0,7,78.28,0,0.528,0,0
127.23,1,255.6,0,4,65.72,1,0.694,1,1
286.24,1,170.2,1,7,178.8,0,0.699,1,1
86.17,3,758.0,0,2,34.75,1,0.341,0,0
143.49,8,517.9,0,17,38.17,1,0.181,0,0
30.41,1,1884.2,1,2,51.03,0,0.226,1,0
3.84,7,313.1,0,16,47.52,1,0.174,0,0
132.8,4,160.5,0,6,20.65,0,0.364,0,0
91.78,3,163.1,0,22,35.56,0,0.409,1,0
373.17,1,813.9,1,19,200.83,0,0.681,1,1
41.74,1,127.7,0,6,42.7,0,0.503,0,0
14.48,2,13.6,0,17,26.43,0,0.33,0,0
55.25,4,2087.4,1,22,33.14,0,0.357,1,0
134.98,2,1393.7,0,5,27.88,1,0.424,0,0
150.12,8,1169.8,0,3,30.24,1,0.196,0,0
107.72,3,847.1,0,13,22.32,0,0.229,1,0
98.39,6,368.3,0,21,55.93,0,0.452,1,0
217.63,1,2010.8,0,22,26.27,1,0.366,1,0
149.67,5,467.7,1,16,,0,0.19,1,0
57.42,2,6.1,0,12,53.59,0,0.0,0,0
27.67,5,93.0,1,18,18.37,0,0.337,0,0
64.82,6,1053.7,0,9,11.33,0,0.185,0,0
114.49,3,1110.1,0,0,58.95,0,0.206,0,0
3.94,3,337.9,0,16,5.27,0,0.164,0,0
126.5,5,1253.7,0,8,0.5,0,0.272,0,0
85.07,3,1368.7,0,6,44.11,1,0.07,1,0
38.09,4,1872.4,1,12,,0,0.644,0,0
48.76,3,1033.0,0,10,47.05,0,0.411,1,0
28.26,2,58.7,0,18,5.02,0,0.473,1,0
76.12,2,1964.5,0,19,4.82,0,0.146,0,0
112.48,4,109.1,0,1,46.57,1,0.41,1,0
116.83,7,861.9,0,4,21.79,0,0.327,0,0
134.7,6,516.8,0,7,10.18,0,0.211,1,0
124.22,2,5.4,0,4,46.37,0,0.158,1,0
101.07,5,984.2,0,7,36.38,0,0.448,1,0
33.76,2,232.0,0,21,66.31,0,0.247,1,0
49.69,2,1198.4,0,23,26.04,0,0.298,1,0
132.52,0,270.6,0,0,18.34,0,0.369,0,0
69.13,5,1715.5,0,10,2.28,0,0.068,0,0
124.46,5,2058.4,1,6,8.96,0,0.479,0,0
23.25,4,441.0,0,12,31.29,0,0.244,0,0
74.29,4,744.9,0,8,36.56,0,0.04,0,0
74.11,3,594.9,0,8,6.18,0,0.333,1,0
39.85,1,1679.4,0,16,17.98,0,0.632,0,0
56.32,3,1506.0,0,16,39.52,0,0.455,0,0
109.16,7,1787.9,0,21,28.32,1,0.09,1,0
134.84,5,691.3,0,3,8.22,1,0.187,0,0
88.13,2,22.3,0,17,10.75,0,0.152,0,0
158.9,3,92.9,0,19,15.6,0,0.71,0,0
162.49,2,335.3,1,20,0.33,0,0.176,0,0
9.85,8,45.5,0,23,86.57,0,0.377,1,0
22.09,1,1965.4,0,18,12.43,0,0.234,0,0
56.84,6,738.9,0,11,41.87,0,0.359,1,0
214.24,3,82.6,0,5,20.71,0,0.0,0,0
134.14,2,1001.3,0,2,45.27,0,0.519,1,0
60.13,1,1665.7,0,20,31.91,0,0.601,1,0
189.02,2,62.4,1,2,117.76,4,0.408,0,1
68.46,6,109.2,0,11,11.9,0,0.552,0,0
5.47,6,196.0,0,10,11.03,1,0.432,0,0
65.34,7,761.8,0,6,17.7,0,0.205,1,0
126.4,4,924.9,0,6,101.2,0,0.056,0,0
71.47,1,542.6,0,0,15.19,0,0.027,0,0
103.39,6,0.0,0,0,32.67,0,0.522,0,0
29.44,4,602.5,0,2,14.73,0,0.356,1,0
33.89,1,152.0,0,17,13.81,0,0.406,1,0
79.89,6,1512.6,1,6,4.38,1,0.0,1,0
16.74,4,376.3,0,2,30.88,0,0.569,0,0
133.02,5,1200.0,1,12,50.01,0,0.367,0,0
36.3,4,93.6,0,6,2.35,0,0.0,1,0
83.51,4,627.7,0,4,45.67,0,0.115,0,0
92.12,4,386.2,0,10,14.09,0,0.321,0,0
250.32,4,1030.6,0,23,9.31,2,0.0,0,0
178.86,3,1218.6,0,9,5.67,0,0.0,0,0
115.31,1,410.2,0,12,65.38,0,0.472,1,0
35.29,5,665.5,0,23,16.6,0,0.201,1,0
90.34,2,1152.5,0,4,46.27,0,0.267,0,0
193.91,4,254.8,1,23,62.12,0,0.241,1,0
1.74,2,393.3,1,3,42.62,0,0.58,0,0
143.0,2,1386.4,0,16,41.29,1,0.626,0,0
39.79,5,275.0,0,15,21.27,0,0.164,0,0
4.41,5,692.4,1,12,7.37,0,0.634,0,0
56.71,3,716.4,0,9,,0,0.227,1,0
66.04,4,837.9,0,16,11.08,1,0.297,0,0
415.33,2,855.4,0,0,140.66,0,0.339,1,1
35.01,1,285.7,0,5,42.45,0,0.301,1,0
16.08,3,2372.6,0,11,32.43,0,0.078,0,0
90.46,2,1425.8,0,20,39.33,3,0.273,1,0
47.4,5,1261.9,0,18,70.96,1,0.633,0,0
305.16,2,230.7,0,11,175.72,0,0.587,0,1
592.66,1,72.8,1,15,302.21,0,0.198,1,1
116.14,4,1478.5,0,15,18.9,1,0.309,1,0
47.84,1,189.0,0,23,29.13,0,0.133,1,0
40.95,3,442.3,0,15,15.74,1,0.685,0,0
7.65,1,306.7,0,7,34.41,1,0.377,0,0
64.42,3,927.6,0,1,49.32,1,0.122,1,0
56.69,6,828.8,0,11,37.14,0,0.446,0,0
27.12,6,26.0,0,21,12.16,0,0.229,1,0
87.83,2,378.6,0,22,43.54,1,0.424,0,0
49.61,5,399.1,0,14,13.47,0,0.463,0,0
74.02,0,516.8,0,17,23.81,0,0.423,0,0
5.44,4,360.6,0,9,12.95,0,0.505,1,0
34.49,3,175.3,0,17,2.89,1,0.0,1,0
77.05,3,55.5,0,8,150.4,3,0.824,0,1
64.88,2,1505.6,1,6,4.53,0,0.496,0,0
95.71,6,13.7,0,20,4.74,0,0.301,0,0
45.89,5,182.1,0,18,54.89,0,0.195,0,0
177.47,0,483.1,0,10,15.44,0,0.874,0,0
36.56,2,2251.9,0,11,47.92,0,0.28,0,0
176.89,6,156.3,0,19,15.72,0,0.458,0,0
114.85,2,911.9,0,10,8.05,0,0.0,1,0
181.53,2,498.1,0,15,63.69,1,0.558,1,1
202.93,2,1654.9,0,18,28.67,0,0.54,0,0
1.2,2,1398.3,0,14,61.09,0,0.463,0,0
172.23,5,190.7,0,12,42.35,0,0.41,1,0
99.76,2,272.4,0,3,20.24,0,0.689,1,0
47.29,6,824.5,0,5,41.87,0,0.181,0,0
125.22,5,1294.6,0,1,60.88,0,0.448,0,0
105.68,7,2596.6,0,20,43.85,1,0.049,0,0
128.85,2,293.6,0,12,8.82,0,0.301,1,0
20.34,3,620.8,0,11,53.37,0,0.067,0,0
151.07,3,487.5,0,8,39.08,0,0.0,1,0
6.2,7,661.4,0,20,18.79,0,0.0,1,0
53.0,3,149.2,0,1,34.48,0,0.168,1,0
49.72,4,1181.5,1,10,16.99,0,0.018,0,0
85.31,0,1139.2,0,20,25.86,0,0.134,0,0
34.67,3,15.5,0,9,94.76,1,0.152,1,0
35.12,4,343.3,0,4,36.45,0,0.51,0,0
10.13,2,613.6,0,13,60.66,1,0.127,0,0
47.95,2,908.2,0,6,71.22,1,0.068,0,0
76.61,4,927.2,1,3,28.36,0,0.081,1,0
104.47,4,910.2,0,4,13.67,0,0.331,1,0
43.49,4,341.5,0,19,75.19,0,0.183,0,0
66.45,0,316.1,0,14,40.31,0,0.192,1,0
74.26,6,579.9,0,16,69.5,0,0.253,0,0
28.49,4,271.2,0,22,18.52,0,0.024,0,0
74.19,6,486.4,1,15,7.56,1,0.224,0,0
194.06,4,1628.6,1,7,15.63,0,0.473,0,0
29.86,3,118.0,0,8,12.6,0,0.189,0,0
123.33,4,82.3,0,10,15.11,1,0.575,1,1
315.04,0,218.5,0,22,218.99,1,0.629,1,1
151.99,3,441.5,1,1,55.12,0,0.404,0,0
29.52,5,995.2,1,0,15.84,0,0.0,0,0
117.43,1,810.0,0,15,0.56,0,0.318,1,0
38.94,3,254.2,0,10,1.36,0,0.306,1,0
38.58,4,710.9,0,18,7.39,1,0.362,0,0
72.48,0,1053.5,0,9,72.16,0,0.143,1,0
66.59,3,15.0,0,11,20.65,0,0.603,0,0
171.14,3,72.3,1,13,11.47,0,0.449,0,0
204.92,8,439.2,0,0,12.25,0,0.198,1,0
99.37,3,672.2,0,12,31.11,0,0.301,1,0
57.16,3,1558.0,0,2,23.05,0,0.32,1,0
61.02,2,185.7,1,8,3.22,1,0.231,1,0
178.97,4,468.4,0,1,15.63,1,0.324,1,0
60.54,4,505.5,0,22,13.72,0,0.0,1,0
30.82,4,424.9,0,5,38.55,0,0.64,0,0
91.08,5,198.8,0,23,28.92,0,0.465,0,0
162.55,1,700.3,0,15,2.81,0,0.466,0,0
33.39,4,1314.4,1,19,31.34,0,0.196,1,0
25.82,5,878.2,0,8,52.5,1,0.164,1,0
116.26,3,277.4,0,20,44.58,0,0.0,1,0
100.56,5,500.4,0,17,19.32,0,0.272,1,0
93.46,2,1308.2,1,18,51.58,1,0.156,0,0
62.48,5,1.2,0,17,85.58,1,0.424,1,0
22.72,6,3000.0,0,6,10.17,0,0.368,0,0
82.54,2,367.9,1,11,223.65,1,0.637,0,1
84.42,1,191.7,0,16,39.01,0,0.148,0,0
120.72,4,887.9,0,7,36.2,0,0.836,0,0
329.88,3,168.1,1,11,275.39,1,0.83,1,1
106.55,5,518.5,0,23,85.74,1,0.36,1,0
90.35,4,162.4,0,18,22.45,0,0.43,1,0
162.6,4,81.7,0,7,3.13,0,0.54,0,0
15.08,5,244.0,0,8,31.42,0,0.0,0,0
242.66,4,286.4,0,5,166.23,2,0.259,1,1
83.66,4,449.7,0,3,1.78,0,0.475,0,0
141.82,3,378.2,0,9,38.4,1,0.343,1,0
143.63,1,59.6,0,1,114.68,1,0.77,1,1
13.42,6,35.8,0,20,12.32,1,0.438,1,0
676.42,1,2.8,0,20,293.62,0,0.357,0,1
37.73,3,325.7,1,14,28.31,3,0.759,1,1
24.04,7,1226.5,1,11,80.09,0,0.286,0,0
148.11,4,413.6,0,9,37.47,0,0.413,1,0
142.62,6,1052.3,0,14,36.86,0,0.0,0,0
140.12,4,424.7,0,2,19.8,0,0.386,1,0
47.06,2,124.8,0,18,29.14,0,0.486,0,0
22.17,3,386.5,0,2,54.22,0,0.498,0,0
107.49,5,126.9,0,3,74.36,0,0.358,1,0
81.8,4,626.8,0,4,45.13,0,0.54,0,0
22.83,4,336.8,0,12,49.39,0,0.051,0,0
27.24,5,699.1,0,21,32.78,1,0.379,1,0
93.71,4,65.3,0,9,54.57,0,0.771,1,0
105.62,3,298.9,0,4,43.82,0,0.392,0,0
104.87,3,165.4,0,0,35.33,0,0.308,0,0
91.47,3,371.2,0,11,40.2,0,0.349,0,0
42.06,4,2326.8,0,13,51.25,0,0.228,0,0
64.89,1,1566.2,0,5,38.44,0,0.212,1,0
43.91,11,2929.3,1,14,1.48,1,0.318,1,0
52.52,4,2062.0,0,11,39.9,0,0.277,0,0
48.8,3,821.5,0,3,33.57,0,0.077,0,0
18.27,2,893.7,0,3,60.47,0,0.348,1,0
4.73,9,919.4,0,9,8.26,0,0.08,1,0
18.06,4,34.0,0,19,20.75,0,0.0,0,0
40.8,6,1676.5,1,2,2.03,0,0.55,1,0
62.8,2,826.6,0,6,103.7,0,0.273,0,0
89.8,3,129.9,0,5,33.1,1,0.005,1,0
23.58,8,877.1,0,20,61.23,0,0.551,0,0
165.12,5,133.0,0,15,92.47,0,0.37,1,0
28.28,3,857.4,0,1,44.16,0,0.0,0,0
99.91,2,148.9,0,18,38.56,0,0.159,1,0
58.05,2,67.5,0,16,13.09,0,0.154,0,0
147.42,3,540.0,0,4,34.59,0,0.614,0,0
396.72,3,137.3,0,14,30.19,0,0.642,0,1
58.56,7,1917.2,1,0,10.99,0,0.0,1,0
224.04,1,210.1,0,14,86.85,0,0.306,0,0
37.86,7,466.9,0,12,58.35,0,0.239,1,0
122.77,1,1072.2,0,17,14.39,0,0.0,1,0
182.38,0,923.9,0,16,49.45,0,0.407,0,0
102.19,3,283.4,0,13,45.56,0,0.467,1,0
23.57,1,2589.4,0,12,7.45,0,0.565,1,0
41.57,4,213.5,0,6,10.24,0,0.078,1,0
136.08,6,112.4,0,1,50.46,0,0.288,1,0
50.68,2,980.6,0,20,45.48,0,0.574,1,0
63.23,9,768.2,1,4,49.92,0,0.486,0,0
56.12,2,1433.2,0,22,17.8,1,0.33,0,0
18.0,1,569.1,0,6,36.05,0,0.048,1,0
66.14,3,528.8,0,1,29.46,0,0.304,0,0
181.73,1,575.9,0,16,210.43,1,0.672,1,1
133.68,2,475.2,0,8,74.81,0,0.0,1,0
22.79,5,261.7,0,15,49.48,0,0.384,1,0
110.89,1,189.0,0,19,1.43,0,0.505,1,0
32.63,9,409.3,0,18,0.78,0,0.463,0,0
1.5,6,762.8,0,14,43.05,0,0.354,0,0
19.58,1,390.4,0,5,49.35,1,0.507,0,0
178.91,3,556.8,0,19,24.41,0,0.658,1,0
51.27,6,806.5,0,17,1.21,0,0.348,1,0
17.94,6,123.0,0,5,0.55,0,0.465,0,0
119.92,4,1464.5,0,9,12.89,0,0.0,1,0
63.63,6,504.6,0,11,1.56,0,0.26,1,0
138.49,3,508.3,1,2,6.27,0,0.431,1,0
43.69,1,162.2,1,23,149.49,0,0.638,0,1
94.4,5,132.9,0,17,59.3,0,0.575,0,0
94.37,3,677.9,0,7,42.41,1,0.234,0,0
114.72,6,807.6,0,6,12.88,0,0.541,0,0
70.72,3,54.3,0,22,18.79,0,0.282,1,0
12.38,10,346.5,0,21,3.97,0,0.364,0,0
101.35,4,182.9,0,19,78.31,0,0.17,1,0
5.7,1,1258.8,0,2,,0,0.425,1,0
51.31,1,96.9,1,17,257.9,2,0.476,1,1
169.48,1,2159.9,0,11,2.49,0,0.255,1,0
19.97,0,686.3,0,18,58.93,0,0.299,0,0
122.97,6,73.5,0,2,66.15,0,0.43,0,0
60.65,3,110.8,0,6,39.84,0,0.211,1,0
28.64,1,210.6,1,20,50.72,1,0.314,0,0
167.11,2,258.7,0,20,42.1,0,0.348,0,0
69.89,1,196.1,0,11,26.45,1,0.586,1,0
62.06,1,1425.9,0,8,41.07,0,0.338,1,0
177.53,7,759.8,0,14,55.86,1,0.052,1,0
157.41,2,217.1,0,19,15.06,1,0.235,0,0
124.58,3,137.3,0,17,58.75,1,0.428,1,0
152.5,6,1222.5,0,19,31.15,0,0.368,1,0
41.78,3,405.0,0,1,34.22,0,0.067,1,0
110.62,1,669.1,0,18,8.56,0,0.355,1,0
3.91,3,13.4,0,18,46.57,0,0.564,1,0
116.55,7,2302.3,0,23,20.9,0,0.089,1,0
126.81,5,818.2,0,17,10.46,0,0.293,0,0
66.01,4,1867.6,1,6,36.57,0,0.083,1,0
49.14,1,159.9,0,9,72.96,0,0.225,1,0
20.37,3,538.0,0,15,15.83,1,0.33,0,0
61.61,6,700.3,0,18,28.86,0,0.661,1,0
8.3,7,711.4,0,2,0.43,0,0.509,0,0
41.22,2,1276.5,0,20,5.47,0,0.346,1,0
33.39,4,491.4,1,14,52.48,0,0.711,0,0
17.84,6,404.1,0,14,25.23,0,0.049,1,0
12.0,4,584.5,1,7,56.48,0,0.116,1,0
93.59,4,210.4,0,11,57.23,0,0.32,1,0
96.96,3,151.3,0,12,42.34,0,0.239,1,0
2.05,4,43.8,1,20,3.29,0,0.331,0,0
46.7,3,504.6,0,6,17.93,1,0.0,0,0
130.01,4,686.7,0,18,0.07,0,0.0,0,0
23.64,2,2519.4,0,15,54.03,0,0.203,1,0
58.06,3,127.0,0,17,7.25,3,0.0,1,1
99.84,5,1220.6,0,12,22.29,0,0.744,1,0
104.68,2,2197.9,0,14,5.74,0,0.339,0,0
157.79,3,533.8,0,3,56.75,0,0.666,0,1
40.76,4,1368.0,0,8,14.75,1,0.3,1,0
48.29,4,346.7,0,14,3.72,0,0.358,0,0
79.2,4,581.3,0,9,9.88,0,0.437,0,0
115.91,3,754.7,0,9,2.11,0,0.177,1,0
79.22,4,22.1,0,8,119.49,1,0.378,0,0
91.62,3,575.5,0,0,20.07,0,0.086,0,0
81.15,9,149.4,0,2,3.0,0,0.222,1,0
90.49,3,1378.2,0,17,60.58,0,0.272,0,0
170.06,2,476.5,1,8,38.23,1,0.652,1,0
43.92,3,2243.5,0,11,21.56,0,0.589,0,0
3.81,5,669.7,0,11,11.59,0,0.0,0,0
95.4,4,177.2,1,18,16.97,1,0.238,0,0
91.72,6,1748.6,0,9,74.34,0,0.205,1,0
94.1,3,695.9,1,14,30.12,0,0.2,0,0
16.93,2,452.0,0,23,49.69,0,0.155,1,0
23.15,3,88.5,0,6,39.91,0,0.496,1,0
46.21,3,261.2,0,22,39.11,0,0.239,0,0
136.03,3,2024.6,0,8,4.7,1,0.177,0,0
109.77,4,254.3,0,16,24.26,0,0.029,1,0
30.25,4,24.5,0,15,57.9,0,0.218,0,0
24.27,2,2268.8,0,1,15.43,1,0.148,1,0
111.0,5,206.0,0,22,59.33,0,0.142,0,0
1.09,4,889.2,0,11,32.39,0,0.0,0,0
45.71,3,693.3,0,15,6.0,0,0.472,0,0
86.0,5,199.4,0,3,9.15,2,0.276,1,0
137.05,4,158.6,0,16,46.48,0,0.006,0,0
65.16,5,305.0,0,22,42.1,0,0.637,0,0
40.0,2,2519.5,0,8,38.98,0,0.405,0,0
113.49,0,202.9,0,10,46.82,0,0.331,0,0
76.74,2,208.5,0,5,9.6,0,0.356,0,0
25.12,1,316.3,0,0,8.68,0,0.551,0,0
15.84,6,481.3,0,9,,1,0.137,0,0
51.44,2,74.8,0,15,7.46,0,0.282,1,0
49.34,3,764.0,0,2,9.73,1,0.361,0,0
125.32,4,134.0,0,5,32.01,0,0.039,0,0
93.13,5,267.2,0,20,50.37,0,0.0,1,0
79.82,5,659.9,0,8,8.91,0,0.729,0,0
100.68,5,257.8,1,4,72.58,0,0.439,1,0
63.98,7,1120.0,0,3,48.57,0,0.189,0,0
94.25,5,1207.1,0,14,1.43,1,0.194,1,0
50.05,5,1298.4,0,11,33.2,0,0.135,0,0
96.87,2,6.7,0,13,88.98,0,0.093,1,0
4.99,7,737.7,0,1,22.55,0,0.153,1,0
16.15,7,1302.3,0,12,0.46,0,0.666,1,0
74.64,2,2768.9,0,21,39.93,1,0.111,0,0
313.05,3,2.0,0,17,148.09,1,0.811,0,1
131.18,4,514.6,1,17,52.17,1,0.0,0,0
11.8,3,204.3,0,11,52.09,0,0.404,0,0
135.13,1,491.0,0,6,50.43,0,0.368,0,0
30.41,4,229.9,0,10,31.58,0,0.182,1,0
166.26,2,904.6,0,5,60.81,1,0.186,1,0
62.82,0,498.0,1,19,41.04,1,0.884,1,1
163.38,4,840.1,0,22,6.29,0,0.0,0,0
100.46,5,558.3,0,18,3.96,0,0.362,1,0
32.91,1,46.1,0,21,1.4,0,0.0,0,0
83.99,3,13.5,0,6,5.52,0,0.252,0,0
90.72,2,712.9,1,8,26.55,0,0.301,0,0
132.72,1,139.9,0,9,13.83,0,0.057,0,0
58.53,5,1986.2,0,2,18.68,0,0.0,0,0
57.65,2,95.5,0,2,88.83,1,0.396,0,0
18.4,3,1373.4,0,2,21.77,0,0.121,0,0
172.49,2,991.1,0,7,0.64,0,0.205,1,0
109.84,0,1552.1,0,11,24.58,0,0.397,0,0
121.14,5,694.8,0,10,37.65,1,0.0,1,0
33.05,4,1470.0,0,3,63.99,0,0.333,0,0
22.89,3,233.3,0,15,5.62,0,0.39,1,0
73.26,6,107.4,0,16,0.95,0,0.0,1,0
64.44,5,2001.6,0,23,15.72,0,0.27,0,0
99.68,5,105.2,0,13,53.29,3,0.0,0,0
13.91,2,488.7,0,16,42.57,0,0.393,0,0
137.62,4,572.9,0,1,24.42,1,0.526,0,0
118.87,5,1317.4,0,21,34.68,0,0.276,0,0
23.21,1,219.3,1,13,3.79,0,0.426,1,0
266.35,1,129.5,0,0,64.17,1,0.0,1,0
140.25,4,1009.5,0,16,18.96,0,0.173,0,0
61.13,1,1384.0,0,3,7.76,0,0.546,0,0
28.63,3,855.5,0,12,8.69,0,0.299,0,0
103.77,2,143.2,0,17,22.12,0,0.0,0,0
66.62,3,47.2,0,22,52.75,0,0.361,0,0
190.52,3,613.1,0,4,88.63,0,0.0,0,0
73.48,4,234.6,0,1,51.59,0,0.17,0,0
96.34,4,109.6,0,10,18.24,0,0.309,1,0
250.44,1,224.2,1,0,266.95,0,0.494,1,1
50.91,1,62.2,1,17,78.45,3,0.437,1,1
7.35,3,115.3,0,16,62.34,1,0.525,1,0
147.71,1,98.6,0,21,54.19,2,0.104,1,0
197.68,3,3333.7,0,21,37.24,0,0.583,0,0
44.45,2,25.2,0,14,71.39,1,0.157,1,0
40.99,9,360.6,0,18,7.52,0,0.413,1,0
140.35,8,2648.0,0,14,47.94,1,0.553,1,0
4.49,7,733.3,1,20,5.09,1,0.308,0,0
37.72,8,469.7,0,3,5.7,0,0.296,1,0
181.91,5,1434.1,0,5,75.53,0,0.382,1,0
275.39,5,49.5,0,9,194.75,0,0.582,1,1
94.11,5,227.5,0,3,16.26,0,0.302,0,0
41.14,3,105.2,0,6,9.09,0,0.038,1,0
82.58,4,792.4,0,11,59.35,3,0.0,0,0
59.14,0,1422.1,0,22,26.48,1,0.09,0,0
45.07,2,1249.0,0,6,51.33,0,0.299,0,0
173.8,2,407.3,0,15,15.11,0,0.236,0,0
199.8,3,87.9,0,21,33.8,0,0.215,0,0
128.5,5,382.3,0,12,36.47,0,0.427,1,0
100.26,5,264.3,0,22,68.64,0,0.601,0,0
108.72,4,76.5,0,22,14.85,0,0.083,0,0
166.14,1,329.3,0,11,52.09,3,0.703,1,1
83.5,8,2095.3,0,18,3.36,0,0.0,0,0
55.31,4,176.2,0,13,30.86,1,0.354,1,0
87.78,4,61.2,1,15,56.68,0,0.168,0,0
44.34,4,217.8,0,4,47.42,0,0.192,1,0
119.21,4,3717.0,0,14,1.82,0,0.4,0,0
8.89,8,559.4,0,15,44.03,0,0.441,0,0
26.63,4,20.0,0,22,17.33,0,0.237,0,0
145.09,6,687.6,0,5,18.76,0,0.0,1,0
79.15,6,420.4,0,11,68.45,0,0.406,0,0
56.04,1,548.2,0,2,21.53,0,0.429,1,0
15.43,1,750.0,0,7,16.58,1,0.288,0,0
74.74,4,830.7,0,11,32.38,1,0.163,1,0
51.28,3,160.7,0,23,2.4,0,0.17,0,0
70.01,4,7.3,0,0,40.59,0,0.436,0,0
154.4,4,1153.1,0,20,34.35,0,0.339,1,0
124.58,1,1851.0,0,13,10.51,0,0.412,1,0
129.16,9,639.9,0,10,27.06,0,0.345,1,0
22.2,3,113.1,0,2,48.48,0,0.086,0,0
126.36,3,556.7,0,13,35.67,2,0.142,0,0
42.0,2,159.0,0,15,8.18,1,0.318,0,0
0.79,4,192.5,0,20,1.74,0,0.37,1,0
98.3,5,72.4,1,7,22.11,0,0.062,0,0
28.9,3,58.0,1,14,106.31,1,0.207,1,1
33.68,7,190.6,0,12,23.55,0,0.263,0,0
8.3,4,1155.4,1,3,31.15,0,0.387,0,0
93.14,3,983.1,0,4,1.39,1,0.291,0,0
78.3,4,29.7,1,23,14.76,0,0.505,1,0
64.07,3,49.6,0,4,0.56,0,0.016,0,0
2.66,7,1082.0,0,6,83.7,0,0.311,0,0
135.04,3,665.7,0,2,14.68,0,0.474,0,0
40.87,8,1307.1,0,1,24.84,0,0.354,0,0
84.82,3,1028.3,0,5,31.9,1,0.277,0,0
25.27,1,501.0,0,2,41.38,0,0.138,1,0
36.49,3,16.1,0,4,83.93,0,0.656,1,0
206.93,2,172.9,0,14,43.4,0,0.231,0,0
67.56,0,205.7,0,21,40.62,0,0.256,0,0
46.03,6,503.7,0,15,23.09,0,0.354,0,0
112.19,4,510.5,0,13,39.27,1,0.194,0,0
60.81,1,843.3,0,4,5.88,0,0.459,1,0
126.54,3,980.2,0,2,7.65,0,0.286,1,0
5.2,2,283.9,0,6,48.11,0,0.608,1,0
118.8,3,1938.9,0,4,37.59,1,0.148,1,0
147.61,5,89.8,0,10,7.36,1,0.469,1,0
53.76,1,501.3,0,15,7.41,0,0.0,1,0
188.02,5,425.6,0,10,30.61,0,0.251,1,0
147.57,5,189.1,0,21,192.55,1,0.74,0,1
125.47,3,739.5,0,7,97.4,1,0.339,0,0
16.25,1,63.2,0,19,18.95,0,0.241,0,0
12.73,4,783.0,1,14,42.26,0,0.583,1,0
174.21,2,442.0,0,6,31.68,0,0.231,1,0
83.79,2,2671.9,0,7,72.97,0,0.173,0,0
69.28,2,540.9,0,1,64.08,0,0.183,1,0
38.95,3,357.0,0,15,50.63,0,0.408,1,0
65.39,2,353.6,0,10,16.54,0,0.724,1,0
203.18,1,1554.2,0,21,21.51,0,0.172,1,0
31.24,0,558.3,0,23,39.62,0,0.29,0,0
172.25,6,181.7,0,2,47.42,0,0.213,0,0
33.43,2,436.3,0,10,9.33,2,0.501,1,0
45.64,2,85.7,0,0,12.07,0,0.443,0,0
15.56,3,396.0,0,6,25.53,0,0.0,1,0
77.69,4,555.8,0,9,10.24,0,0.503,1,0
56.17,9,1046.5,0,11,58.34,1,0.001,0,0
80.88,5,804.5,0,19,26.97,0,0.0,1,0
51.86,4,2619.6,0,15,26.57,0,0.058,0,0
83.11,4,1437.7,1,11,21.39,0,0.514,0,0
117.54,3,488.3,0,8,33.67,0,0.319,1,0
108.26,4,19.7,1,19,,1,0.215,1,0
72.3,5,340.4,0,11,17.82,0,0.523,1,0
68.03,3,160.0,0,21,23.89,0,0.457,1,0
112.8,5,490.0,0,17,4.9,1,0.423,0,0
6.56,2,901.6,0,4,16.67,1,0.305,0,0
222.32,2,335.9,0,14,59.23,0,0.273,0,0
13.17,2,23.3,0,19,41.05,0,0.3,1,0
239.68,2,172.2,1,20,227.08,0,0.677,1,1
93.67,6,462.8,0,11,5.81,2,0.181,0,0
48.44,12,39.7,0,23,36.54,1,0.0,0,0
93.76,3,495.8,0,13,8.32,0,0.386,1,0
29.4,6,520.0,0,18,26.73,0,0.034,1,0
34.51,6,3254.4,1,2,18.1,1,0.128,0,0
29.4,2,610.0,0,14,29.54,2,0.255,1,0
141.96,2,2159.6,1,14,45.24,0,0.084,0,0
48.19,3,1165.3,0,6,9.91,0,0.384,0,0
69.54,5,483.1,0,20,42.32,1,0.0,1,0
74.54,10,2055.8,0,4,15.51,0,0.244,1,0
25.97,4,592.0,0,4,7.29,1,0.416,0,0
12.79,3,172.6,0,4,53.07,0,0.189,0,0
15.0,6,85.9,1,5,62.95,1,0.068,0,0
102.23,7,772.4,1,14,10.11,1,0.249,0,0
1.17,2,72.9,0,2,21.47,0,0.099,0,0
34.59,2,747.9,1,1,0.19,0,0.091,0,0
7.47,4,1433.3,1,7,3.07,0,0.0,0,0
70.56,2,312.9,1,2,325.24,0,0.8,1,1
165.72,4,1325.5,0,13,6.33,0,0.149,0,0
512.4,1,725.0,1,5,14.37,1,0.533,1,1
130.39,2,402.1,0,4,4.82,1,0.004,1,0
145.08,0,1560.0,0,0,37.73,0,0.039,1,0
79.03,2,479.6,1,21,72.06,1,0.315,1,0
50.71,2,140.1,0,13,37.42,0,0.056,1,0
50.16,3,814.9,0,23,22.19,0,0.557,0,0
79.79,4,277.4,0,10,48.99,0,0.569,1,0
161.45,7,3.9,1,16,81.26,0,0.462,1,0
83.57,3,28.3,0,23,40.84,0,0.477,1,0
11.44,2,632.2,0,9,0.69,0,0.0,1,0
22.29,2,419.4,0,22,4.37,0,0.306,0,0
48.23,1,1855.5,0,18,13.25,0,0.386,0,0
33.53,0,560.1,0,3,45.45,0,0.287,0,0
147.39,3,566.1,0,13,4.02,0,0.201,0,0
143.7,4,1568.4,0,2,28.36,0,0.426,1,0
166.91,1,363.6,0,18,292.35,1,0.715,0,1
57.74,0,198.8,0,9,20.45,0,0.014,1,0
4.13,2,1579.4,0,4,106.66,0,0.235,1,0
69.97,2,503.0,0,11,5.78,0,0.0,0,0
54.09,5,218.9,0,18,23.65,0,0.45,0,0
40.75,5,897.6,1,6,2.56,0,0.309,1,0
72.07,7,62.7,0,6,56.98,0,0.416,0,0
79.73,4,151.3,0,20,,0,0.431,0,0
38.28,2,604.9,0,7,12.5,0,0.095,1,0
69.8,1,36.5,0,9,35.08,0,0.0,1,0
99.46,4,108.2,0,18,1.45,0,0.342,1,0
141.73,1,1834.5,0,15,77.89,0,0.346,0,0
53.66,3,1001.2,0,2,42.16,1,0.118,1,0
103.67,4,131.0,0,12,21.54,1,0.526,1,0
62.59,1,1075.5,1,23,36.16,0,0.579,0,0
220.1,9,622.8,0,12,11.68,0,0.463,1,0
1.4,1,83.9,0,16,46.42,0,0.449,1,0
81.25,3,795.5,0,6,96.38,1,0.0,1,0
75.11,3,1221.8,0,18,35.55,1,0.132,1,0
183.25,4,1808.4,0,13,53.87,0,0.552,0,0
117.19,3,120.4,1,14,5.63,0,0.337,0,0
131.75,5,100.4,0,7,52.19,1,0.378,0,0
79.79,5,3282.5,1,5,33.56,2,0.391,1,0
49.38,7,103.2,0,20,56.55,2,0.535,0,0
71.86,5,875.1,0,20,84.21,0,0.53,1,0
107.9,1,428.5,0,11,47.24,0,0.007,1,0
59.45,5,1085.1,0,11,32.68,0,0.546,0,0
116.98,3,619.6,0,17,7.39,1,0.166,0,0
75.65,3,429.8,0,7,0.82,1,0.052,0,0
116.59,6,202.7,0,6,78.38,0,0.402,0,0
30.45,2,298.4,0,7,50.33,0,0.468,0,0
27.88,3,109.7,0,1,23.0,0,0.081,0,0
14.81,4,1920.3,0,23,13.97,0,0.491,1,0
137.0,4,15.7,0,0,4.69,0,0.387,1,0
114.75,3,869.7,0,0,20.81,0,0.307,0,0
122.24,6,423.6,0,23,25.78,1,0.09,1,0
58.63,2,1838.5,1,7,68.83,0,0.083,0,0
4.56,2,651.5,0,9,69.42,1,0.512,1,0
104.92,3,762.5,0,12,48.17,0,0.437,0,0
210.31,3,659.0,0,14,7.8,0,0.726,1,1
90.41,3,11.5,0,4,17.34,0,0.228,0,0
5.45,4,116.0,0,23,14.12,0,0.297,0,0
68.48,4,184.9,0,10,36.04,0,0.203,1,0
206.69,4,560.4,1,7,11.32,0,0.069,1,0
90.49,5,188.7,0,0,76.8,0,0.275,0,0
71.88,3,328.9,0,2,52.63,0,0.394,0,0
18.09,4,952.0,0,6,41.87,1,0.34,1,0
46.23,2,70.2,1,18,96.03,1,0.518,0,1
36.77,2,191.4,0,21,13.03,0,0.303,1,0
98.5,3,772.6,0,8,52.91,0,0.23,1,0
140.13,5,747.8,0,10,62.67,0,0.12,0,0
9.39,0,150.3,0,6,27.41,0,0.0,0,0
193.33,3,439.1,1,2,152.46,1,0.181,1,1
3.62,2,325.5,0,18,65.94,0,0.389,0,0
73.67,7,29.2,0,5,45.36,1,0.224,1,0
117.84,1,1393.7,1,1,26.15,0,0.381,1,0
125.86,6,1934.0,0,14,7.86,0,0.314,1,0
46.23,3,838.0,0,2,6.37,1,0.0,0,0
34.43,3,239.3,0,19,46.6,0,0.0,0,0
48.74,7,227.9,0,11,74.49,1,0.159,1,0
44.34,4,204.8,0,11,29.56,0,0.19,1,0
17.33,8,407.5,0,17,40.24,0,0.087,1,0
31.73,3,1024.2,0,15,2.33,0,0.139,0,0
174.49,7,696.1,1,22,11.39,0,0.0,0,0
32.21,3,336.6,0,11,28.76,1,0.0,1,0
106.76,4,6.6,1,2,86.49,0,0.128,1,0
128.23,5,126.6,0,0,59.44,0,0.458,0,0
93.63,5,230.2,0,10,11.43,0,0.0,1,0
54.04,3,212.9,1,17,27.22,0,0.557,0,0
12.35,2,386.3,0,17,50.45,0,0.223,1,0
150.88,5,272.0,0,21,28.32,0,0.228,0,0
27.82,8,15.0,0,1,30.29,0,0.345,1,0
95.09,4,158.1,0,4,31.73,0,0.297,0,0
54.48,4,633.4,0,1,36.41,1,0.454,0,0
175.5,1,323.0,0,17,97.74,1,0.491,1,1
45.58,3,818.8,0,19,33.09,1,0.353,0,0
3.3,4,455.8,0,9,14.4,0,0.0,0,0
176.71,5,1052.2,0,7,13.19,0,0.285,1,0
58.01,5,1400.8,0,14,12.56,0,0.382,1,0
68.66,3,333.8,0,2,0.21,0,0.0,0,0
75.75,8,1639.9,0,17,16.84,0,0.513,0,0
35.38,4,191.6,0,17,37.82,2,0.501,0,0
124.2,2,191.1,0,15,16.87,0,0.393,0,0
115.15,5,457.0,0,10,45.55,0,0.241,0,0
53.8,3,60.1,0,4,33.84,0,0.57,1,1
155.92,4,632.4,0,11,27.97,0,0.269,1,0
53.83,7,149.8,0,11,19.07,0,0.543,0,0
139.48,2,181.0,0,16,25.6,0,0.422,1,0
144.27,2,86.7,1,15,40.7,0,0.386,0,0
76.04,4,543.5,0,14,24.72,0,0.3,1,0
31.12,4,1494.9,0,1,32.25,0,0.178,1,0
186.19,3,14.8,1,2,27.39,0,0.249,1,0
48.11,4,1050.9,0,4,35.52,0,0.101,1,0
66.75,1,1008.0,0,13,22.8,0,0.193,0,0
87.86,3,824.6,0,1,59.17,1,0.556,1,0
0.14,6,842.1,0,6,41.04,0,0.308,1,0
33.58,3,269.9,0,7,20.95,0,0.232,0,0
42.71,7,234.6,0,20,4.49,0,0.107,0,0
71.03,1,199.3,0,22,160.27,0,0.868,0,1
140.35,4,591.4,0,8,3.12,0,0.009,0,0
113.8,3,229.5,1,7,187.94,0,0.277,1,1
133.46,3,1683.3,0,12,68.11,0,0.0,0,0
86.36,2,297.6,1,13,14.72,0,0.631,0,0
47.52,2,843.4,0,13,30.33,0,0.897,0,0
123.28,0,167.8,0,8,40.17,0,0.328,0,0
212.81,2,223.1,1,15,15.19,1,1.0,0,1
1.66,2,63.5,0,21,,0,0.144,1,0
85.09,2,4421.5,0,18,68.63,0,0.37,0,0
133.63,2,138.5,0,3,49.29,0,0.163,0,0
120.71,6,1319.0,1,12,29.45,0,0.584,1,0
120.34,5,1859.1,0,0,92.25,0,0.403,1,0
157.95,2,372.9,0,12,63.87,0,0.266,1,0
27.09,4,325.3,0,4,38.22,0,0.373,1,0
61.26,3,999.1,1,19,76.88,0,0.24,0,0
135.67,6,137.1,0,15,18.7,0,0.452,1,0
74.71,1,553.7,0,13,39.06,0,0.0,0,0
125.22,5,319.7,0,7,5.57,0,0.301,1,0
105.06,2,498.0,0,21,34.02,0,0.406,0,0
97.34,6,3777.2,0,19,23.33,1,0.74,0,0
4.65,1,326.9,0,4,43.08,0,0.259,0,0
108.35,2,526.2,1,2,63.46,0,0.911,0,1
38.13,3,911.6,0,2,47.0,0,0.399,1,0
73.43,3,249.9,1,8,19.03,0,0.264,1,0
111.58,3,32.4,0,23,37.49,0,0.133,1,1
25.08,2,1463.8,0,4,46.12,0,0.377,0,0
328.38,4,52.8,1,3,199.34,0,0.752,1,1
143.81,5,153.5,0,6,33.37,0,0.287,0,0
216.54,3,107.5,1,2,274.42,0,0.693,0,1
105.78,2,219.5,1,4,47.7,1,0.018,0,0
0.82,2,111.1,0,3,44.9,1,0.413,0,0
33.05,2,142.1,0,21,15.99,0,0.565,1,0
3.02,4,56.8,0,13,52.35,0,0.17,0,0
115.46,2,409.1,0,20,75.66,1,0.0,0,0
57.25,2,174.7,0,9,8.12,0,0.473,0,0
129.33,3,1567.2,0,2,57.63,1,0.63,1,0
79.21,5,980.3,1,14,3.54,0,0.273,0,0
15.04,1,527.1,0,19,32.62,0,0.659,0,0
4.78,4,876.8,0,23,21.54,0,0.248,1,0
0.81,4,119.2,1,19,24.34,0,0.116,0,0
85.1,5,971.4,1,12,33.99,1,0.398,0,0
91.45,6,281.3,0,16,21.18,1,0.461,0,0
143.94,0,1023.7,0,6,51.72,0,0.251,0,0
49.27,5,289.8,0,8,49.15,1,0.182,0,0
173.3,5,327.9,0,9,122.56,0,0.262,1,1
136.95,2,66.7,0,11,38.47,0,0.57,0,0
290.18,0,104.0,1,20,5.43,1,0.547,1,1
688.99,1,373.0,1,14,158.65,0,0.801,0,1
408.77,2,216.4,0,12,8.7,2,0.589,1,1
131.91,5,1205.5,0,6,51.22,1,0.231,0,0
18.36,4,1491.5,0,14,58.57,0,0.082,1,0
16.19,8,1408.5,0,12,31.6,0,0.08,1,0
81.72,5,810.6,0,16,20.67,0,0.429,0,0
21.99,4,910.6,0,13,42.17,0,0.241,0,0
30.73,2,530.5,0,6,18.35,0,0.063,0,0
93.05,4,207.6,0,15,24.54,0,0.22,0,0
152.22,3,275.0,0,7,95.28,0,0.295,1,0
199.17,2,443.4,0,17,22.77,0,0.102,1,0
58.26,4,158.2,0,5,13.13,0,0.421,1,0
196.08,3,171.7,0,11,10.07,0,0.509,0,0
494.02,2,211.2,0,23,108.36,0,0.476,1,1
85.61,3,512.0,0,7,15.57,1,0.0,0,0
84.64,2,344.4,0,20,54.5,2,0.195,1,0
103.82,3,488.0,0,0,45.45,0,0.363,1,0
250.04,2,122.1,0,6,165.03,1,0.74,1,1
180.05,1,654.3,0,6,18.84,0,0.49,0,1
77.48,2,74.8,0,13,0.23,0,0.271,0,0
74.92,6,144.4,0,14,13.11,0,0.384,0,0
109.25,8,1586.5,0,5,2.79,0,0.147,0,0
86.62,4,382.7,0,12,7.68,0,0.3,0,0
318.97,1,64.2,0,12,134.87,0,0.48,1,1
23.0,2,90.8,1,8,10.34,0,0.0,1,0
93.25,2,468.8,0,17,56.42,1,0.095,1,0
87.1,4,828.3,0,21,12.64,0,0.0,0,0
81.0,5,31.7,0,23,23.22,0,0.0,1,0
42.69,4,388.8,0,18,26.2,0,0.257,0,0
84.4,1,1343.5,1,4,80.19,0,0.444,1,0
14.8,5,318.7,0,12,24.38,1,0.0,0,0
17.08,3,374.0,0,3,40.54,0,0.372,0,0
13.89,4,250.9,0,13,2.3,0,0.046,0,0
141.96,1,1002.3,0,3,42.81,3,0.656,1,1
95.25,6,359.0,0,0,57.32,0,0.206,0,0
102.71,3,225.7,0,18,84.58,0,0.261,1,0
1.97,4,1417.0,0,5,28.6,0,0.335,0,0
156.5,3,150.2,0,15,,0,0.281,0,0
0.25,1,620.0,0,13,7.2,1,0.0,0,0
149.77,5,892.3,0,23,3.64,1,0.333,1,0
168.99,4,888.1,0,8,35.03,0,0.154,0,0
12.96,0,51.3,0,6,78.0,1,0.444,1,0
62.9,0,49.3,0,9,43.18,0,0.435,0,0
13.43,2,743.6,0,19,31.39,0,0.28,1,0
15.51,2,474.7,0,5,31.29,1,0.569,1,0
97.93,1,31.1,0,12,25.3,0,0.014,1,0
96.05,2,167.2,0,6,75.18,0,0.245,0,0
27.07,1,47.7,0,11,29.44,0,0.427,0,0
233.48,1,2.4,0,8,104.26,0,0.927,0,1
25.61,3,1774.8,0,8,65.09,0,0.472,1,0
63.16,2,414.3,1,5,2.96,0,0.545,0,0
140.34,3,467.5,1,10,24.32,0,0.86,0,0
185.81,3,567.7,0,14,21.17,0,0.14,1,0
211.58,2,387.1,0,18,13.69,1,1.0,1,1
31.73,9,45.7,0,7,39.82,0,0.67,0,0
88.45,4,51.7,0,1,5.1,1,0.135,0,0
61.55,3,849.1,0,2,34.86,0,0.054,0,0
20.85,2,139.0,0,7,24.05,0,0.376,0,0
147.38,6,186.0,0,15,2.21,0,0.273,0,0
142.92,5,479.5,0,5,31.46,0,0.65,1,0
25.7,5,262.4,0,23,67.99,0,0.243,0,0
88.91,6,247.6,0,20,57.59,0,0.206,1,0
38.08,7,1604.4,0,13,2.05,1,0.162,0,0
13.1,3,1464.7,0,22,4.56,0,0.124,0,0
81.03,5,2583.0,0,18,17.36,0,0.052,1,0
69.55,2,99.8,0,20,36.75,0,0.344,0,0
155.29,4,1508.9,0,2,42.88,0,0.558,0,0
64.2,5,1070.5,0,10,36.34,0,0.436,1,0
31.88,5,956.2,0,15,44.03,0,0.0,0,0
184.7,1,5024.3,0,16,1.15,0,0.823,0,0
62.78,5,411.9,0,0,36.19,1,0.332,1,0
38.82,2,73.9,0,22,50.0,0,0.404,0,0
119.01,4,1106.6,0,16,20.45,0,0.519,1,0
27.17,6,120.8,0,12,22.54,0,0.352,0,0
153.67,9,232.5,0,0,46.16,0,0.231,0,0
90.72,1,60.5,1,3,32.24,1,0.326,0,1
380.55,2,57.4,1,18,129.39,0,0.381,1,1
134.56,3,1486.3,0,17,22.02,1,0.0,1,0
133.8,3,535.3,0,18,26.96,1,0.0,0,0
188.04,3,480.0,0,19,37.81,1,0.36,0,0
154.2,4,306.5,1,12,280.81,3,0.53,0,1
27.8,4,182.4,0,10,43.15,0,0.558,0,0
312.9,1,59.7,1,7,116.59,0,0.591,1,1
53.35,4,1054.1,1,10,5.32,1,0.566,0,0
36.28,1,412.0,0,4,32.32,0,0.179,0,0
10.71,2,794.4,0,2,31.49,1,0.287,0,0
405.45,0,14.7,1,16,31.75,0,1.0,1,1
104.77,6,1577.1,0,7,15.16,0,0.166,0,0
149.75,1,251.7,0,20,43.15,0,0.466,0,0
26.8,6,377.8,0,16,19.02,0,0.176,0,0
192.75,3,117.5,0,17,18.0,0,0.337,0,0
56.99,6,83.5,0,4,3.02,1,0.0,1,0
100.86,2,384.4,0,2,61.88,0,0.301,0,0
185.01,2,978.7,1,5,97.05,0,0.48,0,0
87.49,1,1570.7,0,20,41.26,0,0.514,0,0
68.34,2,828.0,0,14,34.24,0,0.582,0,0
40.8,4,978.7,0,9,90.2,2,0.324,0,0
121.96,7,1141.3,0,10,48.56,0,0.241,1,0
100.25,5,50.7,0,13,31.43,0,0.317,0,0
166.28,5,221.5,0,20,37.77,0,0.0,0,0
107.25,5,533.3,0,23,4.63,1,0.319,1,0
12.66,3,64.5,0,20,0.09,0,0.087,0,0
251.44,0,99.3,0,21,189.53,1,0.792,1,1
216.69,5,1136.0,0,20,18.0,0,0.0,1,0
110.85,6,1401.7,0,18,69.28,0,0.351,1,0
104.2,2,103.7,0,21,9.71,0,0.249,0,0
46.41,2,1391.2,1,12,2.14,0,0.0,0,0
60.83,2,626.8,0,6,53.89,1,0.336,0,0
154.44,4,83.6,0,2,49.53,1,0.552,1,0
46.27,5,163.3,0,18,51.25,0,0.161,1,0
6.23,4,207.3,0,1,47.05,0,0.33,0,0
138.39,4,926.0,0,6,27.72,0,0.105,0,0
99.22,7,312.5,0,17,72.82,0,0.124,1,0
181.94,0,1099.8,0,23,175.59,0,0.605,1,1
4.38,3,754.7,0,20,49.99,0,0.577,1,0
85.31,4,1917.5,0,15,10.25,0,0.0,0,0
67.01,3,206.2,0,15,39.76,2,0.48,0,1
192.85,2,584.4,1,18,42.88,0,0.195,0,0
309.08,4,319.3,0,22,224.57,3,0.318,0,1
32.73,3,252.2,0,3,19.02,2,0.164,1,0
96.62,9,29.1,0,0,7.77,0,0.7,1,0
21.65,6,97.0,0,10,30.42,0,0.486,1,0
63.86,2,1029.3,0,16,36.38,2,0.352,1,0
11.39,4,958.9,0,19,20.63,0,0.53,1,0
25.91,1,156.4,0,22,87.39,1,0.579,0,0
29.47,3,440.6,0,0,0.9,1,0.061,0,0
11.8,5,559.8,0,18,29.82,0,0.35,1,0
26.83,1,605.1,0,4,6.64,0,0.268,1,0
68.72,4,1949.1,0,13,9.1,0,0.237,1,0
67.17,6,1606.4,0,17,13.22,0,0.221,0,0
35.76,3,719.7,0,10,75.41,0,0.0,0,0
77.95,5,1645.0,1,20,26.55,0,0.559,0,0
203.45,4,368.7,0,15,29.88,0,0.036,0,0
15.3,1,70.9,0,7,89.53,0,0.251,0,0
182.21,9,304.8,0,22,4.12,0,0.004,0,0
89.26,3,142.0,0,16,13.43,0,0.225,0,0
105.3,5,495.0,0,16,31.13,0,0.198,0,0
64.78,3,95.1,1,11,16.74,0,0.39,1,0
22.52,2,469.1,0,12,25.62,0,0.01,0,0
145.15,2,2137.2,0,7,24.36,0,0.464,1,0
26.79,1,9.8,0,8,23.6,0,0.403,1,0
58.71,5,1404.4,0,22,5.83,0,0.26,0,0
105.36,7,122.3,0,17,12.97,0,0.203,0,0
192.86,6,661.7,0,17,44.42,0,0.343,0,0
269.94,0,498.9,0,21,34.45,0,0.708,0,1
4.84,0,572.1,0,19,25.0,1,0.672,0,0
43.26,3,1512.0,0,7,95.74,0,0.0,0,0
34.79,2,1893.5,0,16,7.76,0,0.454,0,0
273.73,3,104.3,1,19,59.39,1,0.632,1,1
314.83,3,81.6,0,16,20.58,0,0.296,1,1
57.83,0,173.8,0,3,47.47,2,0.36,0,0
34.38,4,576.0,0,9,69.94,0,0.276,1,0
18.06,1,638.1,0,7,8.03,0,0.0,1,0
133.17,1,177.0,0,7,209.82,0,0.64,1,1
45.92,4,1604.4,0,1,80.49,2,0.53,0,0
41.41,3,971.7,0,15,,0,0.309,0,0
36.09,5,878.7,0,11,14.02,0,0.0,0,0
63.12,5,790.6,1,16,27.09,0,0.261,0,0
71.59,1,31.0,1,20,53.2,0,0.468,0,0
67.12,5,84.9,0,8,3.9,0,0.01,1,0
105.92,4,1234.5,0,5,9.18,0,0.159,0,0
81.04,4,1004.3,0,17,54.58,0,0.242,0,0
104.46,4,1185.0,0,8,25.77,2,0.362,0,0
184.8,4,759.1,1,18,11.05,0,0.0,0,0
122.7,5,317.7,1,13,22.62,1,0.521,0,1
49.84,3,177.9,0,3,25.68,0,0.484,1,0
36.59,5,2886.0,0,6,51.37,0,0.416,0,0
147.93,0,516.5,0,8,35.5,0,0.287,1,0
70.99,5,1760.4,0,10,24.92,0,0.314,1,0
91.18,9,934.6,0,6,47.42,0,0.0,0,0
127.47,3,1355.8,0,22,15.06,1,0.514,1,0
153.29,7,109.4,0,12,44.44,0,0.063,1,0
25.31,3,72.9,0,12,69.18,0,0.019,0,0
32.23,5,38.9,0,5,63.61,0,0.0,0,0
69.82,4,17.4,0,21,76.68,0,0.324,1,0
61.8,2,1519.1,0,21,37.22,0,0.108,0,0
168.74,4,610.4,0,3,25.73,0,0.331,0,0
35.0,4,498.3,1,20,7.66,0,0.713,1,0
110.72,4,759.0,0,10,48.25,0,0.166,1,0
140.22,3,290.0,0,0,21.78,0,0.573,0,0
74.77,3,880.7,0,3,58.69,0,0.119,1,0
121.42,1,1948.6,0,7,61.55,1,0.357,1,0
94.96,3,571.6,0,15,6.54,0,0.375,1,0
101.54,3,619.6,0,7,9.25,0,0.316,1,0
84.06,2,499.7,1,0,38.78,0,0.287,0,0
102.37,1,70.0,0,15,12.72,0,0.0,1,0
62.61,2,1843.0,0,8,22.78,0,0.34,0,0
51.83,3,1010.5,0,17,18.44,0,0.234,1,0
11.22,4,484.7,0,15,23.96,0,0.339,0,0
132.2,2,404.4,0,5,64.05,0,0.0,0,0
63.8,7,1699.2,0,10,59.17,0,0.309,0,0
49.91,1,102.9,0,8,24.99,0,0.0,0,0
85.42,2,1496.5,1,9,6.53,0,0.297,1,0
42.09,1,633.2,0,17,14.79,0,0.068,0,0
91.46,1,490.6,0,9,73.94,0,0.357,0,0
224.25,1,223.1,0,7,227.51,0,0.795,0,1
36.93,6,10.5,0,9,51.98,3,0.272,0,0
360.1,0,122.8,0,4,157.14,0,0.704,1,1
85.14,1,172.4,0,23,7.38,0,0.102,0,0
43.59,0,311.8,0,5,16.41,0,0.107,0,0
14.19,1,4067.6,0,16,35.7,1,0.146,1,0
31.24,5,23.7,0,14,23.43,0,0.617,0,0
72.93,6,113.1,0,5,26.01,0,0.0,1,0
91.68,2,550.5,0,5,51.46,0,0.466,1,0
98.76,2,688.2,0,21,44.45,1,0.373,0,0
68.47,8,78.9,0,20,55.55,1,0.0,1,0
115.5,3,866.6,1,5,36.66,1,0.492,0,0
61.79,0,1590.9,0,18,13.07,2,0.122,1,0
15.58,2,851.7,0,15,11.01,0,0.397,1,0
41.23,4,1290.1,1,8,14.2,0,0.441,0,0
41.65,3,48.3,1,21,17.37,0,0.558,0,0
119.92,3,198.3,0,2,5.31,0,0.0,1,0
39.56,3,467.7,0,5,20.24,1,0.055,0,0
76.77,6,286.9,1,18,1.27,1,0.116,1,0
15.57,1,1424.4,0,11,24.84,0,0.263,0,0
91.62,3,311.1,0,22,87.33,0,0.28,1,0
56.43,5,1688.5,0,0,34.59,0,0.374,1,0
57.86,7,215.8,0,11,28.4,0,0.418,1,0
46.52,4,150.8,1,13,59.69,0,0.375,0,0
24.93,3,1219.1,1,14,32.33,0,0.487,1,0
39.88,5,214.9,0,13,34.28,0,0.492,0,0
64.99,3,1026.3,0,1,36.49,0,0.172,0,0
96.62,2,947.5,0,9,82.52,0,0.501,0,0
59.42,8,55.3,0,6,3.91,2,0.371,0,0
36.45,2,438.6,0,16,4.68,0,0.0,0,0
62.63,4,794.1,1,9,52.75,0,0.0,1,0
119.74,6,675.7,0,18,75.22,0,0.302,0,0
80.08,6,764.3,0,14,34.7,0,0.26,0,0
110.87,6,165.1,0,16,30.36,0,0.491,1,0
129.71,5,236.0,0,2,40.19,1,0.183,0,0
72.21,6,1666.6,1,8,16.09,0,0.271,1,0
76.19,4,762.1,1,7,2.68,0,0.0,0,0
65.45,4,55.8,0,2,54.67,0,0.21,0,0
124.22,4,85.6,0,4,39.05,0,0.681,0,0
104.53,0,162.2,0,3,76.79,0,0.461,1,0
40.26,5,278.7,0,19,21.38,0,0.246,1,0
60.26,7,373.0,0,16,18.78,0,0.26,0,0
17.22,1,724.7,1,11,49.56,0,0.236,1,0
121.53,5,71.8,0,16,18.6,0,0.176,0,0
0.15,2,3794.5,0,13,25.94,0,0.0,0,0
150.47,2,443.8,0,13,5.1,0,0.0,1,0
217.29,6,406.8,0,5,125.2,0,0.706,0,1
336.77,2,688.0,0,11,276.94,0,0.648,1,1
80.25,1,1291.4,0,3,6.2,0,0.249,0,0
81.68,1,3135.4,0,12,50.3,0,0.255,1,0
11.77,4,195.4,1,16,54.09,0,0.0,0,0
178.01,1,38.3,1,19,92.71,0,0.576,1,1
72.06,5,2724.4,0,12,78.47,1,0.377,0,0
21.92,1,67.3,0,19,35.11,0,0.114,0,0
30.95,5,17.8,0,21,22.52,0,0.49,0,0
0.19,2,794.3,0,4,6.35,1,0.291,0,0
128.04,6,254.9,1,21,100.66,0,0.721,0,1
251.65,4,1480.5,0,3,8.9,0,0.308,0,0
48.19,1,391.9,0,21,49.7,0,0.134,0,0
84.32,2,78.5,0,16,66.3,1,0.64,0,1
30.1,4,1350.6,0,3,23.08,0,0.449,0,0
116.9,4,190.1,0,6,34.92,1,0.0,0,0
78.61,4,61.4,0,15,30.57,0,0.122,1,0
50.0,3,540.7,0,22,3.85,0,0.126,0,0
139.18,2,190.6,0,0,8.51,0,0.421,0,0
38.31,5,44.4,0,6,47.45,1,0.261,1,0
5.4,4,243.8,0,16,19.37,1,0.067,0,0
63.37,3,799.4,0,14,55.98,0,0.0,0,0
82.78,5,702.1,1,20,13.1,0,0.369,1,0
83.32,4,985.7,0,22,28.42,0,0.029,1,0
133.0,2,275.7,0,5,48.48,0,0.026,0,0
9.38,4,1746.1,0,11,35.18,1,0.214,1,0
126.96,1,33.4,0,17,13.25,0,0.13,0,0
93.75,2,1748.1,1,1,48.73,0,0.0,0,0
45.59,2,1350.1,0,22,13.76,0,0.111,0,0
62.78,5,157.1,0,21,20.38,2,0.242,1,0
11.09,5,906.6,0,22,47.89,0,0.105,1,0
149.6,2,798.5,0,4,2.98,0,0.115,0,0
115.81,3,442.6,0,13,36.37,0,0.369,1,0
57.47,4,1150.4,0,16,94.19,1,0.382,0,0
90.66,4,74.6,0,23,21.43,1,0.561,0,0
19.94,1,1346.4,0,17,10.68,0,0.249,1,0
47.2,4,401.7,0,22,80.4,0,0.482,0,0
80.14,6,956.2,0,2,55.12,0,0.657,0,0
126.0,7,109.7,0,21,31.31,0,0.212,1,0
30.16,6,1312.3,0,3,77.23,0,0.726,0,0
44.79,1,1071.9,1,14,55.26,0,0.6,1,0
29.68,1,1323.9,0,8,10.49,1,0.339,0,0
47.84,6,53.7,0,23,8.63,0,0.375,0,0
130.91,2,32.1,0,3,13.23,0,0.252,0,0
106.03,3,816.5,0,9,87.73,0,0.278,0,0
56.29,2,184.2,0,2,46.04,1,0.779,1,0
85.62,7,687.6,1,18,15.79,1,0.463,0,0
98.49,4,131.2,0,6,32.25,0,0.217,1,0
68.94,4,204.5,0,21,65.78,1,0.403,0,0
20.55,4,213.5,0,18,12.06,0,0.384,0,0
81.11,3,1024.1,0,2,53.05,0,0.428,1,0
73.72,2,247.6,0,5,231.83,2,0.344,1,1
75.81,9,896.0,0,16,20.95,0,0.08,1,0
112.62,1,385.7,0,19,3.92,0,0.156,1,0
197.91,3,118.0,0,6,62.62,1,0.399,1,0
150.97,4,86.5,0,23,4.86,0,0.59,1,0
126.82,3,135.4,0,10,26.78,0,0.202,0,0
115.21,2,1617.4,0,15,50.08,0,0.036,0,0
103.31,3,1001.9,0,9,48.75,0,0.374,1,0
171.19,2,225.2,0,8,58.8,0,0.0,1,0
46.54,2,446.7,1,9,23.59,0,0.543,1,0
34.17,4,458.3,0,10,44.45,1,0.285,1,0
28.64,5,308.0,0,13,16.0,0,0.502,0,0
86.46,2,1797.8,0,12,,0,0.485,0,0
78.66,2,1917.1,0,20,39.26,0,0.369,0,0
70.75,2,246.5,0,11,15.29,0,0.54,0,0
36.87,4,55.1,0,16,40.52,0,0.0,0,0
60.2,3,837.0,0,5,10.12,0,0.0,1,0
20.15,1,1148.5,0,22,8.23,0,0.524,1,0
11.53,3,153.2,0,11,18.99,0,0.188,1,0
3.62,3,351.2,0,1,55.37,0,0.257,1,0
136.42,7,800.3,0,0,58.86,0,0.122,0,0
190.67,5,330.3,0,16,1.87,0,0.096,1,0
58.75,3,2015.9,0,8,6.72,0,0.423,0,0
166.5,1,859.5,0,20,45.07,0,0.404,1,0
17.32,5,807.2,0,1,6.88,0,0.434,0,0
100.83,3,41.7,0,2,149.6,0,0.216,1,1
24.86,4,957.4,0,8,27.15,0,0.68,0,0
87.72,2,351.5,0,7,40.46,0,0.586,0,0
127.89,2,221.5,0,10,45.82,0,0.18,0,0
43.83,6,646.7,0,16,63.66,1,0.495,0,0
130.62,3,664.7,0,14,14.96,0,0.466,0,0
99.17,4,954.8,0,4,11.39,0,0.518,1,0
70.66,2,402.1,0,12,44.65,0,0.417,1,0
206.4,5,568.8,0,21,31.18,0,0.397,0,0
453.34,1,623.9,0,12,107.71,0,0.511,1,1
56.3,4,599.1,0,16,28.17,0,0.321,0,0
47.08,4,370.5,0,21,58.63,0,0.348,1,0
238.41,4,145.3,1,11,173.84,1,0.403,0,1
72.09,3,249.5,0,6,31.14,1,0.182,0,0
63.79,4,243.8,0,11,16.76,0,0.153,0,0
92.15,3,167.3,1,10,33.8,1,0.41,0,0
25.06,4,647.8,1,17,26.6,1,0.369,0,0
45.9,1,75.0,0,9,16.85,0,0.029,0,0
24.88,3,771.9,0,15,23.35,0,0.379,1,0
45.79,2,961.0,0,2,9.15,0,0.059,0,0
39.35,1,103.9,0,15,146.38,0,0.885,0,1
66.34,5,1246.3,0,13,18.53,1,0.281,1,0
2.53,7,320.5,0,6,46.94,0,0.593,1,0
33.9,2,164.5,0,16,14.0,0,0.249,0,0
20.53,6,648.6,0,3,0.86,1,0.458,0,0
118.02,9,1122.8,0,16,37.1,0,0.4,0,0
33.37,7,28.7,1,19,7.96,2,0.0,0,0
31.37,4,118.7,0,0,12.05,0,0.116,1,0
157.45,4,250.2,0,0,258.48,0,0.516,1,1
134.49,5,109.5,0,22,10.13,0,0.24,1,0
52.79,2,1604.9,0,14,7.6,1,0.0,0,0
72.5,1,409.6,1,7,43.26,0,0.0,1,0
41.15,6,681.4,0,5,61.25,0,0.801,1,0
59.42,5,108.9,0,11,45.53,0,0.526,0,0
136.95,2,979.1,0,3,30.54,1,0.0,0,0
35.01,1,716.2,0,12,2.29,0,0.741,1,0
70.09,6,630.2,0,8,28.88,0,0.188,1,0
367.26,4,333.3,1,3,293.49,0,0.469,1,1
28.27,3,1178.8,0,18,8.19,0,0.072,0,0
62.69,3,247.8,0,10,16.12,0,0.49,1,0
78.74,5,2715.4,0,22,29.58,0,0.0,0,0
56.14,3,196.1,1,16,8.07,0,0.13,0,0
123.47,2,3660.2,0,8,56.3,0,0.414,0,0
42.22,5,566.6,0,21,40.85,0,0.0,0,0
111.72,0,698.5,0,17,30.49,0,0.554,1,0
85.23,5,0.8,1,0,68.36,0,0.269,1,0
109.16,6,1142.8,0,11,25.7,0,0.164,0,0
147.83,0,258.0,0,1,107.45,4,0.422,0,1
8.59,5,914.7,0,14,15.88,0,0.176,1,0
25.43,7,233.0,0,9,19.7,0,0.387,0,0
148.0,2,412.8,0,12,22.94,0,0.064,0,0
34.04,3,1011.1,0,7,11.1,0,0.349,1,0
99.25,3,414.8,0,6,36.43,0,0.385,0,0
113.55,7,228.7,0,19,26.89,0,0.736,1,0
37.07,6,1880.3,0,20,88.87,0,0.0,1,0
13.44,1,661.0,0,4,39.59,0,0.12,1,0
241.52,3,60.8,1,3,205.91,2,0.52,0,1
1.01,1,470.1,0,15,94.52,0,0.778,0,0
66.89,0,621.8,0,4,54.22,0,0.276,0,0
5.34,0,15.4,0,15,341.85,1,0.628,1,1
50.9,3,164.9,0,22,61.31,1,0.278,0,0
188.17,3,803.6,0,5,12.97,0,0.35,1,0
156.51,1,171.9,0,3,47.08,0,0.579,0,0
6.68,4,363.6,1,20,3.97,0,0.287,0,0
93.24,1,2183.2,0,2,26.96,0,0.343,1,0
51.82,2,550.7,0,15,13.46,1,0.126,1,0
190.02,1,77.7,0,2,9.04,0,0.079,0,0
85.22,2,900.3,0,12,6.29,0,0.43,1,0
124.55,6,919.8,0,17,3.05,1,0.352,1,0
15.61,3,1347.0,0,21,10.28,1,0.393,0,0
79.86,1,118.2,0,7,16.51,1,0.103,1,0
153.45,4,503.0,0,14,50.6,0,0.182,1,0
63.49,5,260.2,1,10,36.18,0,0.0,1,0
113.16,2,36.7,0,17,191.52,0,0.341,1,1
49.27,3,569.2,0,15,26.61,0,0.19,1,0
40.78,6,484.7,1,8,22.44,0,0.361,0,0
17.61,1,1059.3,0,7,63.7,1,0.261,0,0
62.53,4,296.1,0,13,21.47,1,0.165,0,0
131.11,4,353.4,1,1,39.71,0,0.531,0,0
86.47,4,472.5,1,20,60.63,0,0.13,0,0
147.61,5,107.8,0,21,59.33,0,0.131,0,0
6.65,3,386.6,0,23,70.04,0,0.332,1,0
12.28,2,68.0,0,5,18.16,0,0.672,1,1
78.27,4,26.7,0,19,48.06,0,0.229,1,0
6.59,1,1852.7,0,11,54.11,1,0.497,1,0
90.69,3,1337.9,0,23,73.17,1,0.139,0,0
9.39,3,585.8,1,10,16.88,0,0.395,0,0
11.12,3,93.2,0,2,57.4,0,0.687,0,0
73.84,6,176.8,1,12,46.9,0,0.6,1,0
38.38,2,31.2,0,17,23.65,0,0.352,0,0
151.07,8,917.0,1,6,22.74,0,0.056,1,0
245.86,2,679.3,1,16,126.86,1,0.62,1,1
82.8,4,1395.0,0,14,53.43,0,0.637,0,0
67.12,2,74.5,0,23,25.22,0,0.205,1,0
145.73,3,281.3,0,11,21.95,0,0.159,0,0
94.7,3,518.7,0,1,6.28,0,0.03,0,0
40.27,2,2098.4,0,6,48.35,0,0.644,0,0
4.39,5,1124.2,0,21,46.21,0,0.105,1,0
124.98,1,119.7,1,8,95.33,2,0.526,0,1
36.5,3,182.4,0,20,95.32,0,0.206,1,0
162.29,2,629.4,0,7,30.14,1,0.41,0,0
28.73,5,476.8,0,1,10.44,1,0.139,1,0
7.55,2,1058.7,0,10,39.55,0,0.138,0,0
109.87,3,592.7,0,10,32.1,0,0.144,0,0
89.87,4,251.1,0,4,7.94,0,0.0,0,0
47.71,3,221.2,0,18,37.59,1,0.532,1,0
6.85,5,208.9,0,3,54.4,0,0.385,0,0
139.3,4,781.9,0,21,15.23,0,0.0,0,0
18.87,3,633.7,0,5,39.39,0,0.265,1,0
152.8,1,267.4,1,19,293.08,2,0.395,1,1
176.34,4,1382.0,0,0,35.28,0,0.0,0,0
125.34,1,268.7,0,6,71.58,1,0.781,0,1
187.41,4,600.4,1,22,49.3,0,0.0,1,0
126.54,2,415.5,0,13,14.08,0,0.1,1,0
68.9,2,1950.0,0,21,68.79,0,0.0,0,0
209.01,3,479.0,1,1,10.75,1,0.0,1,0
36.0,5,514.4,1,17,50.97,0,0.507,1,0
167.61,8,425.4,0,9,2.58,0,0.364,0,0
160.87,3,65.7,1,19,55.91,0,0.712,0,0
8.46,4,853.8,0,10,5.31,0,0.26,0,0
30.35,3,44.0,0,18,22.43,0,0.76,0,0
159.74,1,1709.9,1,5,38.81,1,0.228,1,0
26.44,3,973.2,0,10,9.58,1,0.508,0,0
8.83,2,1765.5,0,18,23.2,0,0.086,0,0
89.88,4,227.0,0,10,15.25,0,0.675,0,0
43.84,3,1962.2,0,11,15.55,1,0.492,0,0
31.71,0,422.1,0,2,26.53,1,0.164,0,0
69.74,2,0.8,0,17,36.18,1,0.947,0,0
56.21,7,2408.7,0,10,28.32,0,0.199,0,0
52.76,2,409.7,1,10,2.12,1,0.368,1,0
7.19,2,45.7,0,14,61.99,0,0.273,0,0
44.03,1,289.7,0,22,63.31,0,0.135,1,0
590.63,3,14.6,0,3,114.31,2,0.426,0,1
73.56,1,316.7,0,19,14.82,0,0.233,1,0
98.92,5,192.5,0,11,4.94,0,0.236,1,0
115.75,6,38.7,0,20,28.46,0,0.43,0,0
85.96,0,113.4,0,14,30.72,0,0.928,1,1
114.07,3,123.2,0,2,17.88,0,0.236,0,0
56.32,2,572.0,0,16,32.28,0,0.416,0,0
132.21,1,330.8,0,3,31.25,0,0.239,1,0
41.74,2,581.6,0,16,25.86,0,0.0,0,0
11.44,5,1436.9,0,0,38.96,0,0.001,0,0
120.55,4,1088.6,0,6,36.76,0,0.234,1,0
96.55,4,2183.9,0,8,38.65,0,0.376,1,0
66.02,0,128.3,0,7,133.53,3,0.414,1,1
92.07,1,684.8,0,2,19.24,0,0.449,0,0
77.43,5,1581.0,0,19,6.54,0,0.298,1,0
5.25,3,883.8,0,11,31.06,0,0.038,0,0
133.55,1,4.2,0,13,12.54,0,0.415,0,0
70.93,1,1410.1,1,8,48.38,1,0.0,1,0
21.05,2,285.2,0,13,48.1,0,0.0,0,0
142.04,0,88.6,1,4,331.47,0,0.513,1,1
70.54,4,50.9,0,0,70.86,0,0.398,1,0
60.29,3,731.2,0,9,24.27,0,0.019,1,0
112.78,3,260.4,0,10,24.42,0,0.0,0,0
38.46,7,281.2,0,15,12.31,0,0.0,1,0
135.08,7,1054.1,0,4,12.39,1,0.444,1,0
74.89,6,468.3,0,22,59.18,0,0.0,1,0
67.82,5,130.9,0,23,39.36,0,0.191,1,0
21.75,2,93.5,1,7,2.95,1,0.333,1,0
54.53,3,288.3,0,3,24.24,0,0.643,0,0
132.73,6,37.4,0,23,37.29,1,0.3,0,0
71.28,3,331.4,0,21,9.56,0,0.174,1,0
62.37,5,7.8,0,2,27.64,0,0.138,1,0
28.16,5,947.6,0,19,10.0,0,0.0,0,0
174.41,0,69.9,0,3,1.66,1,0.338,0,0
32.64,2,1381.8,0,1,55.16,0,0.159,0,0
67.24,3,1716.8,0,23,31.46,0,0.408,0,0
39.02,3,114.5,0,17,37.37,0,0.268,0,0
85.18,8,279.8,0,15,6.11,0,0.536,0,0
46.81,3,210.1,0,10,29.01,0,0.001,0,0
114.92,2,436.8,0,5,24.16,0,0.294,1,0
22.76,2,777.5,0,9,24.53,0,0.134,0,0
37.1,2,1502.1,0,15,16.92,0,0.079,0,0
5.34,8,252.2,0,15,7.61,1,0.184,1,0
57.17,5,125.6,0,2,79.81,1,0.0,1,0
24.74,3,597.1,0,7,11.24,0,0.146,0,0
88.99,3,936.9,1,5,1.56,0,0.128,0,0
180.42,2,330.5,0,23,12.68,0,0.157,0,0
107.25,2,268.3,0,12,1.72,1,0.223,0,0
137.8,6,2322.2,0,15,62.79,0,0.107,1,0
149.37,3,1407.9,0,10,0.2,2,0.476,0,0
83.34,6,1644.7,0,5,7.59,0,0.055,1,0
82.17,3,472.8,0,13,,0,0.146,0,0
69.4,4,81.7,0,11,4.99,1,0.055,1,0
118.72,1,489.7,0,21,26.21,0,0.364,1,0
12.23,8,1513.3,1,7,43.61,0,0.43,0,0
33.05,5,1124.7,0,10,35.51,0,0.218,1,0
70.47,5,1753.3,0,19,45.46,1,0.323,0,0
18.77,3,431.1,0,13,11.96,0,0.307,0,0
34.93,1,912.8,0,16,0.99,1,0.272,0,0
12.9,1,842.2,0,1,8.6,1,0.09,1,0
181.34,2,463.8,0,5,127.0,1,0.876,1,1
25.41,2,455.3,0,14,30.36,0,0.299,0,0
2.11,0,1339.3,0,10,0.18,0,0.367,0,0
198.29,3,390.0,0,1,0.11,0,0.366,0,0
65.23,7,1747.6,0,8,44.57,0,0.523,1,0
9.58,7,315.5,0,14,43.5,0,0.322,0,0
132.9,6,1227.8,0,7,44.13,0,0.0,1,0
110.59,8,715.6,0,1,,0,0.358,0,0
113.49,6,35.6,0,2,21.34,0,0.251,1,0
59.05,4,601.4,0,15,17.95,0,0.021,1,0
49.76,2,1173.2,0,7,3.9,0,0.457,1,0
322.68,2,634.4,1,4,13.54,2,0.655,1,1
94.63,4,200.2,0,4,27.27,0,0.316,0,0
13.55,5,39.0,0,0,22.88,0,0.491,0,0
97.91,4,1515.2,0,13,25.1,1,0.029,1,0
61.74,5,500.3,0,0,41.56,0,0.488,1,0
75.38,1,485.4,0,10,10.58,0,0.328,0,0
147.57,3,38.0,0,22,12.86,0,0.494,0,0
105.92,1,162.8,0,15,11.96,1,0.15,1,0
171.15,2,72.8,0,12,15.83,0,0.044,1,0
40.75,4,533.8,0,13,41.8,0,0.169,0,0
15.45,6,2200.2,0,2,10.81,0,0.322,0,0
163.39,2,4.4,1,3,233.89,1,0.695,1,1
127.31,4,1640.3,0,21,35.69,0,0.145,0,0
77.86,6,1352.3,1,12,4.54,1,0.142,1,0
95.51,3,966.0,1,5,26.42,1,0.375,0,0
15.96,2,189.0,0,18,3.89,1,0.409,1,0
61.39,3,1693.2,0,7,13.95,0,0.469,0,0
21.97,7,906.4,0,10,9.23,1,0.308,0,0
2.59,5,694.9,0,4,24.16,1,0.209,1,0
99.17,3,1969.9,0,13,20.11,0,0.143,0,0
207.84,7,1031.4,0,21,14.34,0,0.347,1,0
186.67,4,311.0,0,21,55.61,0,0.244,1,0
106.76,10,274.5,0,19,44.7,0,0.302,0,0
128.48,6,852.0,0,4,22.71,0,0.098,0,0
138.19,7,253.0,0,3,82.74,1,0.544,0,0
71.5,3,152.5,0,1,61.66,2,0.364,1,0
22.35,4,1048.8,0,20,64.27,0,0.55,1,0
213.4,0,393.3,1,6,296.66,0,0.666,0,1
176.59,2,535.3,1,12,283.87,1,0.382,1,1
118.09,1,80.4,0,19,47.6,0,0.463,1,0
101.08,9,1664.7,0,0,18.73,0,0.314,0,0
108.1,6,475.5,0,8,13.79,0,0.52,1,0
49.28,4,981.5,0,12,86.68,1,0.344,1,0
130.82,8,75.9,0,6,35.56,0,0.433,0,0
171.08,5,18.0,0,0,192.47,0,0.533,1,1
99.3,4,611.1,0,20,25.3,0,0.233,0,0
158.73,4,809.9,0,0,11.42,0,0.103,1,0
20.28,4,600.1,1,10,64.93,0,0.356,0,0
5.6,2,390.8,0,6,15.76,1,0.159,1,0
60.71,2,143.0,1,0,51.08,0,0.158,0,0
210.99,7,2003.7,1,16,15.47,0,0.104,0,0
85.52,3,14.4,0,11,34.84,0,0.376,1,0
2.15,6,458.7,0,0,39.43,0,0.0,0,0
199.41,5,270.5,0,7,114.88,1,0.518,1,1
136.89,2,58.5,0,18,47.13,0,0.32,0,0
141.3,3,537.6,0,17,0.36,0,0.236,1,0
56.92,1,581.0,0,21,14.28,1,0.0,1,0
35.02,6,2605.8,0,23,39.05,0,0.626,0,0
6.9,1,13.5,0,20,54.05,0,0.467,0,0
41.02,3,113.0,0,7,30.24,0,0.089,1,0
84.97,4,318.9,0,21,47.35,1,0.352,1,0
135.27,3,186.4,0,2,61.31,0,0.0,0,0
43.04,6,815.3,0,22,4.34,0,0.397,0,0
104.88,3,96.0,0,4,30.29,0,0.273,0,0
143.41,6,976.7,0,5,6.25,1,0.254,0,0
89.14,3,805.4,0,3,51.17,0,0.29,0,0
95.17,2,10.2,0,0,13.38,0,0.273,0,0
12.42,7,294.8,1,2,83.37,1,0.189,0,0
114.4,2,3736.1,0,2,83.21,0,0.174,0,0
86.87,3,660.9,0,10,58.55,0,0.427,0,0
125.08,5,316.4,0,13,101.69,0,0.505,0,0
360.96,2,336.9,0,19,12.16,1,0.273,1,1
28.45,1,118.4,0,15,2.87,1,0.206,1,0
110.38,5,755.5,0,1,29.87,0,0.467,1,0
112.38,11,806.7,0,5,58.48,0,0.154,0,0
13.07,7,1311.1,0,15,5.7,0,0.323,1,0
100.74,4,828.0,0,18,59.13,0,0.38,1,0
148.48,5,1762.9,0,21,66.12,1,0.138,0,0
310.31,2,213.8,0,5,123.92,1,0.817,1,1
3.39,6,13.7,0,3,30.97,1,0.078,0,0
19.4,5,16.5,0,8,48.53,1,0.411,0,0
44.74,0,3.0,0,10,14.77,0,0.328,0,0
98.99,5,542.4,0,9,67.08,0,0.096,1,0
63.22,3,416.3,1,9,3.74,0,0.331,0,0
501.94,1,159.2,1,15,138.99,0,0.466,1,1
168.91,4,266.4,0,4,51.58,0,0.311,0,0
147.84,7,1273.0,0,21,10.65,1,0.14,0,0
100.49,4,447.6,0,10,51.37,0,0.166,1,0
109.81,4,376.7,1,3,26.79,1,0.372,0,0
129.2,2,837.7,1,1,94.85,0,0.094,1,1
121.27,5,259.5,0,16,26.95,0,0.641,0,0
35.11,3,128.6,0,15,27.92,0,0.497,0,0
415.78,3,51.4,0,18,200.3,1,0.189,0,1
97.25,5,211.9,0,3,30.14,0,0.711,1,0
170.31,3,669.8,0,18,19.58,0,0.354,0,0
92.45,1,272.5,0,16,99.53,3,0.445,1,1
171.07,5,365.0,0,6,7.33,0,0.196,0,0
76.11,4,287.6,0,19,33.65,0,0.666,0,0
41.92,3,2087.3,0,4,26.73,1,0.525,0,0
37.3,6,2158.7,0,5,42.84,0,0.225,0,0
49.07,4,1716.6,0,22,63.91,0,0.017,0,0
97.39,4,831.5,0,5,11.86,0,0.297,1,0
49.47,8,328.3,0,10,24.19,0,0.402,0,0
4.85,4,448.3,0,0,6.0,0,0.479,1,0
131.65,1,522.8,0,14,17.58,0,0.531,0,0
411.29,3,694.5,1,19,69.89,1,0.773,0,1
56.14,4,232.1,0,3,13.31,0,0.399,1,0
53.65,1,382.4,0,22,78.4,0,0.607,0,0
14.37,2,2027.6,0,6,28.8,0,0.0,1,0
172.11,2,6.1,0,3,16.84,0,0.478,0,0
54.22,9,278.5,0,6,43.25,0,0.0,0,0
172.25,5,818.8,0,0,65.3,0,0.0,1,0
406.69,4,30.7,1,10,357.2,1,0.857,1,1
141.41,4,399.5,0,1,53.46,0,0.0,0,0
5.76,4,1052.0,0,22,47.48,1,0.763,1,0
124.73,6,2298.1,0,9,2.72,0,0.446,0,0
101.18,5,44.5,0,12,61.51,0,0.382,0,0
4.67,4,304.1,0,17,22.45,1,0.404,1,0
125.43,6,677.4,0,17,2.87,0,0.57,0,0
26.17,2,4604.7,0,1,11.37,0,0.15,1,0
93.19,2,2765.3,0,21,4.39,0,0.0,0,0
48.1,4,37.2,0,12,60.21,0,0.413,0,0
113.63,2,959.9,0,18,62.28,1,0.167,0,0
14.12,5,607.3,0,12,23.39,0,0.451,1,0
97.73,6,105.3,0,14,35.35,0,0.559,0,0
39.46,8,187.2,1,22,5.82,0,0.471,0,0
1.03,3,44.2,0,7,8.89,1,0.499,1,0
27.33,3,624.9,0,14,11.85,0,0.303,1,0
14.84,3,105.7,0,23,52.84,0,0.327,1,0
17.58,4,1084.1,0,18,14.37,1,0.207,1,0
90.17,4,19.5,1,5,6.33,0,0.335,0,0
141.91,7,279.9,0,0,60.12,0,0.507,0,0
68.42,3,397.8,1,13,15.13,0,0.321,0,0
134.58,4,290.8,0,21,44.89,0,0.429,0,0
161.86,3,1742.3,0,17,66.65,0,0.457,0,0
102.08,4,1191.6,0,1,6.79,1,0.425,0,0
61.01,4,193.5,0,10,80.4,1,0.353,0,0
150.62,3,4.9,0,5,21.86,0,0.14,1,0
200.8,5,883.8,0,14,34.16,0,0.649,1,0
165.86,9,1703.0,0,22,14.06,0,0.001,1,0
66.39,3,846.3,0,8,82.48,0,0.0,1,0
78.1,4,498.3,0,12,19.49,2,0.646,1,0
23.33,3,316.0,1,7,14.77,0,0.017,1,0
8.09,4,63.9,0,18,70.35,1,0.154,1,0
319.22,6,35.1,0,10,257.28,1,0.692,0,1
180.48,2,750.4,0,14,31.42,0,0.311,0,0
62.12,2,2044.0,0,15,11.01,0,0.78,1,0
29.44,4,473.1,0,5,56.22,0,0.437,1,0
43.31,4,751.5,0,13,28.32,0,0.614,0,0
23.63,0,316.7,0,18,22.45,2,0.277,1,0
109.65,3,467.0,0,2,19.08,0,0.143,1,0
107.79,3,1082.2,0,18,48.79,1,0.12,1,0
27.24,1,276.3,0,18,29.22,0,0.441,0,0
80.74,5,142.5,0,13,66.06,1,0.365,1,0
95.82,1,272.0,0,4,9.59,0,0.401,0,0
7.77,1,739.9,0,4,45.1,0,0.326,1,0
21.25,3,171.0,0,1,61.97,1,0.359,0,0
124.64,3,130.8,0,14,18.56,0,0.672,1,1
29.85,3,148.0,0,1,11.54,0,0.0,1,0
440.23,3,476.3,1,19,151.48,0,0.451,0,1
70.34,3,5630.8,0,19,30.63,0,0.686,0,0
11.86,1,680.3,0,1,18.86,1,0.0,0,0
103.35,3,331.5,0,6,42.89,0,0.0,1,0
46.6,4,93.7,0,14,57.74,0,0.549,0,0
52.79,2,984.9,0,20,0.43,1,0.45,0,0
56.88,1,404.2,0,9,9.84,0,0.478,1,0
105.59,2,240.4,1,23,94.04,0,0.064,1,0
71.67,3,684.5,0,14,68.89,1,0.092,0,0
34.69,5,817.5,0,4,28.12,0,0.11,1,0
144.43,3,808.4,0,7,22.2,1,0.0,1,0
186.28,2,2.1,0,4,111.86,3,0.672,1,1
99.45,5,221.7,1,4,52.98,2,0.515,0,0
118.96,3,568.4,0,20,16.57,0,0.346,1,0
65.5,2,1161.0,0,9,5.6,0,0.324,0,0
20.49,4,771.7,0,6,6.81,0,0.601,0,0
87.44,5,147.7,0,22,12.66,0,0.384,0,0
28.79,1,458.0,0,19,51.08,0,0.05,0,0
1.61,1,200.6,0,11,,0,0.347,0,0
54.84,7,532.7,0,11,41.88,0,0.154,0,0
34.77,1,222.3,0,7,4.12,0,0.189,1,0
177.72,4,251.5,0,1,24.68,1,0.232,1,0
58.11,2,467.7,0,10,18.53,0,0.038,0,0
0.47,3,1041.2,0,8,141.43,2,0.334,0,1
287.45,4,91.0,1,7,33.25,0,0.641,1,1
114.94,4,655.3,0,3,7.38,0,0.048,0,0
7.45,2,239.7,0,14,20.48,0,0.585,0,0
48.6,2,984.8,0,16,8.65,0,0.23,0,0
49.35,5,2634.0,1,4,29.04,0,0.37,1,0
92.16,3,333.6,0,7,15.5,1,0.367,0,0
24.25,2,191.6,0,11,34.95,1,0.248,1,0
12.04,3,429.4,0,19,20.73,0,0.353,1,0
88.86,5,161.1,0,18,0.88,0,0.003,1,0
18.93,2,260.1,0,20,48.69,1,0.034,1,0
104.89,4,28.7,0,18,20.45,1,0.129,0,0
95.15,4,21.0,1,3,138.92,1,1.0,1,1
78.49,8,294.8,1,7,10.65,0,0.114,1,0
19.58,1,680.7,0,2,95.56,2,0.345,0,0
79.5,4,140.7,0,15,165.68,0,0.406,0,1
60.2,7,116.3,0,11,85.52,1,0.117,0,0
119.02,0,106.6,1,1,187.42,1,0.784,1,1
27.64,4,1064.8,0,6,14.73,1,0.02,0,0
54.48,1,627.1,1,2,54.8,0,0.217,1,0
82.74,4,196.1,0,15,17.31,0,0.0,0,0
67.18,7,397.4,0,19,1.01,0,0.573,0,0
83.58,4,563.8,0,22,53.82,0,0.185,0,0
64.14,6,107.0,0,6,81.12,0,0.309,0,0
27.33,4,805.2,0,12,2.72,0,0.59,1,0
123.3,2,188.4,0,14,83.73,0,0.0,1,0
92.29,1,291.9,0,1,67.36,0,0.081,0,0
105.89,2,1860.6,0,7,46.54,1,0.488,1,0
4.81,2,19.0,0,0,30.52,0,0.065,0,0
90.13,1,1837.5,0,18,67.87,0,0.0,0,0
62.37,6,725.1,0,9,1.22,2,0.0,1,0
187.0,7,73.0,0,7,2.58,0,0.226,0,0
108.3,2,765.7,0,7,5.3,0,0.107,1,0
69.88,7,539.8,0,14,88.97,1,0.578,1,0
20.75,3,153.5,0,4,9.42,1,0.353,0,0
45.66,6,187.0,0,6,4.12,0,0.39,1,0
38.57,3,191.6,0,9,23.59,2,0.656,1,0
21.84,2,1395.1,0,16,8.45,0,0.026,1,0
146.86,3,244.3,0,6,50.06,0,0.397,0,0
53.55,2,2333.7,0,22,46.76,0,0.165,1,0
15.57,5,576.7,0,18,34.63,0,0.624,0,0
158.59,7,598.2,0,19,34.31,0,0.519,1,0
54.95,6,332.0,0,14,5.88,0,0.335,0,0
70.02,5,340.2,0,17,6.48,0,0.572,1,0
78.22,5,1326.6,0,8,19.38,0,0.296,0,0
2.1,3,862.4,0,14,3.48,1,0.267,0,0
148.89,2,291.1,0,17,20.38,1,0.427,0,0
16.9,4,84.2,0,8,10.13,1,0.643,1,0
100.63,5,498.1,0,11,13.44,0,0.563,0,0
36.93,7,829.1,0,10,56.25,1,0.107,0,0
106.25,3,51.7,0,3,40.16,0,0.0,1,0
203.82,2,610.9,0,19,36.07,0,0.018,0,0
21.54,5,308.9,0,6,43.9,0,0.658,1,0
104.55,4,1567.3,1,11,46.85,0,0.107,1,0
236.92,3,50.9,1,21,136.96,2,0.693,1,1
45.65,4,106.8,0,1,50.67,0,0.5,0,0
194.42,3,843.2,0,8,10.04,0,0.282,0,0
111.94,3,2203.0,0,12,72.93,0,0.381,0,0
173.85,4,279.5,0,6,43.9,0,0.24,0,0
138.84,5,824.4,0,7,72.21,0,0.654,0,0
68.96,3,422.7,1,8,48.96,1,0.0,1,0
131.91,1,1079.5,0,21,17.71,1,0.312,0,0
173.09,5,2458.7,1,2,0.13,0,0.198,1,0
16.89,3,51.2,0,10,21.21,1,0.383,0,0
62.52,2,560.0,1,20,83.86,0,0.378,1,0
67.88,4,1573.4,1,23,44.46,0,0.396,0,0
75.64,5,586.3,0,1,31.87,0,0.0,0,0
216.7,0,47.1,1,21,112.85,1,0.681,0,1
52.99,2,444.0,0,23,6.97,0,0.444,1,0
333.33,4,75.8,0,16,81.69,1,0.555,1,1
112.99,4,1385.6,0,21,35.33,0,0.065,1,0
29.71,3,218.2,0,23,26.61,1,0.0,0,0
55.26,5,204.2,0,5,6.34,0,0.483,0,0
130.81,1,1815.3,1,2,47.64,0,0.394,1,0
32.16,3,1852.0,0,14,9.8,0,0.501,0,0
2.74,6,431.8,0,19,7.91,0,0.004,1,0
66.46,2,21.0,0,1,1.89,0,0.338,1,0
107.16,4,1723.0,1,18,20.09,0,0.031,1,0
110.5,2,734.2,0,2,1.99,0,0.059,0,0
67.11,3,966.0,0,2,42.3,0,0.515,1,0
44.05,2,175.6,0,19,77.14,0,0.33,1,0
38.92,5,136.2,0,9,62.5,0,0.203,0,0
333.83,0,336.2,0,21,45.89,1,0.422,1,1
383.85,0,274.3,0,23,299.41,1,0.714,1,1
52.42,5,139.2,0,0,4.47,0,0.12,0,0
45.29,3,257.6,0,18,3.35,0,0.454,0,0
111.72,7,13.3,0,2,35.04,1,0.21,0,0
4.33,3,12.9,0,4,0.5,2,0.381,1,0
196.91,3,12.0,0,6,23.38,0,0.317,0,0
88.38,5,376.2,0,18,49.96,0,0.154,0,0
73.45,3,84.3,0,8,108.0,0,0.0,1,0
104.36,3,1220.4,0,5,19.39,0,0.193,0,0
138.72,3,21.7,0,13,167.67,0,0.363,0,1
152.4,5,1589.4,0,3,36.88,0,0.274,0,0
9.53,4,593.5,0,10,10.02,0,0.243,0,0
25.71,2,2160.4,0,21,9.94,0,0.375,0,0
9.88,2,79.3,0,4,11.1,1,0.848,0,0
106.04,4,259.0,0,8,47.26,0,0.151,0,0
41.95,4,185.2,0,12,78.69,1,0.378,0,0
93.09,6,377.4,0,18,56.05,1,0.548,1,0
22.4,6,154.9,0,16,6.18,0,0.378,1,0
38.83,4,1874.6,0,23,22.96,0,0.222,0,0
67.12,6,83.6,0,15,23.98,0,0.322,1,0
96.73,6,420.2,0,5,56.62,0,0.327,0,0
48.31,3,493.7,0,3,21.28,2,0.259,1,0
108.58,2,253.0,0,6,9.31,1,0.678,1,0
18.09,6,364.4,0,8,46.26,1,0.73,0,0
13.66,5,589.7,0,21,62.95,0,0.439,0,0
125.7,4,905.0,0,16,2.15,0,0.911,0,0
195.81,6,731.8,0,8,79.74,0,0.227,1,0
74.59,4,1726.8,1,7,24.47,0,0.0,1,0
74.94,3,1004.6,0,1,29.92,1,0.21,0,0
94.27,2,109.7,0,6,21.37,0,0.091,1,0
91.36,4,784.4,0,12,132.11,1,0.635,0,1
147.85,0,233.8,0,0,250.89,2,0.81,0,1
210.77,10,660.3,1,2,4.32,0,0.259,0,0
58.25,5,908.3,0,10,2.54,0,0.304,0,0
53.25,4,1296.9,1,3,127.27,0,0.475,0,0
26.16,3,174.1,0,9,22.42,0,0.095,0,0
92.47,5,79.7,0,11,65.65,0,0.513,1,0
170.98,3,443.7,0,19,101.03,1,0.0,1,0
64.21,3,76.4,1,14,13.35,0,0.381,1,0
118.25,6,1709.2,0,9,51.34,0,0.235,1,0
63.7,0,519.7,0,15,2.07,0,0.1,1,0
132.78,3,286.0,0,7,28.31,1,0.0,0,0
95.82,3,663.3,0,22,25.56,0,0.0,0,0
60.91,6,1991.9,0,6,23.84,1,0.083,1,0
107.13,6,1612.4,0,6,16.46,1,0.078,1,0
37.66,7,1449.8,0,21,,0,0.262,0,0
79.79,8,2151.0,0,16,30.41,0,0.65,0,0
44.71,3,859.9,0,0,37.11,0,0.266,0,0
65.91,5,470.4,0,12,54.45,0,0.17,0,0
101.53,3,1539.5,0,14,6.26,0,0.172,1,0
84.55,3,230.4,0,6,8.15,1,0.0,0,0
381.49,1,788.4,0,6,47.59,0,0.474,0,1
72.3,5,1399.6,0,5,108.14,1,0.211,0,0
121.86,1,32.5,0,3,75.07,0,0.291,1,0
73.55,2,172.4,0,16,9.68,0,0.0,0,0
17.61,2,2537.7,0,14,,0,0.035,1,0
125.8,2,1483.7,0,17,21.94,0,0.328,0,0
111.82,3,441.9,0,14,25.69,0,0.208,1,0
41.83,4,1083.4,0,2,2.06,1,0.505,0,0
207.37,3,161.8,0,1,26.59,0,0.0,0,0
89.47,4,4508.0,0,13,20.14,0,0.124,1,0
102.38,5,829.9,0,17,23.25,0,0.107,0,0
35.03,4,163.6,0,2,51.5,0,0.565,0,0
223.55,1,196.3,0,6,301.13,0,0.769,0,1
61.82,4,380.4,0,4,81.81,0,0.332,1,0
88.97,2,2793.7,0,10,48.45,0,0.332,1,0
37.74,1,2039.0,0,13,35.0,0,0.034,0,0
87.76,2,487.8,0,6,10.9,0,0.477,1,0
16.27,3,300.2,1,18,27.93,0,0.459,0,0
178.94,2,228.7,1,10,17.17,0,0.145,0,0
100.81,2,30.2,1,1,63.96,0,0.279,1,0
5.28,6,677.1,0,8,15.7,0,0.12,1,0
74.73,4,378.4,1,0,28.48,1,0.055,1,0
76.07,2,507.5,0,18,18.72,0,0.0,0,0
110.82,2,135.4,0,14,27.19,1,0.502,0,0
39.89,5,201.0,0,9,6.76,1,0.042,0,0
140.12,3,1278.4,0,22,30.12,1,0.388,1,0
21.19,1,408.7,0,12,4.69,0,0.265,1,0
87.25,4,760.4,0,10,6.83,1,0.083,0,0
66.48,7,454.7,0,16,71.9,2,0.408,1,0
19.17,4,1505.3,1,7,33.98,0,0.322,1,0
207.98,2,123.5,1,21,8.37,1,0.902,1,1
47.37,4,1302.4,0,1,24.18,0,0.496,0,0
69.64,4,2148.9,0,8,15.22,0,0.536,1,0
26.83,4,178.2,0,19,,0,0.659,0,0
65.76,3,158.7,0,10,38.45,0,0.0,0,0
325.96,5,8.0,0,9,,0,0.423,0,1
58.36,4,1265.0,0,21,51.88,1,0.162,1,0
130.12,2,218.5,0,11,50.99,0,0.344,0,0
171.64,2,1799.3,0,10,33.45,0,0.3,0,0
21.03,4,255.7,1,10,21.46,0,0.437,1,0
110.3,2,431.3,0,16,14.07,0,0.452,0,0
17.24,6,175.7,0,15,25.17,0,0.306,1,0
44.33,3,1187.3,0,20,25.42,0,0.176,0,0
80.07,2,392.0,1,7,91.47,0,0.28,0,0
53.88,4,365.1,0,17,8.59,0,0.312,1,0
183.46,0,127.4,0,23,54.56,0,0.0,0,0
166.47,3,378.5,0,23,27.9,1,0.299,0,0
47.13,3,554.0,0,0,35.47,0,0.723,1,0
10.4,1,33.2,0,17,62.82,0,0.0,1,0
54.89,3,769.3,0,11,11.56,1,0.546,0,0
21.9,3,727.0,0,8,93.1,0,0.368,1,0
20.48,3,360.6,1,7,6.95,0,0.368,1,0
207.42,5,11.9,0,9,134.45,0,0.5,1,1
63.53,2,285.2,0,7,17.43,0,0.391,0,0
113.15,1,645.8,0,12,39.15,1,0.066,0,0
136.11,7,176.0,0,20,0.75,0,0.0,0,0
122.58,2,21.7,0,3,76.85,1,0.663,1,1
102.63,5,303.1,0,14,15.47,0,0.296,0,0
184.74,2,204.1,0,13,39.26,2,0.622,1,1
103.01,3,607.8,1,6,14.44,0,0.0,0,0
27.99,4,289.1,1,14,44.76,1,0.181,0,0
339.97,2,740.9,0,19,252.85,0,0.724,0,1
44.96,4,34.9,0,13,18.42,0,0.18,0,0
182.45,3,584.8,0,12,26.02,0,0.385,0,0
53.27,2,880.4,1,7,4.74,1,0.361,0,0
126.58,4,74.3,0,22,69.91,0,0.383,1,0
38.79,3,263.1,0,1,20.41,0,0.069,1,0
63.66,5,1096.5,0,6,3.31,0,0.345,1,0
6.89,6,25.5,0,17,12.56,0,0.376,0,0
127.92,2,211.6,0,22,25.08,1,0.246,1,0
2.71,4,942.7,0,18,39.31,0,0.132,0,0
30.55,3,54.0,1,14,18.54,0,0.523,1,0
119.29,2,743.3,0,16,23.49,0,0.578,0,0
250.9,6,95.2,1,23,277.48,1,0.661,1,1
47.32,3,72.7,0,5,33.8,0,0.303,0,0
75.42,6,1497.9,1,12,12.11,0,0.263,0,0
0.99,6,192.8,1,8,28.62,1,0.454,1,0
62.59,5,116.3,0,9,20.71,0,0.725,0,0
34.55,2,1450.5,0,0,13.09,0,0.248,0,0
106.49,3,116.6,0,13,2.5,0,0.559,1,0
156.61,3,874.5,0,19,16.17,0,0.411,1,0
47.59,2,288.3,1,16,50.94,0,0.223,1,0
30.71,2,80.2,1,6,46.34,1,0.027,0,0
132.13,2,415.1,0,9,19.7,0,0.0,0,0
51.55,1,1445.2,0,7,21.87,0,0.178,1,0
341.33,2,258.9,1,7,175.01,0,0.854,1,1
179.78,5,948.3,0,12,36.52,1,0.158,0,0
99.55,5,717.9,1,21,41.98,0,0.0,0,0
97.01,1,51.8,0,23,8.03,0,0.0,0,0
155.85,4,1811.8,0,0,32.78,0,0.12,0,0
84.21,5,2635.8,0,9,16.16,0,0.232,0,0
171.49,1,734.4,0,16,168.46,0,0.52,0,1
31.84,4,279.2,0,3,58.48,0,0.0,0,0
364.03,1,283.2,1,3,224.87,2,0.7,0,1
34.64,4,955.3,0,18,29.76,0,0.0,1,0
97.63,4,7.4,0,16,,0,0.171,0,0
66.27,3,147.2,0,5,58.18,0,0.0,1,0
93.41,2,142.5,0,11,60.48,0,0.171,0,0
33.67,3,221.0,1,1,6.17,0,0.214,0,0
74.45,5,415.4,0,4,59.33,0,0.306,1,0
13.19,2,793.1,0,13,70.15,1,0.252,0,0
159.23,5,16.8,0,3,12.59,0,0.564,0,0
153.47,2,1352.3,0,6,27.9,0,0.45,0,0
124.68,5,329.4,0,21,55.86,1,0.213,0,0
5.08,4,887.4,0,3,23.76,0,0.0,1,0
58.76,6,266.8,0,15,52.35,0,0.2,0,0
85.21,3,598.8,0,12,23.22,0,0.331,0,0
239.12,2,1060.3,0,14,58.6,0,0.463,0,0
92.51,5,479.5,0,19,34.65,0,0.287,1,0
28.15,8,44.8,0,7,78.74,0,0.291,0,0
96.9,2,82.5,0,9,62.99,1,0.444,1,0
42.95,5,2.3,0,15,37.92,0,0.0,1,0
7.44,1,520.9,0,3,85.51,1,0.062,1,0
93.06,5,65.5,0,6,100.21,0,0.223,1,0
20.53,7,2039.2,0,13,82.96,0,0.0,0,0
37.97,5,2416.5,0,7,7.67,0,0.28,0,0
132.55,2,849.5,1,21,8.93,1,0.275,1,0
187.65,1,1212.9,0,7,4.62,0,0.322,1,0
77.69,2,1865.8,0,9,32.94,1,0.11,1,0
187.33,2,391.8,0,2,17.8,0,0.328,0,0
109.89,1,366.3,0,12,45.38,0,0.438,0,0
95.89,4,644.3,0,7,13.04,0,0.199,0,0
24.27,2,347.8,1,19,5.09,0,0.153,0,0
249.03,0,318.3,1,11,26.48,1,0.673,1,1
127.92,1,62.8,0,9,89.63,0,0.475,1,1
25.02,2,1360.3,0,6,3.54,0,0.823,0,0
229.7,6,388.9,0,22,33.31,0,0.36,0,0
17.46,1,263.3,0,20,2.25,0,0.067,1,0
57.33,5,2066.7,0,8,41.28,0,0.461,1,0
68.71,4,306.7,1,4,16.07,0,0.474,0,0
11.42,1,31.5,1,20,7.91,1,0.342,0,1
21.3,8,561.0,0,4,7.26,1,0.0,0,0
13.2,3,636.9,0,19,24.42,1,0.488,0,0
267.02,1,800.2,1,20,45.2,1,0.981,0,1
71.55,2,641.3,1,19,0.62,0,0.051,0,0
79.55,0,871.1,0,14,17.65,0,0.396,0,0
34.79,3,199.0,0,15,11.61,1,0.001,1,0
92.76,6,321.1,0,13,94.5,0,0.579,0,0
74.07,2,729.9,1,8,20.4,0,0.438,0,0
22.11,8,288.3,0,2,21.72,0,0.504,0,0
158.7,6,908.6,0,18,7.68,0,0.268,0,0
63.2,6,921.0,0,9,44.44,0,0.231,0,0
7.46,2,527.6,1,0,30.27,1,0.45,0,0
55.44,8,288.7,0,1,21.68,0,0.122,1,0
75.96,4,170.0,0,13,62.8,1,0.347,0,0
18.53,5,515.5,0,2,53.18,1,0.346,0,0
47.34,2,1131.5,0,10,95.84,0,0.301,0,0
3.15,1,1561.7,0,2,49.45,1,0.174,0,0
83.36,4,73.6,0,19,32.48,1,0.772,1,0
240.33,4,51.4,0,10,,1,0.65,1,1
8.9,3,3.0,0,17,74.17,0,0.298,1,0
96.8,5,567.7,0,2,49.08,0,0.348,0,0
55.73,2,187.0,0,7,27.28,1,0.628,1,0
150.49,5,316.0,0,7,42.27,1,0.008,1,0
621.56,1,34.2,1,17,257.54,1,0.653,1,1
28.07,4,1652.4,0,6,93.21,0,0.325,0,0
149.4,1,976.8,0,9,196.38,2,0.516,1,1
110.57,2,3255.6,0,3,15.51,0,0.0,0,0
107.75,0,1207.3,0,15,10.39,0,0.126,0,0
30.91,2,2901.3,0,12,2.89,0,0.0,0,0
118.99,8,390.9,0,6,5.8,0,0.39,0,0
71.34,3,1462.0,0,2,43.25,1,0.394,1,0
74.25,1,321.3,1,12,192.56,0,0.609,1,1
17.84,0,211.3,1,7,,2,0.519,1,1
45.24,3,431.5,0,0,19.43,0,0.665,1,0
136.57,4,402.7,0,10,8.52,0,0.316,0,0
74.67,4,438.8,0,6,2.31,0,0.175,1,0
74.39,7,1003.8,0,8,39.19,0,0.368,1,0
218.69,2,748.3,0,5,29.25,1,0.269,0,0
58.73,6,131.6,1,12,19.14,0,0.509,0,0
205.04,2,1055.3,0,23,16.14,0,0.013,0,0
254.19,5,1118.2,0,15,13.71,0,0.156,0,0
10.12,2,1866.3,0,4,12.76,0,0.204,1,0
7.53,5,538.3,0,6,35.21,2,0.096,1,0
59.84,6,120.5,0,14,52.57,0,0.559,0,0
6.99,5,839.3,0,15,28.17,0,0.649,0,0
84.21,5,610.0,0,10,30.22,0,0.699,0,0
76.45,1,48.7,0,10,28.18,1,0.322,1,0
103.37,4,430.6,0,10,12.95,0,0.088,1,0
30.31,3,288.2,0,10,209.28,1,0.886,1,1
56.75,2,1048.7,0,21,19.77,0,0.203,0,0
23.37,7,85.0,0,3,26.1,1,0.655,1,0
1.22,5,747.6,0,1,31.12,0,0.053,0,0
139.68,2,733.8,0,8,4.94,0,0.899,1,0
93.02,1,219.8,0,7,39.63,0,0.02,0,0
85.14,3,3062.2,0,8,34.21,0,0.209,1,0
43.51,0,70.5,0,23,17.61,2,0.145,0,0
195.65,8,341.2,0,5,65.2,0,0.532,1,0
197.3,4,147.0,1,3,74.82,1,0.42,1,1
139.3,3,1154.5,0,14,7.92,0,0.146,1,0
57.32,5,983.1,0,6,24.45,1,0.442,1,0
50.27,5,1164.0,1,23,7.68,0,0.217,0,0
167.6,4,342.6,0,23,59.97,0,0.333,1,0
76.8,4,3654.0,0,5,56.43,1,0.454,1,0
45.06,8,264.6,0,16,26.41,0,0.128,0,0
21.19,1,604.1,0,9,42.25,0,0.485,1,0
35.78,3,188.9,0,18,5.12,0,0.056,0,0
87.84,3,999.4,0,23,33.27,0,0.537,1,0
55.19,1,1327.5,0,4,55.33,1,0.104,1,0
46.75,4,938.0,0,3,35.61,0,0.279,1,0
49.27,4,182.0,0,5,26.36,0,0.115,0,0
148.07,2,554.5,0,4,14.92,0,0.376,0,0
49.99,4,1050.0,0,8,30.86,0,0.905,1,0
21.31,4,113.1,0,14,44.28,0,0.304,1,0
113.85,4,600.4,0,7,26.83,1,0.1,0,0
19.87,3,1104.1,0,16,40.35,0,0.264,0,0
98.87,4,333.8,0,13,0.54,1,0.25,1,0
3.69,1,248.6,0,12,32.69,0,0.577,0,0
132.24,5,320.5,1,3,28.91,0,0.261,0,0
17.44,3,1010.1,0,8,1.57,0,0.089,0,0
146.18,3,563.1,0,19,12.22,0,0.524,0,0
19.18,3,64.1,0,3,37.79,1,0.382,1,0
37.63,2,699.8,0,13,20.39,0,0.444,0,0
45.95,1,374.6,0,0,40.7,1,0.148,0,0
37.72,7,265.2,1,14,8.32,0,0.0,1,0
188.58,2,105.7,0,21,46.8,0,0.466,0,0
159.8,4,1302.8,0,20,5.9,0,0.449,0,0
44.78,4,309.8,0,7,5.25,0,0.359,0,0
109.87,2,1014.6,0,18,78.89,0,0.484,0,0
14.73,2,772.3,0,1,65.39,1,0.3,1,0
161.12,3,152.5,0,4,27.15,0,0.176,0,0
63.98,4,735.5,0,4,46.86,0,0.404,1,0
82.59,5,348.9,0,16,18.26,0,0.0,1,0
74.35,6,1384.7,0,23,36.14,1,0.088,1,0
15.48,6,70.3,0,4,20.5,0,0.017,0,0
59.85,4,700.2,0,13,71.65,0,0.152,1,0
58.99,0,1091.5,0,11,49.9,1,0.115,0,0
23.43,4,109.0,0,10,2.51,1,0.114,1,0
17.18,6,1318.2,1,22,39.84,1,0.254,0,0
125.97,4,87.8,0,15,23.69,0,0.087,1,0
16.79,2,191.8,1,18,46.53,0,0.609,1,0
124.23,0,612.5,0,3,25.94,1,0.037,0,0
106.12,3,1253.7,1,2,29.96,1,0.216,1,0
4.91,3,144.4,0,1,67.84,1,0.06,0,0
20.18,4,118.8,1,18,58.94,2,0.18,0,1
107.6,1,486.4,0,21,30.44,0,0.621,0,0
417.88,1,25.6,0,16,132.36,1,0.889,0,1
64.61,3,1261.5,1,18,45.32,0,0.354,0,0
81.11,1,549.7,0,10,29.77,1,0.438,0,0
30.62,2,128.8,0,12,16.6,0,0.0,0,0
90.18,5,764.0,0,17,2.13,1,0.244,0,0
86.58,2,3913.1,0,17,0.82,1,0.779,0,0
80.15,5,651.3,0,6,2.36,2,0.503,1,0
56.11,3,891.6,0,8,48.79,0,0.612,0,0
20.54,5,1642.8,1,8,47.82,0,0.013,0,0
102.03,2,512.9,0,4,35.97,0,0.134,1,0
25.39,2,602.5,1,8,35.98,1,0.018,0,0
76.61,5,1505.6,0,21,18.54,0,0.0,0,0
99.15,2,853.1,0,17,68.08,0,0.0,0,0
13.78,8,336.4,0,14,43.0,0,0.227,0,0
85.57,3,109.4,0,2,57.52,0,0.0,0,0
133.46,4,334.2,0,20,5.37,0,0.175,0,0
82.63,3,643.6,0,9,11.31,0,0.005,0,0
23.65,2,417.1,1,2,17.0,0,0.551,0,0
158.03,1,23.5,1,3,4.14,0,0.407,0,0
71.24,7,918.1,0,13,11.4,0,0.754,0,0
4.31,3,1816.1,0,15,48.74,0,0.259,1,0
99.9,3,1745.5,0,21,32.95,0,0.48,0,0
136.93,3,109.2,0,5,22.41,0,0.14,0,0
70.79,0,431.4,0,17,25.87,0,0.234,0,0
123.1,2,979.2,0,22,62.05,0,0.354,0,0
87.2,5,164.2,0,23,71.8,0,0.63,0,0
194.96,3,1399.5,0,22,27.73,0,0.0,1,0
97.41,3,270.8,0,13,19.31,0,0.5,1,0
80.69,5,1516.4,0,15,46.27,1,0.007,1,0
159.7,7,170.7,0,23,59.49,0,0.597,0,0
12.38,2,800.7,0,4,57.78,2,0.0,0,0
90.63,4,923.5,0,5,48.71,1,0.0,1,0
5.25,0,582.6,0,18,26.13,0,0.278,0,0
157.65,4,2939.0,0,23,0.15,1,0.0,1,0
109.91,4,866.2,1,11,57.13,0,0.479,1,0
165.95,1,657.8,0,7,16.38,0,0.052,1,0
131.67,3,63.2,0,21,70.6,0,0.621,0,0
415.09,3,54.3,0,2,181.32,0,0.698,1,1
1.07,4,911.6,0,12,8.94,0,0.123,0,0
38.11,2,12.2,0,22,1.87,0,0.286,0,0
170.34,5,495.6,0,17,30.43,1,0.0,0,0
367.43,5,101.8,1,6,139.58,2,1.0,0,1
154.65,3,860.3,0,20,6.24,0,0.574,0,0
67.74,2,910.2,1,2,,1,0.228,1,0
53.39,1,1342.3,0,13,11.6,1,0.445,0,0
82.18,3,190.0,0,8,,0,0.421,0,0
2.6,3,39.6,0,0,17.94,0,0.705,0,0
42.18,6,127.5,0,14,78.89,0,0.389,1,0
57.43,2,33.8,0,15,60.5,0,0.596,0,0
111.25,1,2221.8,0,13,4.33,0,0.331,0,0
58.06,4,409.2,1,1,19.59,0,0.0,1,0
116.38,0,160.5,1,3,34.4,1,0.303,0,0
164.58,2,183.7,0,20,37.06,0,0.273,1,0
35.29,2,716.0,0,5,33.68,0,0.0,0,0
66.29,3,813.4,1,18,50.37,1,0.0,1,0
66.53,3,143.3,0,3,51.49,0,0.319,0,0
40.54,2,560.0,0,12,15.48,0,0.511,1,0
80.21,6,137.0,0,13,5.21,0,0.103,0,0
104.18,0,106.7,0,13,46.43,1,0.24,0,0
81.96,2,255.3,0,23,32.1,0,0.57,1,0
112.64,1,194.6,0,22,34.05,1,0.098,0,0
82.3,6,280.6,0,7,24.44,0,0.157,1,0
92.41,7,2183.8,0,20,53.3,0,0.381,0,0
96.63,0,352.7,1,18,68.76,0,0.456,1,0
22.27,4,990.1,1,17,21.98,0,0.43,1,0
12.02,5,382.4,1,20,175.83,0,0.774,1,1
42.56,3,417.3,1,8,5.4,1,0.524,1,0
46.9,2,873.0,1,15,40.56,0,0.566,1,0
60.17,3,922.1,1,6,33.3,0,0.388,0,0
4.41,4,383.9,0,3,10.01,0,0.362,1,0
125.08,5,367.9,0,3,82.68,0,0.304,0,0
74.37,3,26.6,1,5,5.8,0,0.195,0,0
53.44,2,1339.6,1,15,25.46,0,0.454,0,0
52.97,3,282.6,0,17,14.62,0,0.0,1,0
34.68,4,1328.9,1,8,6.66,0,0.78,1,0
105.03,2,388.6,0,7,28.08,0,0.57,0,0
80.9,4,1486.6,0,9,20.42,1,0.0,1,0
42.3,4,282.1,0,21,18.85,0,0.558,1,0
45.2,3,195.7,1,20,60.36,0,0.196,0,0
13.94,4,217.6,0,19,30.96,0,0.051,0,0
40.84,6,69.8,1,12,16.48,0,0.0,0,0
76.42,1,191.0,0,16,16.5,0,0.147,1,0
32.39,1,749.3,0,20,36.54,0,0.339,0,0
132.28,11,2201.2,0,14,2.51,1,0.18,1,0
96.46,2,392.4,0,17,39.05,0,0.453,0,0
95.18,2,121.8,0,12,70.22,1,0.0,1,0
38.78,4,347.6,0,6,68.49,0,0.0,0,0
46.17,3,950.1,0,18,,0,0.769,0,0
87.75,4,964.5,0,19,11.58,0,0.218,0,0
115.67,3,381.7,1,14,49.45,1,0.088,1,0
238.73,4,55.9,0,3,161.53,2,0.422,0,1
76.0,3,607.5,0,5,66.29,0,0.371,1,0
95.32,5,6035.7,1,5,31.71,1,0.312,1,0
15.25,2,194.4,0,17,4.73,0,0.113,0,0
88.71,5,189.9,1,14,13.72,1,0.431,1,0
180.46,3,297.5,0,2,46.16,0,0.091,1,0
130.16,6,558.9,0,8,,0,0.063,0,0
98.88,4,383.6,0,11,43.76,0,0.0,1,0
30.35,2,76.4,0,19,57.44,0,0.0,1,0
114.42,5,114.2,0,10,47.07,1,0.259,0,0
125.97,5,970.5,0,23,67.42,0,0.0,1,0
111.78,4,530.9,0,3,19.69,0,0.224,1,0
66.01,1,1105.5,0,8,57.59,0,0.201,0,0
114.65,2,2588.5,0,0,7.87,0,0.0,1,0
2.71,2,778.3,0,19,24.47,0,0.622,1,0
181.95,6,44.5,1,5,95.11,0,0.439,0,0
81.73,2,629.8,0,4,20.42,0,0.0,0,0
37.4,3,102.6,0,1,18.14,1,0.094,0,0
171.32,5,583.5,0,6,82.03,0,0.316,1,0
127.85,3,504.7,0,10,56.75,0,0.479,0,0
59.7,2,502.5,0,15,21.4,0,0.653,0,0
40.74,3,604.6,0,18,49.53,0,0.298,0,0
33.19,2,996.9,0,7,57.45,1,0.249,0,0
64.51,3,197.6,1,14,14.61,0,0.122,0,0
112.3,5,268.3,0,21,18.43,0,0.111,1,0
59.98,3,553.1,0,11,10.79,0,0.299,1,0
23.12,5,2528.8,0,2,17.59,0,0.001,1,0
120.07,0,390.3,0,21,72.15,0,0.597,0,0
131.4,5,1444.5,0,7,13.56,0,0.25,0,0
95.83,4,529.9,0,3,41.7,1,0.45,1,0
67.54,6,431.4,0,6,43.1,0,0.066,0,0
104.44,0,320.2,0,15,20.96,1,0.569,0,0
19.51,2,457.7,0,22,8.34,2,0.084,0,0
100.22,3,1504.6,0,9,13.97,0,0.249,0,0
81.83,2,225.1,0,6,43.6,0,0.137,0,0
84.13,5,785.9,0,18,4.51,0,0.681,0,0
231.56,2,129.6,0,16,5.09,0,0.836,1,0
141.28,2,120.3,0,5,62.31,0,0.0,0,0
95.36,4,223.4,0,0,17.35,0,0.958,0,0
69.5,1,516.3,0,18,17.45,0,0.604,0,0
52.14,1,474.5,0,3,67.83,0,0.16,1,0
70.21,1,465.2,0,11,56.85,0,0.134,0,0
168.37,4,760.2,0,0,6.74,0,0.179,0,0
41.14,5,253.6,0,22,53.83,0,0.265,0,0
74.92,7,171.3,0,11,19.17,0,0.293,0,0
22.06,6,713.5,0,20,43.66,0,0.242,0,0
164.54,3,279.8,1,5,69.09,0,0.524,0,0
26.29,1,597.5,0,9,68.49,0,0.234,0,0
17.86,5,2653.1,0,7,8.84,0,0.526,1,0
88.98,4,1788.3,0,18,21.4,0,0.533,0,0
38.66,3,715.0,0,5,16.72,0,0.329,0,0
105.38,3,655.6,0,5,9.05,0,0.187,1,0
60.39,4,564.4,1,17,32.89,0,0.132,0,0
96.76,2,637.2,0,23,6.52,1,0.286,1,0
42.21,3,1758.8,1,7,26.92,1,0.181,0,0
33.35,3,1.5,1,21,17.99,1,0.283,0,0
63.48,4,706.2,1,14,71.68,0,0.09,0,0
74.28,6,477.1,0,10,7.51,0,0.294,0,0
83.67,2,154.4,0,22,55.15,0,0.456,0,0
23.91,3,66.7,1,1,116.88,1,0.248,0,1
106.74,5,876.9,0,17,31.41,1,0.615,0,0
168.06,3,255.0,1,11,60.07,3,0.407,1,1
82.34,1,665.9,0,11,29.88,1,0.0,0,0
76.28,2,645.6,0,22,20.3,0,0.289,1,0
102.77,4,27.5,0,13,36.23,0,0.52,0,0
18.56,2,570.4,0,19,56.13,0,0.482,1,0
82.3,5,724.8,0,1,7.99,0,0.343,0,0
79.97,2,90.2,0,21,50.57,0,0.138,1,0
79.25,2,909.7,0,8,45.42,0,0.472,0,0
14.94,1,1863.1,1,4,92.89,0,0.499,0,0
247.86,4,288.5,1,19,39.18,0,0.597,0,0
127.6,6,818.0,0,8,8.35,0,0.165,0,0
37.17,3,208.9,0,16,17.97,0,0.129,0,0
8.87,1,596.1,0,2,6.43,0,0.054,0,0
70.4,3,234.9,0,15,78.79,0,0.211,0,0
64.8,3,1384.2,0,1,19.88,0,0.361,1,0
110.58,1,481.0,0,23,49.23,0,0.552,1,0
101.76,3,2724.4,0,4,55.94,1,0.175,0,0
56.01,3,293.2,0,11,12.82,1,0.747,1,1
59.3,0,27.6,1,1,47.77,1,0.306,1,0
19.2,1,115.7,0,19,5.87,0,0.643,0,0
21.36,6,1026.9,0,23,55.42,0,0.409,0,0
115.93,2,771.1,1,6,0.99,0,0.517,1,0
42.0,5,543.5,0,3,38.17,0,0.206,0,0
56.1,2,442.0,0,11,35.35,0,0.031,0,0
58.1,2,408.2,0,14,0.45,0,0.629,0,0
42.27,4,1673.0,0,6,3.58,0,0.282,0,0
89.67,5,433.2,0,3,32.11,0,0.42,0,0
30.44,1,691.4,0,7,25.42,0,0.446,0,0
10.54,2,227.2,0,3,6.69,0,0.157,0,0
16.13,5,800.0,0,5,,0,0.639,0,0
58.76,0,1198.8,0,21,38.74,0,0.669,0,0
11.49,2,361.3,0,21,4.57,1,0.55,1,0
36.19,6,183.1,0,4,43.64,0,0.246,0,0
75.29,5,1039.6,0,0,61.79,0,0.066,1,0
46.67,8,657.8,0,16,36.72,0,0.474,0,0
195.96,2,224.7,0,12,48.6,0,0.0,1,0
258.21,1,563.6,0,19,21.68,0,0.641,1,1
232.16,2,510.2,0,0,41.51,1,0.246,1,0
195.84,5,110.6,0,19,31.84,0,0.342,1,0
2.36,2,381.9,0,13,12.36,0,0.023,1,0
142.69,6,1040.6,1,9,52.9,2,0.214,0,0
17.82,5,952.8,0,15,38.58,0,0.24,1,0
116.01,5,315.7,0,4,33.88,0,0.566,0,0
191.17,3,112.7,0,5,53.57,0,0.0,0,0
114.39,4,656.3,0,21,42.46,1,0.199,0,0
109.57,4,394.0,0,18,17.06,0,0.459,0,0
117.05,2,429.3,0,2,6.08,0,0.0,1,0
52.1,5,1235.8,0,9,20.14,0,0.0,1,0
118.17,6,2810.6,0,13,9.82,1,0.213,0,0
34.52,4,310.8,0,15,13.96,0,0.348,0,0
3.78,4,250.4,0,21,22.3,0,0.312,0,0
146.2,4,812.8,0,19,22.14,1,0.0,1,0
67.51,5,119.4,0,8,30.48,0,0.0,1,0
74.07,5,10.1,0,19,60.53,0,0.0,0,0
126.53,3,2765.6,0,6,67.12,0,0.349,1,0
7.78,3,27.9,0,13,53.03,0,0.204,0,0
161.4,3,854.3,0,10,1.1,0,0.859,1,0
68.38,6,1435.9,0,23,17.59,0,0.799,0,0
36.98,5,273.6,0,9,33.56,1,0.47,1,0
122.66,2,1139.7,0,20,36.96,1,0.182,0,0
73.37,5,1019.0,0,15,55.9,0,0.535,0,0
170.31,4,173.1,0,4,73.88,0,0.568,1,0
144.68,2,142.8,1,17,191.24,1,0.948,1,1
70.28,1,724.4,0,6,28.11,1,0.395,0,0
106.49,5,285.5,0,9,8.53,0,0.585,0,0
108.93,4,42.4,0,21,6.49,0,0.053,1,0
58.67,7,1226.7,0,20,43.95,2,0.484,0,0
120.94,4,415.7,0,11,12.85,0,0.845,0,0
80.18,2,703.2,0,5,78.22,0,0.167,0,0
101.2,2,627.5,0,22,20.03,1,0.241,0,0
28.3,1,36.2,0,14,50.59,0,0.573,0,0
76.85,3,1973.6,0,15,26.82,0,0.0,0,0
62.7,1,402.0,0,22,27.93,0,0.299,1,0
140.41,3,625.2,0,23,50.77,0,0.094,0,0
17.31,1,966.6,0,2,3.6,0,0.597,1,0
45.65,5,288.6,0,5,2.13,1,0.071,1,0
83.53,3,63.6,1,17,89.75,0,0.793,0,0
49.25,2,29.8,0,0,35.25,0,0.255,0,0
70.2,2,256.5,0,0,1.95,0,0.167,0,0
24.3,7,1865.0,0,6,4.93,1,0.2,1,0
124.68,3,14.6,0,6,32.42,0,0.359,0,0
113.88,3,133.5,0,5,20.56,1,0.258,0,0
98.35,2,283.0,0,18,25.96,0,0.523,0,0
335.83,3,60.7,0,11,158.41,3,0.43,0,1
19.03,1,1462.3,0,6,16.85,1,0.252,0,0
100.57,1,587.1,0,5,5.23,0,0.609,1,0
8.68,1,353.0,0,23,5.04,0,0.351,0,0
57.24,3,277.1,0,1,29.7,0,0.197,1,0
39.56,3,582.2,0,21,48.11,0,0.422,1,0
44.31,1,435.4,0,13,25.18,0,0.247,1,0
24.96,4,1675.3,0,12,34.77,0,0.237,1,0
17.87,2,368.1,0,16,11.53,1,0.284,0,0
21.77,5,98.1,0,22,13.07,0,0.44,0,0
8.77,5,1309.9,0,0,6.95,0,0.089,1,0
130.55,2,917.1,0,21,11.01,0,0.087,1,0
79.91,1,219.2,0,12,15.76,0,0.186,0,0
173.5,6,1692.6,0,13,54.96,0,0.245,0,0
89.66,6,162.8,0,7,34.49,0,0.026,0,0
122.87,5,668.1,0,12,24.73,1,0.308,0,0
99.13,4,816.5,0,20,27.08,0,0.698,1,0
121.14,7,1170.3,0,7,15.61,1,0.332,1,0
160.08,3,1468.8,0,16,12.17,1,0.763,0,0
42.95,6,540.8,0,14,17.06,0,0.232,0,0
60.34,2,429.0,0,0,44.86,0,0.061,1,0
49.27,3,498.3,0,13,243.88,0,0.54,1,1
75.23,6,1564.3,0,1,32.12,0,0.419,0,0
133.81,3,586.6,0,8,33.06,1,0.144,0,0
3.96,2,1603.1,0,8,10.16,0,0.0,1,0
56.77,4,6.4,0,11,36.75,1,0.384,1,0
58.31,3,69.9,0,9,9.46,1,0.248,0,0
20.88,3,106.2,0,1,61.96,1,0.012,1,0
5.12,5,1617.2,0,12,44.04,0,0.377,1,0
127.99,1,2365.9,0,3,54.17,0,0.0,0,0
138.46,4,2206.2,0,5,4.33,0,0.061,0,0
22.38,5,424.6,0,14,2.98,1,0.61,1,0
78.26,2,500.6,0,20,10.61,0,0.152,1,0
43.45,9,14.6,1,21,31.01,0,0.395,1,0
18.73,4,186.3,0,7,49.13,0,0.348,0,0
153.1,7,599.4,0,14,65.12,0,0.448,0,0
97.66,2,41.6,0,18,28.57,1,0.376,1,0
364.53,3,90.7,0,21,344.09,0,0.787,0,1
120.64,3,997.8,1,12,17.2,0,0.0,1,0
11.97,3,530.9,1,17,4.53,0,0.307,0,0
103.28,3,1686.8,0,17,24.51,0,0.162,0,0
144.87,2,70.5,0,13,80.67,1,0.106,0,0
104.67,4,603.6,0,1,22.27,0,0.466,1,0
123.23,4,743.8,0,11,38.28,0,0.0,1,0
95.11,2,386.8,0,22,64.9,0,0.0,1,0
61.55,3,53.9,0,14,49.32,1,0.476,0,0
147.01,2,712.9,0,2,34.08,0,0.401,0,0
36.65,5,203.4,0,9,39.34,0,0.452,1,0
30.68,0,1212.8,0,20,33.7,0,0.256,1,0
138.01,7,206.7,0,5,15.68,0,0.265,1,0
52.09,5,521.9,0,12,26.41,0,0.278,1,0
164.35,4,232.4,0,18,41.82,0,0.497,1,0
27.22,3,1041.8,0,10,26.7,1,0.234,1,0
93.19,7,1327.4,1,14,10.77,0,0.0,1,0
95.39,2,3408.0,0,9,17.48,0,0.528,0,0
124.97,6,75.1,0,22,85.43,0,0.376,1,0
21.2,4,247.7,0,2,30.28,0,0.383,0,0
88.89,4,691.4,0,5,34.92,0,0.314,0,0
87.29,5,984.8,0,21,68.34,0,0.0,1,0
39.46,4,860.9,0,22,15.4,1,0.393,1,0
26.13,4,1309.0,1,0,7.58,0,0.275,0,0
55.93,2,691.1,0,5,20.59,0,0.074,0,0
35.34,4,546.7,0,13,36.93,1,0.0,1,0
102.51,3,179.0,0,11,38.42,0,0.05,1,0
62.8,4,423.0,0,18,1.61,0,0.274,0,0
88.1,3,122.8,0,23,8.67,0,0.325,1,0
60.63,3,382.0,0,4,19.48,0,0.697,0,0
12.94,2,113.7,0,0,5.83,0,0.394,1,0
141.98,5,236.1,1,22,6.78,0,0.27,0,0
73.66,6,1935.2,0,10,0.82,0,0.0,1,0
86.33,2,681.0,1,9,39.2,1,0.103,0,0
183.26,6,547.4,0,0,3.81,0,0.002,0,0
76.5,7,900.2,0,6,61.56,0,0.216,1,0
122.71,2,78.3,1,20,95.92,0,0.08,1,0
110.41,2,657.6,0,15,39.79,0,0.366,0,0
109.8,1,426.6,0,22,13.54,0,0.197,1,0
31.67,2,66.6,0,22,31.19,0,0.51,1,0
15.24,4,562.8,0,6,42.89,1,0.0,1,0
160.76,1,125.6,0,21,105.5,0,0.674,1,1
98.48,4,3253.8,0,13,2.41,0,0.362,1,0
108.87,7,1015.1,0,14,7.22,0,0.169,1,0
203.57,4,1810.5,1,2,33.49,1,0.004,1,0
18.13,3,130.2,0,10,91.36,1,0.278,0,0
308.97,3,541.7,0,22,216.55,1,0.574,0,1
67.89,5,91.7,0,2,69.05,0,0.069,0,0
108.53,7,921.4,0,6,15.04,0,0.207,0,0
45.51,4,873.1,0,23,39.64,0,0.377,1,0
27.68,1,96.3,0,21,20.47,0,0.239,0,0
174.84,1,247.1,0,10,36.0,0,0.0,0,0
32.43,4,52.0,0,13,34.09,0,0.574,0,0
45.89,5,1022.5,1,14,13.5,0,0.189,1,0
108.89,4,1.7,0,19,9.53,0,0.706,0,0
9.37,3,177.0,0,10,13.07,0,0.51,0,0
18.0,1,180.0,0,13,3.32,0,0.0,0,0
67.93,5,113.5,0,6,1.69,0,0.218,1,0
34.75,3,2323.2,0,2,91.73,0,0.01,0,0
90.41,8,656.6,0,10,20.41,0,0.683,0,0
228.8,2,637.5,0,4,62.08,0,0.371,1,0
84.61,3,554.3,1,3,37.67,0,0.449,1,0
58.69,2,20.7,0,8,300.61,0,0.587,1,1
32.58,5,1257.6,0,9,7.46,0,0.036,1,0
50.83,3,789.0,0,8,76.73,1,0.543,0,0
136.1,3,1517.5,0,10,6.19,1,0.537,0,0
84.68,3,798.2,0,14,23.76,0,0.661,1,0
49.99,2,1202.3,1,20,62.5,1,0.0,0,0
97.14,3,926.8,0,23,4.21,0,0.312,1,0
55.57,7,134.5,0,4,31.18,0,0.373,1,0
42.83,5,354.4,0,21,17.54,0,0.31,0,0
68.23,4,385.6,0,4,53.41,1,0.248,0,0
23.86,2,1730.2,0,12,11.95,0,0.3,0,0
80.63,3,264.3,0,5,37.59,0,0.052,1,0
24.62,4,912.7,0,16,71.95,1,0.431,1,0
89.7,8,658.8,0,2,32.8,1,0.217,1,0
104.57,5,322.5,0,13,41.75,0,0.389,1,0
57.15,4,969.2,0,0,5.21,0,0.398,1,0
74.49,6,530.4,0,14,38.39,0,0.042,0,0
63.9,2,668.2,0,22,76.99,1,0.255,0,0
107.19,2,1161.2,0,9,92.11,0,0.138,0,0
50.51,3,258.0,0,7,43.52,1,0.14,0,0
23.75,5,1255.9,0,14,8.96,0,0.688,0,0
27.81,5,2034.6,0,2,5.92,0,0.233,0,0
117.22,7,224.8,0,18,14.34,0,0.0,0,0
425.83,3,453.3,0,10,56.35,3,0.843,1,1
6.14,7,526.2,0,23,63.12,0,0.288,0,0
85.41,2,443.4,0,20,25.42,0,0.404,1,0
27.85,0,1601.2,0,3,12.74,0,0.742,1,0
181.34,4,360.3,1,14,20.52,0,0.0,1,0
170.85,5,674.0,0,19,2.89,1,0.0,1,0
3.17,1,45.5,0,19,160.0,2,0.086,1,1
63.13,2,320.9,0,18,44.24,0,0.533,1,0
53.05,7,312.1,0,15,0.11,0,0.286,1,0
196.69,2,1776.9,0,22,31.58,1,0.287,1,0
625.58,3,33.6,1,1,133.44,3,0.843,0,1
179.21,6,1050.6,0,16,26.48,0,0.516,0,0
29.28,3,663.0,0,2,59.89,0,0.181,0,0
72.15,8,42.8,0,11,98.8,1,0.0,1,0
131.78,4,78.8,1,9,134.39,1,0.494,1,1
43.19,2,1400.8,0,4,0.95,0,0.346,0,0
39.32,6,1543.0,0,6,41.12,1,0.171,1,0
96.07,3,1191.8,0,19,53.38,0,0.626,0,0
62.44,3,436.2,0,13,1.99,0,0.286,1,0
124.65,2,1158.1,0,1,28.07,0,0.288,0,0
16.59,3,34.8,0,4,43.51,0,0.112,1,0
20.2,5,508.7,0,23,9.28,0,0.486,0,0
50.34,7,2152.2,0,2,15.96,0,0.072,0,0
49.36,4,1773.5,0,3,66.76,1,0.107,1,0
58.32,8,536.8,0,12,27.74,0,0.418,1,0
134.37,1,89.0,0,5,2.49,1,0.312,1,0
48.33,2,487.6,0,17,16.46,0,0.013,0,0
294.52,1,645.6,1,23,53.41,2,0.514,0,1
11.5,3,2495.8,0,18,65.96,1,0.346,0,0
157.39,3,102.0,0,23,57.88,1,0.815,0,1
31.68,5,211.6,1,23,0.85,1,0.178,1,0
4.9,2,1004.5,0,17,5.29,0,0.403,0,0
87.24,6,165.3,0,11,20.92,0,0.041,0,0
134.23,4,503.0,0,5,7.05,0,0.517,0,0
10.15,2,704.1,0,18,11.18,0,0.28,0,0
7.82,2,585.1,0,14,7.77,1,0.54,1,0
56.26,5,606.8,1,0,4.56,0,0.0,1,0
25.49,3,1709.6,0,15,64.64,1,0.307,0,0
106.84,2,291.1,0,5,13.83,2,0.496,0,0
147.14,2,282.4,0,12,21.49,1,0.164,0,0
115.64,2,141.8,1,4,67.9,0,0.156,0,0
110.43,5,339.6,0,10,77.8,0,0.059,1,0
139.26,1,2853.1,0,13,37.16,0,0.158,1,0
60.79,4,189.9,0,5,3.94,0,0.119,0,0
24.82,2,896.8,0,17,,0,0.307,0,0
64.61,5,282.5,0,4,42.22,1,0.13,0,0
137.77,0,324.6,0,7,36.0,0,0.383,0,0
59.23,4,105.3,0,10,54.71,1,0.34,1,0
232.83,1,110.1,0,17,54.07,4,0.597,1,1
64.49,6,1135.6,1,11,49.18,1,0.116,0,0
111.58,3,191.2,0,4,9.58,0,0.54,0,0
193.2,6,67.2,0,17,87.54,1,0.538,1,0
15.98,2,404.7,0,23,11.47,0,0.157,0,0
99.0,5,1220.7,0,17,54.67,0,0.165,0,0
63.53,4,405.5,0,9,54.06,0,0.441,0,0
80.09,1,40.1,0,2,39.91,0,0.339,1,0
283.87,1,24.5,1,23,260.17,0,0.89,1,1
82.24,5,343.2,0,16,85.62,0,0.407,1,0
8.55,2,2413.6,0,22,15.69,0,0.345,1,0
45.55,1,78.7,0,3,20.9,0,0.125,0,0
72.78,2,711.4,0,6,52.76,1,0.62,1,0
65.43,5,38.2,0,10,7.44,0,0.323,0,0
183.06,1,1380.8,0,11,25.98,1,0.248,0,0
30.75,4,412.4,0,18,29.33,0,0.563,1,0
250.0,1,95.9,0,8,195.71,2,1.0,0,1
166.9,2,27.9,1,21,,1,0.721,1,1
188.66,4,407.0,0,19,67.53,0,0.042,1,0
74.57,6,1707.1,0,18,16.38,0,0.293,0,0
78.72,3,696.6,0,18,21.37,0,0.164,0,0
39.33,5,101.1,0,12,20.85,0,0.378,0,0
130.13,2,47.9,1,13,0.56,0,0.0,0,0
33.76,6,382.7,0,23,16.18,0,0.0,1,0
43.89,6,704.5,0,2,26.33,0,0.747,0,0
157.57,3,67.6,0,21,294.24,1,0.555,0,1
38.8,10,183.6,0,9,14.88,1,0.261,0,0
113.41,4,241.8,0,13,2.54,0,0.412,0,0
103.85,3,415.1,0,2,17.83,1,0.233,1,0
159.65,4,1322.9,0,1,20.65,0,0.563,0,0
4.77,2,622.1,0,1,59.75,1,0.488,0,0
87.06,6,973.5,0,12,,0,0.222,1,0
46.43,1,698.8,0,7,16.8,0,0.357,0,0
7.21,2,173.3,0,4,16.82,1,0.533,0,0
12.15,6,469.6,0,16,81.93,0,0.0,0,0
6.64,8,1262.7,0,5,26.33,0,0.304,0,0
64.75,3,188.3,0,4,62.18,0,0.041,0,0
92.02,5,346.7,0,8,49.14,0,0.343,0,0
155.2,1,294.8,0,20,26.9,0,0.35,0,0
68.24,8,585.0,0,7,4.49,1,0.187,1,0
145.51,5,566.0,0,1,3.81,0,0.385,0,0
25.61,3,953.8,0,17,15.38,0,0.255,0,0
99.63,4,133.2,1,10,71.67,1,0.088,0,0
11.37,9,238.4,0,0,14.87,1,0.134,0,0
13.73,6,768.8,1,23,21.56,1,0.099,0,0
84.82,1,659.4,1,13,36.72,2,0.316,1,0
136.05,2,406.6,0,2,62.45,0,0.403,0,0
88.61,3,247.8,0,1,31.13,0,0.491,0,0
84.09,3,3151.7,0,20,35.59,0,0.487,1,0
82.5,5,156.8,1,6,20.09,0,0.03,1,0
164.08,3,529.8,0,20,13.76,0,0.284,1,0
61.83,4,2215.3,0,18,45.4,0,0.161,1,0
58.11,5,447.3,0,22,12.41,0,0.331,1,0
247.46,2,345.4,1,21,16.57,0,0.664,1,1
21.08,4,854.2,0,20,31.26,0,0.363,0,0
12.96,4,943.0,1,10,58.32,0,0.35,1,0
22.6,5,1110.9,0,11,9.14,0,0.0,1,0
22.24,3,505.4,0,21,6.4,1,0.458,0,0
353.35,2,19.7,0,19,38.28,1,0.597,0,1
24.44,3,275.3,0,0,40.65,0,0.321,0,0
88.39,2,800.3,0,1,40.37,0,0.129,0,0
152.42,3,112.3,0,17,36.4,1,0.185,1,0
99.31,2,23.9,0,3,,0,0.633,0,0
11.11,4,1297.5,0,7,43.8,0,0.303,0,0
148.19,2,442.5,0,4,14.96,0,0.581,1,0
30.86,4,281.3,0,22,19.82,1,0.144,1,0
140.7,4,217.0,0,12,161.71,0,1.0,1,1
13.27,1,1135.2,0,21,6.56,0,0.329,0,0
7.99,6,1625.4,1,1,29.75,0,0.119,0,0
49.61,5,147.8,0,1,16.68,0,0.0,1,0
49.18,3,252.7,0,20,36.05,0,0.176,1,0
38.45,3,194.5,0,10,41.2,0,0.383,1,0
88.83,1,74.8,0,2,132.7,2,0.573,0,1
12.83,4,239.2,0,10,14.47,1,0.23,0,0
39.25,4,31.9,1,0,53.06,0,0.241,0,0
21.54,3,328.1,0,1,26.55,0,0.348,0,0
98.8,2,101.6,0,6,15.68,0,0.0,0,0
148.33,3,456.4,0,23,45.53,0,0.186,1,0
33.79,4,346.6,0,0,9.08,0,0.504,0,0
105.5,3,942.8,0,21,8.55,0,0.274,0,0
131.41,3,841.5,0,13,31.79,0,0.308,0,0
18.56,1,545.3,0,0,33.45,1,0.049,1,0
52.03,1,2127.2,0,14,66.8,0,0.0,1,0
128.38,2,1522.6,0,20,5.8,0,0.157,1,0
266.08,4,16.2,0,12,11.35,1,0.876,1,1
36.25,4,635.5,0,2,55.54,2,0.208,1,0
90.26,1,0.6,0,3,25.43,0,0.694,1,0
5.13,4,41.9,0,20,35.28,1,0.295,0,0
129.83,3,1.4,0,3,24.66,0,0.309,0,0
5.45,5,228.4,0,9,42.49,0,0.229,1,0
114.36,2,313.2,0,6,45.14,0,0.475,0,0
158.15,3,1769.7,0,16,49.4,0,0.092,1,0
92.99,3,923.9,1,6,29.73,0,0.0,0,0
75.31,4,389.5,0,1,18.84,0,0.109,1,0
101.88,4,43.5,0,10,23.0,2,0.182,0,0
80.33,8,91.1,1,6,9.93,0,0.1,0,0
37.16,1,221.6,1,18,136.49,2,0.888,0,1
12.89,4,478.1,0,9,8.62,0,0.276,1,0
126.32,5,313.1,0,7,30.76,0,0.28,1,0
58.46,4,515.5,0,22,23.1,0,0.453,1,0
186.06,4,1771.4,1,11,6.41,2,0.497,0,0
47.1,4,268.0,1,23,39.87,1,0.309,0,0
146.95,3,59.9,0,18,75.59,0,0.608,1,0
22.31,3,93.1,0,17,19.86,0,0.0,0,0
142.16,2,374.5,0,1,29.05,1,0.023,1,0
80.25,4,832.9,0,17,110.86,0,0.477,0,0
42.06,4,1642.2,0,22,69.95,0,0.538,0,0
152.04,6,402.4,0,18,58.75,0,0.0,0,0
104.67,5,1719.5,0,23,18.01,0,0.404,0,0
126.94,3,1554.8,0,20,62.06,0,0.347,0,0
182.03,1,638.3,0,13,36.53,0,0.372,0,0
91.27,3,789.9,0,5,18.82,0,0.0,1,0
73.28,7,12.9,1,21,40.21,0,0.031,0,0
54.45,2,53.8,0,5,55.53,0,0.611,1,0
18.29,3,79.5,0,21,53.28,0,0.281,0,0
23.02,5,1739.8,1,19,2.07,0,0.354,0,0
164.63,3,86.3,0,9,23.7,0,0.0,0,0
91.91,10,607.4,0,7,2.46,0,0.156,0,0
62.3,5,1005.0,0,14,48.81,0,0.158,0,0
279.55,5,271.3,1,12,15.33,1,0.452,1,1
40.19,2,489.2,0,0,35.14,2,0.257,0,0
169.87,2,766.0,0,11,10.69,0,0.222,1,0
23.8,2,449.8,0,19,64.47,1,0.507,0,0
45.81,3,655.2,0,12,15.87,0,0.411,0,0
133.3,2,340.2,0,5,113.88,3,0.928,0,1
74.98,5,211.1,1,21,12.86,0,0.115,0,0
154.31,1,25.8,0,1,63.03,0,0.365,0,0
114.65,4,998.5,0,7,49.2,0,0.042,1,0
52.02,2,1242.4,0,10,38.3,0,0.193,0,0
18.32,3,71.5,0,2,29.58,1,0.008,0,0
32.79,0,102.0,0,15,49.52,0,0.24,0,0
74.54,1,691.7,0,14,24.51,0,0.262,0,0
36.39,4,359.2,0,18,35.71,0,0.568,1,0
44.63,8,978.2,0,18,33.06,0,0.049,0,0
121.12,2,341.7,0,12,61.85,0,0.157,1,0
26.52,5,1624.4,0,8,42.78,3,0.32,1,0
128.0,4,456.4,0,5,7.44,2,0.098,1,0
146.31,3,237.0,1,15,102.6,0,0.54,0,0
151.44,3,420.9,0,0,12.26,0,0.219,0,0
78.27,3,1211.7,0,1,63.38,1,0.0,0,0
19.57,3,224.3,0,7,71.62,1,0.254,0,0
66.83,3,995.1,0,22,56.18,0,0.008,0,0
98.6,7,122.3,0,16,5.6,0,0.307,0,0
169.85,0,251.4,0,12,67.84,1,0.511,1,0
125.11,3,137.1,0,14,42.39,1,0.322,0,0
35.95,2,110.8,0,1,51.06,0,0.321,0,0
73.98,5,1127.2,0,9,8.43,0,0.0,1,0
103.23,3,804.8,0,14,43.39,0,0.149,1,0
261.86,4,1440.8,0,3,37.78,0,0.0,0,0
62.47,1,275.0,0,17,67.96,2,0.58,1,0
143.2,2,1176.0,0,16,9.96,0,0.0,1,0
43.17,2,962.9,0,19,28.41,0,0.206,1,0
179.06,1,91.5,0,13,26.72,2,0.732,1,1
54.78,8,892.5,0,12,22.03,1,0.433,0,0
46.6,3,332.1,0,12,28.28,0,0.547,0,0
266.11,2,41.5,0,16,275.19,2,0.301,1,1
154.88,2,623.2,0,8,22.03,1,0.091,0,0
62.09,2,12.3,0,3,31.44,0,0.167,0,0
160.79,2,1385.9,0,10,16.4,0,0.257,1,0
224.12,5,198.4,0,7,67.4,0,0.068,1,0
22.81,4,128.6,0,7,36.64,0,0.478,1,0
31.42,4,510.2,0,2,14.01,0,0.05,1,0
31.75,7,1115.4,0,8,34.37,0,0.143,0,0
70.59,1,527.6,1,18,15.27,0,0.585,1,0
65.89,4,231.0,0,18,21.2,0,0.0,1,0
62.21,6,499.7,0,16,20.29,1,0.059,1,0
6.55,1,150.1,0,12,50.43,0,0.465,0,0
38.95,5,445.1,0,17,25.26,0,0.0,0,0
185.29,4,243.0,0,15,53.21,0,0.079,1,0
332.93,2,455.1,0,16,21.94,0,1.0,1,1
93.27,5,528.5,0,16,45.34,0,0.053,1,0
170.89,4,466.9,0,5,226.4,1,0.832,1,1
92.58,7,1382.8,0,11,52.08,2,0.322,0,0
63.59,5,483.7,0,12,10.02,0,0.0,1,0
108.26,3,941.4,0,18,53.75,0,0.47,1,0
58.51,3,291.4,0,10,43.69,0,0.358,0,0
7.88,3,783.7,1,20,12.2,0,0.349,0,0
26.16,3,1424.4,0,15,37.28,0,0.27,1,0
202.58,4,271.2,1,15,142.17,1,0.988,0,1
80.12,4,1137.9,1,5,73.77,0,0.31,0,0
4.75,3,507.6,0,17,12.77,0,0.459,0,0
88.54,2,889.9,0,17,12.6,0,0.304,0,0
139.62,2,269.2,0,23,118.85,0,0.569,1,1
78.67,0,1446.3,0,12,17.43,1,0.362,1,0
88.8,2,247.4,0,22,52.15,1,0.294,1,0
31.13,1,2558.1,0,13,34.81,1,0.386,0,0
27.71,4,77.6,0,13,76.42,0,0.294,0,0
122.04,3,926.2,1,15,48.22,0,0.154,0,0
37.09,7,301.4,0,21,16.0,0,0.252,0,0
24.13,7,255.3,0,21,23.34,0,0.384,0,0
179.02,2,547.9,0,8,8.87,0,0.444,0,0
521.28,1,562.2,0,8,250.08,0,0.579,1,1
12.58,3,118.3,0,9,67.35,0,0.113,1,0
138.7,3,747.5,0,14,19.48,0,0.44,1,0
78.58,4,2934.7,0,11,54.66,0,0.246,0,0
59.81,5,750.8,0,13,30.04,0,0.043,0,0
11.59,1,300.2,0,15,62.68,0,0.251,0,0
57.44,2,671.0,0,23,14.76,0,0.031,1,0
13.46,1,139.2,0,12,55.91,0,0.308,0,0
33.79,5,246.9,0,12,51.93,0,0.261,0,0
10.31,4,1145.1,0,13,39.05,0,0.314,1,0
225.96,1,1223.0,0,7,0.14,0,0.507,0,0
36.91,1,1638.0,0,10,42.24,0,0.101,0,0
14.49,9,3477.3,0,13,9.72,0,0.103,0,0
104.18,5,193.8,0,3,4.33,0,0.0,1,0
108.88,6,311.8,0,4,27.59,0,0.204,0,0
48.33,5,3600.4,0,14,19.12,0,0.478,0,0
6.76,3,402.7,0,4,85.24,0,0.205,1,0
90.79,1,821.2,0,8,23.79,0,0.107,0,0
596.68,3,132.9,0,16,49.77,0,0.651,1,1
132.38,1,123.1,0,22,26.63,0,0.083,1,0
103.52,4,198.0,0,14,37.45,0,0.049,0,0
116.3,0,276.8,0,21,156.22,1,0.399,1,1
95.53,3,388.4,0,13,52.59,0,0.324,0,0
177.15,5,433.1,1,5,34.85,2,0.364,0,0
30.77,4,1177.8,0,18,57.33,0,0.366,1,0
6.41,3,434.2,0,19,53.79,0,0.09,0,0
499.27,3,237.2,0,8,50.93,0,0.592,1,1
169.4,0,617.9,0,6,18.39,0,0.611,0,0
194.39,1,116.6,1,19,274.03,1,0.304,0,1
152.93,4,602.1,1,16,41.78,0,0.768,0,0
44.19,4,898.0,0,23,7.43,1,0.516,0,0
61.02,1,102.8,0,13,79.27,1,0.623,0,0
59.52,4,936.6,0,19,5.48,0,0.55,0,0
45.2,3,128.5,0,12,49.89,2,0.296,1,0
64.36,4,766.4,0,1,51.99,1,0.722,0,0
43.21,5,117.1,0,5,5.48,0,0.006,0,0
28.32,2,78.1,0,10,32.17,0,0.488,1,0
147.73,1,559.3,0,2,12.16,1,0.171,0,0
103.86,6,1094.5,0,11,51.3,0,0.285,0,0
56.49,5,128.7,1,17,20.06,0,0.415,1,0
79.18,5,476.3,0,8,45.42,1,0.21,1,0
86.08,7,554.2,0,23,34.42,1,0.663,0,0
52.09,3,586.2,0,15,69.29,0,0.569,1,0
102.91,3,293.5,1,6,84.46,1,0.0,0,0
150.69,4,1010.0,0,8,19.72,0,0.555,0,0
86.43,2,229.0,1,11,28.04,0,0.425,0,0
149.43,4,1492.2,0,14,53.18,0,0.464,0,0
114.81,3,89.4,0,11,31.46,0,0.1,1,0
64.27,2,803.0,0,8,19.7,1,0.098,0,0
114.22,4,125.3,0,20,21.79,0,0.438,1,0
234.5,2,1349.6,0,4,5.83,1,0.346,1,0
103.08,7,337.6,0,14,19.87,0,0.347,1,0
39.24,2,261.0,1,19,45.85,0,0.43,0,0
18.17,4,1046.7,0,20,72.92,0,0.452,0,0
35.65,4,89.8,0,23,19.45,0,0.162,1,0
68.41,4,2088.1,0,12,77.41,0,0.293,1,0
163.35,3,750.2,0,5,63.27,0,0.282,0,0
76.12,2,902.1,1,23,7.19,0,0.0,0,0
12.17,5,28.4,0,7,28.96,1,0.327,0,0
18.68,2,587.0,0,5,3.64,0,0.094,1,0
183.26,3,219.6,0,2,3.3,0,0.431,0,0
155.63,8,20.4,0,13,38.08,0,0.201,0,0
120.01,3,213.0,0,14,17.52,1,0.164,0,0
77.46,2,73.1,0,15,16.29,0,0.211,1,0
37.18,3,232.0,0,23,35.53,1,0.282,1,0
40.86,2,68.7,0,1,73.49,0,0.0,0,0
10.08,4,78.8,0,19,77.45,0,0.278,1,0
39.88,2,536.0,0,2,56.47,0,0.239,0,0
0.23,4,977.7,0,23,23.9,0,0.718,1,0
259.67,0,283.0,0,12,1.16,0,0.811,1,1
44.04,3,384.1,0,3,30.92,0,0.229,0,0
95.26,3,174.6,1,23,212.21,1,0.459,1,1
96.33,2,889.9,0,20,80.42,0,0.544,0,0
65.5,4,206.0,0,13,25.1,0,0.182,1,0
84.24,6,3227.9,0,19,64.43,0,0.471,0,0
68.99,8,1108.1,0,12,60.19,1,0.416,0,0
305.27,1,309.9,1,1,133.33,0,0.638,1,1
47.53,3,3326.8,1,17,51.63,1,0.0,0,0
543.59,1,615.0,0,13,79.23,0,0.72,0,1
95.49,1,104.0,0,13,5.02,0,0.658,1,0
120.73,4,58.2,0,14,6.4,1,0.098,0,0
87.14,4,239.0,0,23,15.85,0,0.161,0,0
6.5,4,75.2,0,18,24.02,1,0.113,1,0
22.13,2,79.5,0,19,12.58,0,0.317,0,0
93.37,0,194.5,0,6,79.5,1,0.269,1,0
51.5,3,72.1,0,7,37.19,0,0.446,0,0
78.28,7,1841.6,0,10,19.17,0,0.0,0,0
92.94,1,256.0,1,13,16.28,0,0.463,0,0
97.49,4,197.7,0,23,38.0,0,0.38,0,0
37.59,4,185.0,0,9,1.24,0,0.066,1,0
164.65,7,248.5,0,10,18.28,0,0.605,0,0
161.77,1,42.6,0,22,41.28,0,0.38,1,0
186.6,2,114.1,0,12,19.29,0,0.363,1,0
33.17,4,367.1,0,10,27.17,0,0.098,0,0
398.67,1,40.3,1,12,180.87,1,0.74,1,1
15.3,4,2169.6,0,8,57.68,1,0.46,1,0
34.81,6,999.7,0,18,48.13,2,0.545,0,0
131.17,4,75.9,0,17,30.62,1,0.217,0,0
67.36,6,312.3,1,22,69.48,1,0.0,1,0
120.23,3,717.1,0,18,115.02,0,0.063,0,0
208.39,6,186.3,1,13,36.89,2,0.303,0,0
46.99,5,92.4,0,15,71.65,0,0.465,0,0
9.49,2,3084.5,0,16,47.37,1,0.085,0,0
87.89,6,208.6,0,5,43.17,0,0.35,0,0
70.83,3,209.6,0,22,13.57,0,0.521,0,0
114.95,4,20.2,0,8,32.11,1,0.354,1,0
54.82,4,389.1,0,20,18.54,1,0.125,0,0
87.3,4,320.1,0,19,12.26,0,0.555,1,0
34.86,6,1359.8,0,6,26.47,0,0.122,1,0
94.31,4,399.1,1,17,53.76,0,0.08,0,0
83.25,3,607.7,0,5,32.77,0,0.0,1,0
91.4,5,125.4,0,9,44.05,0,0.188,0,0
78.65,7,28.4,0,21,79.33,1,0.055,1,0
271.06,2,50.6,1,16,186.03,0,0.964,0,1
74.72,5,192.1,0,11,11.78,0,0.436,0,0
172.34,5,359.5,0,10,18.27,0,0.03,0,0
26.72,5,25.9,0,4,35.04,0,0.215,1,0
189.41,2,445.6,0,14,14.17,1,0.381,1,0
98.65,1,157.0,0,8,54.49,0,0.292,0,0
87.54,1,102.7,0,6,254.72,2,0.817,1,1
24.59,4,361.0,0,4,32.9,0,0.529,0,0
199.64,2,578.7,0,22,45.6,0,0.107,0,0
45.99,4,209.7,1,10,13.6,1,0.103,0,0
18.82,5,16.5,1,22,43.37,0,0.0,0,0
58.35,2,1561.5,1,9,46.02,0,0.0,0,0
100.3,0,221.9,0,3,7.75,0,0.694,0,0
23.33,4,581.4,0,2,10.02,0,0.446,0,0
50.25,3,471.9,0,14,34.88,0,0.323,0,0
33.98,5,458.7,0,0,10.75,1,0.0,0,0
100.49,7,13.0,0,1,64.28,0,0.092,0,0
136.61,3,1939.1,0,2,23.57,0,0.057,0,0
50.12,2,1310.6,0,17,53.42,0,0.32,0,0
84.57,6,3.1,0,9,,0,0.196,1,0
89.24,4,278.9,1,1,41.23,1,0.434,0,0
106.8,1,262.5,1,5,4.14,0,0.384,0,0
64.07,0,219.7,0,18,45.31,2,0.2,1,0
85.12,2,355.5,0,1,17.47,0,0.26,0,0
105.86,0,365.9,1,5,14.41,1,0.627,1,0
3.48,2,1012.8,1,6,16.86,0,0.206,1,0
51.05,6,332.8,0,14,1.79,0,0.232,1,0
368.42,1,133.0,0,19,113.41,1,0.571,0,1
158.1,3,995.9,0,21,4.33,0,0.226,1,0
83.87,4,753.3,0,4,26.19,1,0.214,0,0
150.45,1,359.6,0,14,13.88,0,0.545,0,0
60.47,4,1357.5,0,7,30.4,1,0.194,1,0
135.26,2,523.3,0,18,98.93,0,0.041,0,0
59.45,0,556.7,0,0,1.2,0,0.212,1,0
213.72,1,209.6,0,9,369.89,1,0.623,1,1
567.91,2,345.1,1,2,288.5,0,0.363,0,1
263.89,2,515.8,0,6,54.17,1,0.621,1,1
34.52,3,198.9,1,23,30.08,0,0.109,1,0
54.72,4,173.2,0,21,0.46,1,0.279,1,0
517.82,1,138.5,1,13,245.35,0,0.687,1,1
93.7,2,143.5,0,23,13.21,1,0.454,0,0
10.12,6,773.4,0,5,28.0,0,0.287,1,0
65.05,5,171.7,1,23,18.58,0,0.328,1,0
33.42,2,169.6,0,18,10.63,0,0.397,0,0
90.81,2,194.1,0,2,41.28,0,0.31,1,0
106.53,8,409.9,0,23,8.73,0,0.319,0,0
85.57,4,959.9,0,8,0.61,0,0.182,1,0
240.45,5,41.9,0,21,198.4,0,0.366,1,1
134.08,5,213.1,0,21,72.33,0,0.0,0,0
10.48,4,364.0,0,9,14.9,1,0.0,0,0
143.77,0,1.5,0,2,58.82,0,0.544,0,1
159.9,5,337.5,0,3,5.09,0,0.297,1,0
71.74,2,497.4,1,12,23.2,0,0.521,0,0
497.24,3,134.2,0,22,181.8,0,0.712,0,1
71.69,5,3457.4,0,22,0.98,0,0.361,1,0
91.13,1,3080.8,0,5,60.56,0,0.0,1,0
75.38,4,416.2,0,18,7.36,0,0.198,1,0
144.87,5,1.6,1,6,7.0,0,0.367,0,0
75.05,1,116.4,0,7,22.15,1,0.247,1,0
6.46,0,608.6,0,13,66.02,1,0.103,0,0
114.48,4,627.5,0,20,45.67,2,0.509,1,0
31.91,5,41.8,0,21,38.09,0,0.297,0,0
83.56,2,358.8,0,3,60.18,0,0.233,1,0
54.09,2,563.8,0,23,2.5,0,0.019,0,0
97.83,7,161.4,0,19,107.96,0,0.591,0,0
21.68,1,834.4,0,13,0.93,0,0.399,1,0
175.23,6,500.0,0,5,41.15,1,0.362,0,0
45.52,7,687.5,0,22,35.68,0,0.0,1,0
195.33,10,31.7,0,10,18.76,0,0.434,0,0
457.19,3,546.0,0,15,139.69,0,0.912,1,1
55.38,3,723.2,0,21,1.87,0,0.422,0,0
134.37,3,394.6,0,0,15.89,0,0.45,1,0
16.72,3,587.9,0,10,2.19,2,0.084,1,0
53.82,3,62.9,0,19,16.01,0,0.002,1,0
104.59,5,598.9,0,17,43.65,0,0.167,0,0
170.48,8,78.5,0,19,4.08,0,0.948,1,0
112.65,4,821.7,0,9,27.75,0,0.381,1,0
86.21,3,1581.7,0,3,64.43,1,0.114,0,0
215.52,5,361.5,0,12,4.71,0,0.155,1,0
106.93,5,226.2,0,3,47.33,0,0.314,1,0
63.41,3,489.6,0,9,47.49,0,0.545,1,0
7.88,2,28.0,0,16,55.39,0,0.286,1,0
121.5,6,180.6,1,22,27.18,0,0.256,1,0
122.09,4,125.8,0,19,32.71,0,0.0,1,0
165.05,5,1468.7,0,13,42.62,0,0.333,0,0
87.2,5,923.4,0,16,0.34,0,0.0,1,0
35.92,2,904.3,0,0,5.79,0,0.195,1,0
103.81,3,134.1,0,3,46.88,2,0.271,1,1
70.35,3,206.5,0,11,82.65,2,0.344,0,0
147.03,6,517.6,1,5,28.87,0,0.792,0,0
122.13,2,137.7,1,11,102.08,1,0.381,1,1
9.99,6,411.5,1,21,29.24,1,0.412,0,0
80.17,2,690.9,1,9,8.56,0,0.194,0,0
4.66,7,727.8,0,18,42.83,0,0.045,0,0
119.56,2,1895.4,0,5,70.91,0,0.691,0,0
162.43,1,128.6,0,12,22.68,0,0.092,0,0
113.49,4,45.3,0,12,17.01,1,0.0,1,0
109.11,0,1621.7,1,10,174.33,1,0.527,1,1
114.36,4,441.6,0,16,14.25,0,0.0,0,0
92.02,2,702.6,0,18,112.15,0,0.324,1,0
81.7,3,805.9,0,13,16.89,0,0.0,0,0
145.52,3,635.3,0,10,39.35,0,0.164,0,0
128.76,3,437.2,0,15,20.23,1,0.317,1,0
143.0,0,74.7,0,15,332.08,0,0.532,1,1
78.41,2,606.8,0,2,38.28,0,0.228,0,0
48.9,8,862.2,0,17,7.77,0,0.366,0,0
272.61,1,743.9,1,21,31.11,1,0.694,0,1
56.91,0,248.8,0,8,68.68,1,0.0,0,0
100.99,6,2378.8,0,19,64.11,0,0.303,0,0
196.83,0,400.0,0,13,20.69,0,0.317,0,0
6.46,3,351.4,0,19,10.99,0,0.388,0,0
47.14,5,51.4,0,17,56.14,0,0.187,1,0
18.0,5,156.5,0,3,2.17,0,0.517,1,0
443.79,3,4.8,0,23,276.43,2,0.697,1,1
136.64,2,285.3,0,13,66.13,0,0.503,0,0
12.97,2,183.0,0,18,27.78,2,0.388,0,0
355.35,2,1147.4,0,7,107.73,0,0.441,1,1
11.9,2,487.2,0,6,66.46,0,0.327,0,0
11.68,2,51.6,0,19,59.09,1,0.446,0,0
217.78,7,3080.7,0,2,17.33,0,0.236,1,0
52.02,6,1156.1,0,4,63.23,0,0.243,1,0
48.35,2,446.7,0,15,75.02,0,0.441,0,0
141.13,1,210.4,0,23,28.82,0,0.426,0,0
5.61,5,551.6,0,14,48.74,0,0.0,0,0
57.66,2,1327.4,0,2,59.78,0,0.098,0,0
33.17,6,487.0,0,6,57.72,1,0.049,1,0
73.27,6,1496.2,1,8,0.18,0,0.238,0,0
11.75,1,215.4,0,22,5.82,0,0.145,0,0
46.65,2,1911.2,0,14,10.8,0,0.279,0,0
367.4,6,24.9,0,6,104.04,0,0.554,0,1
88.03,1,487.0,0,4,50.96,0,0.527,0,0
112.27,5,308.5,0,15,51.43,1,0.0,0,0
137.71,4,749.4,0,8,52.88,1,0.284,0,0
35.74,5,1022.5,0,2,34.61,0,0.287,1,0
62.82,1,894.7,0,1,18.04,0,0.089,0,0
4.29,2,178.7,0,5,47.6,1,0.457,0,0
33.24,8,1409.4,0,7,17.62,1,0.057,1,0
69.9,2,810.6,0,5,26.14,2,0.337,0,0
51.13,3,997.3,0,3,23.1,0,0.335,0,0
134.29,3,517.2,0,14,52.94,0,0.13,0,0
112.27,1,115.3,0,1,0.62,0,0.015,1,0
157.27,5,344.7,0,1,302.36,0,0.534,1,1
112.39,4,765.8,0,17,14.53,0,0.604,1,0
76.31,4,576.0,0,19,10.83,0,0.0,1,0
48.68,2,233.2,1,6,14.5,0,0.431,1,0
143.78,3,742.7,0,22,12.76,1,0.524,1,0
77.93,3,82.5,0,4,84.5,0,0.07,0,0
37.38,8,249.8,0,23,24.49,0,0.0,0,0
29.0,4,815.6,0,0,69.51,0,0.234,1,0
463.78,2,352.3,1,4,73.63,0,0.537,0,1
106.0,3,183.8,1,1,53.21,0,0.478,0,0
160.85,4,83.9,1,1,28.43,1,0.509,1,1
101.73,4,305.2,0,0,0.67,1,0.142,0,0
164.65,6,1091.3,0,8,48.04,1,0.56,1,0
122.26,8,384.1,0,23,7.57,1,0.378,1,0
105.21,7,211.7,0,17,69.26,2,0.198,0,0
33.64,3,56.1,0,23,44.52,0,0.0,0,0
144.48,5,416.6,0,6,42.39,0,0.119,0,0
7.0,0,266.3,0,23,21.48,0,0.113,1,0
144.06,2,185.9,1,15,26.91,0,0.0,1,0
98.51,2,1194.0,0,15,14.04,1,0.499,1,0
218.54,5,597.9,1,7,24.62,2,0.343,1,0
7.68,3,0.0,1,14,139.66,0,1.0,0,1
120.85,6,2126.9,1,17,16.51,0,0.472,1,0
28.75,6,548.1,0,4,36.11,0,0.373,1,0
202.69,2,390.6,0,9,52.49,1,0.59,0,0
117.4,4,108.0,0,18,54.44,0,0.195,0,0
48.4,3,300.6,0,23,9.07,0,0.423,0,0
8.37,1,773.2,0,18,35.33,0,0.0,0,0
1.5,2,1217.6,0,9,33.69,0,0.259,1,0
119.43,2,265.5,0,21,64.83,0,0.0,0,0
112.83,2,206.1,0,10,21.36,0,0.325,1,0
38.76,4,350.1,1,17,81.61,0,0.08,0,0
89.44,2,833.8,0,0,15.43,0,0.426,0,0
142.81,2,954.8,0,14,5.56,0,0.391,0,0
40.96,2,1484.8,0,2,20.53,0,0.357,0,0
423.97,4,260.2,0,17,102.98,1,0.095,1,1
142.57,1,73.8,0,11,8.11,0,0.364,0,0
75.93,6,259.7,0,15,16.91,0,0.258,0,0
22.6,3,147.9,0,11,30.85,1,0.067,0,0
123.27,6,1408.3,0,6,14.62,0,0.787,0,0
37.16,7,40.2,0,17,21.2,1,0.32,0,0
24.96,3,1368.9,0,3,17.25,0,0.011,0,0
56.1,1,13.9,1,17,21.75,0,0.429,0,0
35.62,4,822.0,0,0,27.56,1,0.401,1,0
67.24,6,192.8,0,18,11.37,0,0.243,1,0
193.3,5,2298.9,0,13,24.57,0,0.5,1,0
153.64,1,418.3,0,8,50.71,0,0.336,0,0
176.83,4,338.2,1,10,46.54,0,0.343,0,0
107.97,2,4390.4,0,20,11.78,1,0.235,1,0
59.48,7,1751.6,1,3,8.67,0,0.002,1,0
301.9,2,624.2,0,11,122.06,2,0.408,1,1
2.46,4,884.2,0,6,13.14,1,0.457,1,0
56.53,4,25.2,0,16,34.7,0,0.411,0,0
16.76,3,704.2,1,14,20.98,0,0.246,0,0
111.99,4,486.6,0,9,51.68,0,0.6,1,0
102.53,1,78.7,0,8,42.95,0,0.223,0,0
116.59,6,1322.8,0,2,10.95,0,0.659,1,0
82.37,0,544.7,0,5,45.74,0,0.637,0,0
164.4,3,1426.3,0,11,34.37,0,0.0,1,0
189.57,2,70.0,0,2,47.35,1,0.544,1,0
18.8,5,1784.7,0,11,44.18,1,0.0,1,0
41.26,2,347.0,0,14,17.16,0,0.375,0,0
42.17,3,174.6,0,1,38.89,0,0.568,1,0
134.85,5,745.4,0,12,54.12,0,0.545,0,0
7.01,1,637.5,0,12,25.0,0,0.035,0,0
144.93,4,637.2,0,23,39.46,0,0.312,0,0
70.7,3,891.1,0,3,8.08,1,0.293,0,0
155.06,2,931.3,0,10,0.53,0,0.119,0,0
122.97,2,301.3,0,6,25.05,0,0.433,1,0
68.57,2,2097.3,0,2,64.81,0,0.312,0,0
468.8,0,256.2,0,9,9.16,0,0.319,0,1
108.74,2,365.3,0,10,36.32,0,0.071,1,0
146.33,2,53.1,0,21,47.52,0,0.463,0,0
112.1,1,1120.5,0,13,76.56,0,0.036,1,0
114.61,4,357.4,0,3,75.47,1,0.599,0,1
113.76,4,71.5,0,15,29.21,0,0.403,0,0
63.39,3,507.6,0,18,53.14,0,0.079,1,0
408.87,4,340.7,1,9,10.94,0,0.831,0,1
6.85,5,119.6,0,10,15.99,2,0.551,0,0
246.44,3,597.9,0,2,31.51,0,0.348,0,0
101.67,6,313.7,0,1,36.34,1,0.355,0,0
24.18,2,129.0,0,22,5.9,0,0.385,0,0
55.82,3,3176.7,0,6,17.63,0,0.184,0,0
102.51,0,1527.6,0,14,51.34,0,0.502,0,0
180.22,3,1403.3,1,5,36.66,0,0.549,1,0
511.09,0,234.3,0,22,145.41,1,0.78,1,1
10.74,7,593.8,0,22,63.34,0,0.306,1,0
15.61,3,1178.1,0,7,39.11,1,0.156,1,0
11.4,6,129.0,0,18,36.05,0,0.532,0,0
19.75,3,45.0,0,9,48.49,1,0.191,0,0
52.39,3,730.0,0,22,44.47,0,0.506,0,0
8.14,3,1068.5,0,1,27.47,1,0.15,0,0
140.42,4,2601.8,0,3,11.13,0,0.12,0,0
73.55,1,64.0,0,17,45.11,0,0.293,1,0
96.11,4,1991.9,0,7,103.17,0,0.157,0,0
90.81,6,297.9,0,0,4.44,0,0.171,1,0
93.02,4,2480.4,1,22,31.28,0,0.477,1,0
108.62,6,1332.5,0,13,51.67,0,0.306,0,0
144.89,3,887.5,1,7,57.94,1,0.38,1,0
48.86,1,45.3,0,8,19.97,0,0.423,0,0
181.76,3,202.6,1,13,199.34,0,0.389,0,1
139.0,2,1603.6,0,11,3.37,1,0.0,0,0
47.93,3,1317.1,0,9,29.63,0,0.0,1,0
25.34,1,946.1,0,14,37.65,0,0.031,0,0
58.15,2,631.3,0,0,8.61,0,0.088,0,0
30.74,4,230.4,0,22,77.02,1,0.306,0,0
289.09,0,36.1,0,7,6.06,2,0.269,1,1
62.33,4,216.6,0,8,3.55,0,0.368,1,0
172.53,7,237.7,1,20,7.88,0,0.386,0,0
103.57,5,791.8,0,6,2.54,0,0.403,1,0
145.96,3,1766.5,1,3,51.93,0,0.404,1,0
36.33,5,816.6,0,19,12.34,0,0.314,0,0
427.33,1,167.8,0,3,143.92,0,0.465,1,1
87.89,3,3171.1,0,11,8.61,0,0.402,0,0
28.68,2,101.9,0,22,5.25,0,0.096,0,0
47.0,3,1091.3,0,20,55.9,0,0.059,0,0
196.59,2,185.6,1,16,231.79,1,0.7,1,1
131.71,6,493.7,0,17,3.43,0,0.0,1,0
47.3,3,1612.3,0,23,21.11,0,0.404,1,0
85.54,1,2324.8,1,14,14.21,0,0.153,1,0
36.35,2,64.3,0,2,63.08,0,0.447,0,1
91.88,6,594.6,0,4,13.58,0,0.184,0,0
20.96,4,1433.4,0,1,62.16,0,0.186,0,0
81.31,3,623.8,0,17,44.69,0,0.261,1,0
67.32,6,477.3,0,21,32.07,0,0.22,1,0
200.1,7,403.3,0,15,46.29,0,0.0,0,0
69.17,6,324.9,0,16,9.27,1,0.404,1,0
91.61,2,236.1,1,14,163.36,1,0.822,1,1
22.62,3,171.2,0,22,22.24,0,0.52,0,0
60.14,5,1657.3,1,18,2.85,0,0.509,1,0
80.57,7,1765.6,1,19,35.69,0,0.07,0,0
65.84,3,1204.8,1,9,17.18,0,0.561,0,0
59.88,5,389.8,0,10,2.54,0,0.436,0,0
102.12,5,793.9,0,3,15.41,0,0.281,1,0
128.35,4,216.1,0,14,71.07,1,0.689,1,0
55.84,1,1486.3,0,14,17.05,0,0.555,0,0
93.03,3,12.2,0,20,49.26,0,0.435,0,0
99.71,4,756.6,0,21,17.85,0,0.526,1,0
168.64,4,2012.3,0,15,31.49,0,0.37,1,0
109.29,7,2728.2,1,2,1.98,0,0.19,1,0
305.71,2,159.9,0,18,42.93,2,0.268,0,1
58.0,3,1094.6,0,22,3.95,0,0.347,1,0
101.71,6,21.4,0,2,7.12,0,0.243,1,0
36.0,2,36.4,0,21,57.03,1,0.464,0,0
148.1,5,117.4,0,1,15.39,1,0.245,0,0
99.64,2,12.8,0,2,9.95,0,0.609,1,0
112.29,4,216.6,0,12,75.05,0,0.397,0,0
45.13,3,854.3,0,14,53.14,0,0.632,1,1
111.98,2,272.5,0,4,2.27,0,0.072,1,0
146.97,4,352.6,0,7,12.98,1,0.245,0,0
33.59,2,714.9,0,10,21.5,0,0.262,0,0
33.15,0,315.7,0,22,17.26,0,0.431,0,0
48.71,6,607.8,0,5,24.84,1,0.544,1,0
178.15,5,319.3,0,5,32.73,5,0.645,0,1
231.23,2,96.6,0,8,98.5,0,0.754,1,1
96.73,1,279.0,1,16,139.36,0,0.666,1,1
26.34,4,364.6,0,15,26.02,1,0.129,1,0
146.53,5,1568.1,0,7,10.88,0,0.326,1,0
207.33,1,657.6,0,2,7.63,0,0.028,0,0
179.85,3,737.5,1,20,21.43,0,0.508,0,0
99.54,6,741.8,0,11,55.47,0,0.021,0,0
1.88,1,46.2,0,13,13.84,0,0.136,1,0
42.96,1,112.9,0,13,64.53,0,0.0,1,0
57.47,5,796.6,0,4,47.54,0,0.108,1,0
123.5,3,760.8,1,2,21.65,0,0.091,1,0
222.02,4,4165.2,1,20,86.49,1,0.307,1,0
28.57,3,639.8,0,10,9.75,0,0.696,0,0
120.7,5,1095.3,0,10,28.8,0,0.204,0,0
27.34,0,394.6,1,8,175.77,0,0.281,0,1
155.74,6,459.3,0,23,2.09,0,0.41,0,0
24.55,8,155.0,0,14,28.15,0,0.66,1,0
12.65,4,3631.4,0,15,36.35,1,0.504,1,0
119.77,0,558.6,0,8,218.02,0,0.388,1,1
145.99,3,576.2,0,6,46.5,1,0.081,0,0
70.11,3,574.2,0,17,16.13,1,0.287,0,0
12.01,2,152.4,1,16,5.44,0,0.764,0,0
44.4,3,481.4,0,19,22.77,0,0.664,1,0
3.59,3,1355.6,0,1,39.31,0,0.614,0,0
186.45,5,95.3,0,8,46.46,0,0.334,0,0
151.09,2,1708.5,1,17,35.04,0,0.0,0,0
129.41,2,187.8,0,7,5.86,0,0.417,0,0
98.97,6,770.9,0,13,28.09,0,0.023,0,0
13.32,3,332.2,0,17,71.31,0,0.245,0,0
26.81,7,2878.4,0,6,21.85,0,0.0,0,0
66.17,2,1309.7,0,18,,0,0.078,0,0
160.41,1,0.0,0,11,32.8,0,0.19,0,0
39.25,4,1275.7,0,9,39.07,0,0.372,0,0
186.88,4,219.5,0,3,91.87,0,0.099,1,0
12.55,2,825.5,0,15,8.44,1,0.535,0,0
113.95,2,387.9,0,16,34.29,0,0.02,0,0
93.47,5,251.8,0,22,54.55,0,0.246,0,0
144.63,2,124.8,0,2,8.71,0,0.233,0,0
84.78,2,359.8,0,6,89.43,0,0.863,0,0
93.73,3,82.3,0,23,7.17,1,0.417,0,0
55.12,1,360.1,1,21,28.09,1,0.694,1,1
71.96,3,390.2,0,8,50.31,1,0.087,0,0
24.43,6,39.8,0,9,3.24,1,0.28,1,0
43.33,3,435.8,0,16,70.36,0,0.229,0,0
110.04,4,329.8,0,19,63.96,0,0.291,0,0
9.35,0,61.9,0,19,77.37,0,0.196,1,0
81.42,3,2268.5,0,4,42.54,0,0.084,1,0
20.78,0,14.2,1,18,31.35,1,0.453,1,1
46.47,2,33.0,0,10,18.39,1,0.668,0,0
45.56,5,501.1,0,19,4.06,1,0.48,0,0
76.45,5,340.6,0,6,73.92,0,0.382,0,0
125.87,2,63.3,1,16,20.59,0,0.067,1,0
23.06,4,350.9,0,8,29.64,0,0.403,1,0
22.61,4,1304.6,1,13,12.27,0,0.247,0,0
1.18,3,1738.3,0,21,29.49,1,0.156,0,0
61.7,4,946.4,0,21,69.89,0,0.566,0,0
59.2,6,7.3,1,15,37.53,0,0.349,0,0
5.55,6,842.1,0,4,78.6,0,0.21,0,0
103.42,8,467.8,0,20,8.44,0,0.424,0,0
12.64,1,507.3,0,19,43.16,1,0.235,0,0
68.12,2,33.2,0,14,48.5,0,0.251,0,0
91.97,3,3718.5,0,19,79.93,0,0.075,1,0
24.67,4,1606.2,0,6,74.81,0,0.226,0,0
68.23,5,109.8,0,8,54.24,0,0.389,0,0
66.21,6,151.2,0,5,12.61,0,0.09,0,0
26.78,7,204.8,1,4,8.96,1,0.0,0,0
162.5,2,38.0,1,3,124.82,1,0.56,1,1
36.09,0,1114.4,0,17,209.17,1,0.719,1,1
69.26,3,473.0,0,1,34.86,0,0.0,1,0
231.75,2,407.3,1,20,57.54,2,0.716,1,1
258.69,2,2489.7,0,10,6.31,0,0.278,0,0
11.23,6,75.2,0,9,35.2,0,0.376,0,0
62.71,4,52.7,0,6,10.85,0,0.302,1,0
13.06,3,272.4,0,8,17.25,0,0.33,0,0
27.32,4,76.1,0,16,31.93,0,0.196,1,0
56.4,7,272.5,0,22,60.77,0,0.401,0,0
97.14,3,744.6,0,5,11.67,0,0.334,1,0
8.88,0,282.3,0,9,54.58,0,0.016,0,0
151.02,3,928.1,1,21,12.72,1,0.455,1,0
37.97,3,165.6,0,7,45.88,0,0.418,1,0
90.65,1,1327.3,0,12,46.52,0,0.0,0,0
22.56,3,459.4,0,19,29.51,1,0.193,1,0
16.73,4,981.8,0,22,57.62,0,0.0,0,0
230.7,1,203.9,0,23,256.33,0,0.63,1,1
68.8,3,2007.5,1,1,54.68,0,0.367,0,0
59.9,6,201.3,0,22,54.86,0,0.603,1,0
81.55,4,1566.2,0,20,62.35,0,0.553,1,0
16.76,5,487.7,0,20,19.26,1,0.402,0,0
126.64,3,275.1,0,6,39.6,0,0.557,0,0
117.26,1,685.7,0,12,25.82,0,0.508,1,0
140.16,2,157.8,0,9,5.8,1,0.096,0,0
41.49,5,556.7,0,20,56.48,0,0.0,1,0
46.43,5,1074.1,0,10,70.39,0,0.622,1,1
177.8,2,969.4,0,1,26.67,0,0.002,1,0
55.66,6,202.2,0,10,45.4,0,0.092,1,0
97.0,2,194.8,0,11,56.91,0,0.24,1,0
99.12,3,373.5,1,15,276.67,0,0.49,1,1
100.79,5,33.6,1,0,28.51,0,0.0,0,0
47.94,4,731.7,0,1,1.96,1,0.403,0,0
9.32,5,159.2,0,13,,1,0.659,0,0
385.01,6,1052.9,1,15,20.16,0,0.939,0,1
18.38,4,97.8,0,20,43.48,0,0.576,0,0
111.18,4,276.7,0,8,67.66,0,0.587,0,0
65.58,4,161.1,0,18,59.41,0,0.278,1,0
158.04,3,536.7,0,15,76.16,0,0.534,0,0
117.19,1,243.1,0,10,16.56,0,0.28,0,0
302.9,2,72.0,0,6,265.9,1,0.702,0,1
26.76,6,1211.5,0,18,22.11,0,0.316,0,0
34.02,6,282.9,0,12,101.01,0,0.385,1,0
38.72,5,1254.6,0,2,0.86,1,0.395,0,0
30.85,4,387.6,0,6,29.89,0,0.638,0,0
58.86,2,2153.5,0,23,24.69,0,0.017,0,0
45.53,2,822.1,0,15,,0,0.08,0,0
91.78,5,76.4,0,4,109.06,0,0.183,1,0
6.11,7,957.6,0,11,24.6,0,0.232,0,0
58.07,4,797.4,0,1,37.33,1,0.353,1,0
122.71,2,540.6,0,20,204.38,1,0.124,1,1
69.83,3,134.8,0,3,23.76,0,0.446,0,0
176.23,4,329.6,0,6,13.22,0,0.122,0,0
14.51,1,123.7,0,19,43.19,0,0.268,1,0
195.23,0,509.8,0,7,80.15,0,0.711,1,1
56.29,3,113.3,0,6,26.9,0,0.408,1,0
4.99,5,1393.2,0,9,70.18,1,0.469,0,0
13.43,6,22.2,0,5,42.73,0,0.481,0,0
84.89,4,397.9,0,18,11.45,0,0.288,0,0
95.13,3,1295.5,0,23,19.65,0,0.466,0,0
32.07,7,238.5,0,5,,0,0.032,1,0
100.57,4,32.4,0,19,44.76,1,0.194,0,0
78.79,1,960.4,0,11,,0,0.019,0,0
9.35,4,298.2,0,16,51.79,0,0.052,0,0
158.65,4,69.2,0,13,1.27,0,0.744,0,0
35.94,3,295.7,0,8,18.63,0,0.0,0,0
114.51,6,632.0,0,23,4.08,0,0.276,1,0
51.78,3,2364.2,0,10,0.46,0,0.259,0,0
63.5,6,86.4,0,8,86.63,1,0.055,0,0
181.77,7,299.3,0,1,46.98,0,0.0,1,0
1.09,2,572.9,0,6,0.93,0,0.256,0,0
66.23,5,447.4,0,6,17.8,0,0.184,1,0
112.58,1,44.0,0,14,41.69,0,0.16,0,0
118.5,4,984.9,0,22,24.27,0,0.424,0,0
87.41,4,2584.9,0,16,34.52,0,0.0,0,0
28.8,4,2256.4,1,10,86.11,0,0.06,0,0
43.69,2,438.3,0,2,22.94,0,0.119,0,0
34.26,4,14.0,0,19,75.57,1,0.34,0,0
116.91,3,1194.9,0,6,8.26,0,0.722,1,0
8.7,5,834.5,0,15,14.02,2,0.318,0,0
63.54,5,287.6,0,10,2.99,0,0.446,0,0
51.32,3,560.0,0,7,44.09,0,0.0,0,0
18.5,9,860.3,0,4,49.25,0,0.319,0,0
151.32,2,754.1,0,8,52.13,0,0.03,0,0
117.21,2,375.1,0,13,29.42,0,0.604,1,0
69.01,4,827.9,0,5,9.59,1,0.254,0,0
81.97,4,2082.8,0,15,45.83,0,0.138,0,0
209.4,1,188.9,0,18,196.65,0,0.364,0,1
62.79,1,187.6,0,15,31.11,0,0.416,0,0
118.97,8,634.3,0,19,11.52,0,0.502,0,0
27.86,1,846.7,0,19,36.95,0,0.161,0,0
80.32,5,2043.3,0,2,76.03,1,0.527,1,0
102.07,2,188.2,0,14,21.2,1,0.741,0,0
100.91,2,709.5,1,14,22.32,0,0.0,0,0
104.09,8,1399.5,0,9,41.83,2,0.077,0,0
15.86,4,381.7,0,5,,0,0.185,0,0
53.59,6,109.3,0,21,21.05,0,0.173,0,0
40.99,5,247.4,0,15,24.24,0,0.183,0,0
6.85,6,2694.9,0,17,28.79,0,0.523,0,0
27.33,1,96.8,0,5,7.71,0,0.062,0,0
19.95,5,357.8,0,12,4.76,0,0.105,0,0
40.15,2,408.0,0,22,4.61,0,0.066,1,0
39.31,3,890.9,0,22,80.61,0,0.278,0,0
159.68,5,1362.6,0,7,10.41,1,0.358,1,0
65.83,3,622.1,0,2,7.42,0,0.385,0,0
114.05,7,1611.8,0,0,64.37,0,0.681,0,0
179.14,1,129.7,0,18,8.03,1,0.494,1,0
8.56,5,9.6,0,8,66.21,0,0.387,0,0
90.79,1,80.0,0,0,27.14,0,0.667,1,0
89.02,9,91.5,0,4,20.42,0,0.18,1,0
113.15,4,330.1,0,14,23.76,0,0.192,0,0
125.82,3,1105.5,1,6,1.5,1,0.23,1,0
39.67,1,258.7,0,22,1.83,0,0.0,1,0
50.92,3,377.5,0,9,7.34,0,0.347,0,0
134.9,5,510.8,1,12,35.42,0,0.101,0,0
137.8,5,837.2,0,20,50.47,0,0.407,1,0
160.47,4,988.5,0,8,114.45,0,0.131,0,0
86.94,3,498.9,0,16,,0,0.289,1,0
7.45,1,613.3,0,4,21.85,0,0.18,0,0
28.69,2,478.0,1,7,30.62,0,0.317,0,0
96.6,3,568.2,0,5,56.8,0,0.5,0,0
5.06,3,384.3,0,7,42.79,0,0.362,0,0
12.73,2,213.0,0,8,22.4,0,0.602,0,0
13.34,4,81.5,0,7,41.88,0,0.313,0,0
15.74,6,921.7,0,17,23.0,1,0.013,0,0
88.65,6,333.6,0,4,22.32,0,0.344,1,0
8.27,1,67.4,1,13,20.92,0,0.477,0,0
9.71,5,2284.9,0,16,69.4,1,0.086,0,0
183.34,4,397.7,0,17,0.44,0,0.567,1,0
14.49,6,782.8,0,1,36.07,0,0.306,0,0
52.88,2,60.5,0,12,48.4,0,0.0,0,0
167.75,5,542.6,0,4,21.56,0,0.441,0,0
109.0,5,578.6,0,0,50.47,1,0.049,0,0
172.8,6,395.7,0,17,25.33,1,0.283,1,0
0.14,7,521.0,0,5,6.45,0,0.51,0,0
253.02,3,39.5,0,23,45.43,1,0.077,0,0
88.32,0,172.3,0,1,7.64,0,0.282,0,0
215.9,5,58.2,0,16,183.87,2,0.617,0,1
191.47,3,381.0,0,13,1.53,0,0.668,0,0
50.67,1,718.7,0,8,72.75,0,0.309,1,0
76.18,0,668.8,1,8,2.75,1,0.123,0,0
33.11,2,143.8,0,20,218.92,1,0.491,1,1
3.0,5,1029.6,0,7,16.21,1,0.153,0,0
29.33,2,689.5,0,14,69.25,2,0.252,0,0
48.46,5,571.6,0,17,29.59,0,0.464,0,0
207.71,0,143.7,0,21,,0,0.347,0,0
85.11,1,2154.0,0,9,54.49,0,0.288,0,0
209.97,4,120.2,0,20,41.28,0,0.131,0,0
76.79,5,132.3,0,8,4.61,0,0.271,1,0
26.97,3,239.2,0,19,7.04,0,0.409,0,0
22.55,6,241.8,0,17,27.62,0,0.393,1,0
75.16,2,1626.1,1,22,36.13,0,0.0,1,0
123.58,7,654.0,0,21,43.66,0,0.361,1,0
10.37,2,56.5,1,1,7.69,0,0.292,0,0
26.79,5,1044.8,0,15,13.62,0,0.403,0,0
145.63,3,152.9,0,13,46.28,0,0.181,0,0
63.39,2,939.4,0,16,4.04,0,0.356,0,0
93.07,2,294.5,0,10,44.81,0,0.361,0,0
81.39,3,489.1,0,21,3.74,0,0.86,1,0
11.49,3,0.3,0,18,22.08,1,0.078,1,0
87.99,5,307.3,0,1,17.93,0,0.2,0,0
20.66,4,791.0,0,10,12.69,0,0.057,1,0
67.28,1,690.3,0,18,57.33,2,0.518,1,0
77.17,5,2744.8,1,7,44.44,0,0.232,0,0
9.67,4,313.8,0,13,29.83,0,0.211,1,0
32.2,3,510.6,0,12,31.54,0,0.587,0,0
29.01,5,874.2,0,0,54.32,0,0.2,1,0
64.61,4,445.9,0,13,8.46,0,0.163,1,0
163.62,3,469.7,0,10,40.77,0,0.867,1,0
108.01,2,342.9,0,17,19.39,2,0.113,1,0
116.96,1,787.6,1,22,67.21,0,0.277,0,0
55.51,4,1280.5,0,5,26.86,1,0.0,1,0
190.18,3,1225.9,1,0,31.66,0,0.429,0,0
38.8,3,28.3,0,10,25.54,0,0.542,1,0
68.29,1,833.0,0,15,34.86,0,0.0,0,0
99.47,5,300.5,0,4,49.14,0,0.354,1,0
39.83,3,294.3,0,9,274.84,1,0.446,1,1
46.3,2,724.3,1,22,20.87,0,0.473,0,0
121.78,1,209.3,0,12,43.92,0,0.486,0,0
135.02,4,67.4,0,22,22.43,0,0.088,0,0
76.82,3,206.2,1,13,11.33,0,0.236,0,0
230.49,0,117.8,1,0,3.56,2,0.464,1,1
77.17,8,1221.7,0,15,10.06,0,0.129,0,0
77.48,3,722.9,0,17,20.97,0,0.057,0,0
89.25,3,644.9,0,20,55.9,0,0.439,0,0
45.35,3,2770.0,0,1,53.23,0,0.101,1,0
124.37,5,189.6,0,1,74.52,0,0.574,0,0
73.9,5,504.4,0,21,67.86,0,0.241,0,0
72.47,3,237.8,0,3,42.37,0,0.012,0,0
5.34,7,36.0,0,22,56.35,0,0.544,0,0
26.95,2,1012.5,0,6,16.64,2,0.444,0,0
85.33,4,776.1,0,21,12.96,0,0.47,0,0
29.33,4,775.4,0,6,30.95,0,0.155,0,0
162.14,2,1101.3,0,23,106.48,0,0.0,1,0
12.52,3,119.1,0,6,16.56,2,0.21,1,0
204.4,2,474.0,0,19,22.54,0,0.067,1,0
23.66,2,1918.8,0,23,59.97,1,0.067,1,0
88.23,6,558.8,0,0,1.47,0,0.671,1,0
98.94,3,1066.8,1,20,41.25,0,0.209,1,0
89.34,5,945.2,0,17,34.12,0,0.417,1,0
22.4,7,1231.9,0,9,62.98,0,0.295,0,0
76.93,8,1529.3,0,15,47.34,0,0.525,0,0
94.37,0,68.0,0,2,23.5,1,0.225,0,0
80.07,4,683.7,0,20,20.17,0,0.336,1,0
147.21,1,349.8,0,20,5.7,0,0.262,1,0
1.73,4,621.9,1,15,193.57,1,0.642,1,1
7.95,6,48.6,0,5,75.71,0,0.455,1,0
195.02,2,527.5,0,22,128.38,0,0.679,1,1
124.61,4,1364.1,1,0,1.19,1,0.439,1,0
27.55,5,1412.4,0,4,59.69,0,0.184,0,0
84.95,1,223.8,0,12,11.25,0,0.28,1,0
87.82,3,120.5,0,18,43.97,0,0.477,0,0
117.14,4,772.3,0,12,7.16,1,0.336,1,0
189.24,0,82.7,0,5,167.48,0,0.804,1,1
18.2,2,1080.1,0,18,1.53,2,0.074,1,0
16.93,1,899.3,0,20,40.04,0,0.557,0,0
55.33,3,12.1,1,2,38.09,0,0.37,1,0
23.74,3,242.5,0,17,33.23,0,0.477,0,0
109.16,3,1722.0,1,7,37.49,0,0.423,1,0
92.96,4,973.1,0,0,21.6,1,0.159,0,0
87.18,2,243.0,0,3,21.32,0,0.188,0,0
87.55,8,2766.9,0,12,36.12,0,0.253,1,0
100.06,4,201.2,0,14,91.84,0,0.538,0,0
13.04,1,665.0,0,9,8.87,0,0.265,0,0
71.68,1,286.8,0,19,45.87,0,0.189,1,0
138.8,3,348.0,1,18,26.17,1,0.182,1,0
85.49,5,703.4,0,7,18.93,0,0.509,1,0
62.27,6,120.9,0,19,66.1,0,0.236,1,0
280.36,1,7.1,1,13,262.67,1,0.589,0,1
113.68,4,601.4,1,19,17.72,0,0.403,0,0
85.35,3,1257.5,0,10,4.47,1,0.332,0,0
32.81,2,1167.5,1,12,74.96,1,0.174,1,0
111.5,2,74.8,0,0,7.85,0,0.744,0,0
27.22,3,330.7,0,20,0.07,0,0.103,0,0
29.3,0,31.0,0,9,12.14,1,0.287,1,0
12.82,2,423.3,0,9,3.05,0,0.296,1,0
30.15,4,308.3,0,5,39.83,0,0.341,0,0
19.04,1,1461.4,0,13,54.99,0,0.14,0,0
84.31,2,128.4,1,19,58.71,0,0.331,1,0
167.12,4,2346.7,0,7,36.04,0,0.533,0,0
17.7,5,847.6,0,17,54.93,0,0.498,0,0
85.4,6,1524.5,0,1,63.72,0,0.529,0,0
34.45,1,85.3,1,22,64.62,1,0.719,1,1
62.66,4,193.5,0,19,52.87,1,0.567,1,0
145.55,3,344.7,0,19,10.79,1,0.097,0,0
97.01,0,1317.7,1,10,11.1,0,0.418,1,0
112.1,3,326.1,1,5,22.03,0,0.12,1,0
214.49,4,804.5,0,12,9.01,0,0.511,1,0
29.03,3,1074.3,0,1,20.71,0,0.251,0,0
75.01,7,392.5,0,7,20.04,0,0.324,1,0
107.46,5,676.0,0,22,26.47,0,0.408,1,0
43.72,4,257.5,0,17,1.24,0,0.724,1,0
121.65,2,280.3,0,21,30.78,1,0.121,1,0
150.82,3,1241.9,0,16,61.02,0,0.548,1,0
83.06,7,2338.4,0,13,12.46,0,0.616,0,0
102.44,5,263.8,0,16,25.31,0,0.055,1,0
93.37,4,1831.5,0,0,7.49,0,0.34,0,0
24.88,4,154.7,0,7,15.61,0,0.253,0,0
127.82,5,487.0,0,14,8.98,0,0.625,0,0
121.63,0,1628.8,0,2,33.65,0,0.653,1,0
121.61,2,83.6,0,20,149.53,1,0.695,0,1
86.29,1,1647.8,0,21,61.67,0,0.177,0,0
54.48,4,254.5,0,18,50.62,0,0.656,0,0
184.74,1,1307.4,1,9,18.11,0,0.0,1,0
83.47,7,1858.1,0,20,12.01,0,0.22,1,0
31.2,6,164.2,0,15,57.84,0,0.207,1,0
137.06,3,179.6,0,20,10.17,0,0.0,0,0
29.66,7,619.0,0,10,69.48,0,0.268,0,0
69.71,3,1601.4,0,9,,0,0.093,1,0
78.98,7,886.9,0,13,3.66,0,0.218,1,0
125.97,5,67.2,0,13,0.46,0,0.502,0,0
104.95,1,577.5,0,19,30.21,0,0.339,1,0
80.75,3,1391.4,0,9,81.3,0,0.433,0,0
1.78,7,266.9,0,8,35.22,1,0.631,0,0
80.84,2,164.0,0,22,61.17,0,0.318,0,0
135.87,1,1605.9,0,4,39.61,1,0.21,0,0
98.19,4,607.5,0,18,38.13,0,0.697,1,0
87.54,2,88.5,0,5,102.42,0,0.115,0,0
46.2,9,116.3,0,10,9.68,0,0.116,0,0
73.21,2,578.6,1,22,57.72,0,0.292,0,0
68.38,2,4.7,0,14,15.81,0,0.0,0,0
41.81,2,250.7,1,16,14.51,0,0.436,0,0
13.04,6,1157.8,0,2,49.6,0,0.351,1,0
31.91,2,392.4,0,0,24.13,0,0.019,0,0
36.32,4,277.3,0,12,47.16,0,0.201,1,0
148.16,4,87.0,0,1,22.14,0,0.474,0,0
184.08,4,227.7,0,11,98.98,0,0.521,0,1
44.61,3,854.8,0,2,35.33,0,0.0,1,0
55.24,5,349.6,1,17,17.67,0,0.319,0,0
35.76,3,1428.6,0,18,36.71,2,0.559,0,0
56.46,2,715.2,0,8,37.82,1,0.043,0,0
118.05,4,212.0,0,13,6.99,1,0.059,0,0
16.92,4,857.7,1,20,68.59,1,0.026,1,0
28.72,2,339.6,0,14,8.41,0,0.519,1,0
69.28,5,1368.3,0,9,54.93,0,0.503,0,0
122.06,2,489.3,0,0,20.08,0,0.359,0,0
86.27,5,859.7,0,22,30.44,0,0.056,0,0
164.39,1,778.7,0,9,22.0,0,0.215,1,0
49.45,4,232.3,0,16,7.74,0,0.387,0,0
119.7,8,1141.4,0,10,28.52,1,0.283,1,0
123.41,2,1047.7,0,18,8.89,0,0.614,1,0
16.7,6,706.4,0,4,19.58,0,0.426,0,0
59.59,4,2391.3,0,1,65.45,0,0.335,0,0
140.95,3,237.3,0,15,33.83,1,0.352,0,0
103.43,7,1775.9,1,0,42.93,1,0.385,1,0
22.89,3,1391.5,0,5,36.86,0,0.072,1,0
7.87,5,240.1,1,23,30.51,0,0.401,1,0
37.03,5,502.5,0,23,24.5,1,0.166,1,0
151.66,3,582.9,0,19,85.15,0,0.037,0,0
228.41,0,74.7,1,11,241.35,2,0.434,0,1
112.4,5,821.9,0,4,15.5,0,0.094,1,0
117.78,2,581.0,0,4,5.99,0,0.309,1,0
42.56,5,54.9,0,19,40.13,0,0.425,1,0
117.94,1,461.1,0,20,90.64,0,0.514,0,0
55.46,2,310.5,1,12,26.46,0,0.273,0,0
49.3,5,812.9,0,23,54.37,0,0.0,0,0
103.59,6,770.8,0,13,12.45,1,0.56,1,0
60.91,2,296.3,0,7,21.8,1,0.516,1,0
166.16,4,1119.9,0,22,37.7,0,0.218,1,0
138.39,7,416.7,0,17,7.02,0,0.591,0,0
12.38,3,955.4,0,18,82.44,0,0.285,0,0
63.87,9,195.3,0,7,15.88,0,0.194,1,0
45.17,3,440.0,1,7,22.82,0,0.176,0,0
30.92,4,1035.1,0,9,22.33,0,0.0,1,0
44.19,3,526.7,0,3,5.2,1,0.0,1,0
120.41,4,1544.8,0,8,9.35,0,0.197,0,0
41.1,5,426.3,0,19,11.25,0,0.049,1,0
46.88,5,1132.4,0,3,12.65,1,0.116,0,0
11.63,3,172.0,1,20,4.16,0,0.305,1,0
111.02,4,511.6,0,15,53.08,0,0.382,0,0
78.89,3,1638.0,0,23,89.84,0,0.208,1,0
48.36,3,303.8,0,0,24.6,0,0.287,0,0
9.05,1,1222.5,0,17,12.83,2,0.319,1,0
159.77,5,341.3,0,21,9.3,0,0.0,1,0
35.43,6,178.1,0,7,36.9,0,0.467,0,0
74.16,4,321.8,0,5,54.4,0,0.478,0,0
64.78,2,1586.9,0,20,17.76,0,0.3,0,0
216.69,4,322.3,1,0,136.5,1,0.531,1,1
50.36,2,222.3,0,10,4.12,0,0.13,0,0
2.86,3,357.1,1,12,50.49,1,0.356,1,0
215.15,3,971.5,0,0,84.19,0,0.025,0,0
23.19,2,2562.6,0,10,4.63,0,0.524,1,0
74.59,3,1755.3,0,16,36.36,0,0.647,0,0
60.33,2,685.5,0,12,0.62,0,0.075,1,0
29.19,5,32.1,0,19,19.51,0,0.633,1,0
109.29,1,823.9,0,17,32.53,0,0.459,0,0
104.16,9,4618.0,0,1,23.32,0,0.033,1,0
12.51,5,1239.6,0,20,41.79,0,0.0,0,0
119.07,4,238.1,1,23,57.58,0,0.015,0,0
211.05,3,488.5,1,3,,2,0.409,1,0
96.21,3,1038.9,0,16,75.33,0,0.387,0,0
96.43,8,165.2,1,12,20.18,0,0.614,1,0
135.17,3,48.4,0,1,195.77,0,0.472,1,1
100.03,3,215.0,0,7,13.81,0,0.15,0,0
77.54,6,179.5,0,6,70.48,0,0.287,1,0
123.29,4,424.0,0,16,6.61,1,0.341,1,0
28.87,4,341.9,0,8,27.44,0,0.324,0,0
300.28,6,485.3,0,21,80.63,0,0.286,0,1
123.84,2,165.8,0,18,69.91,0,0.299,1,0
268.95,1,75.2,0,17,8.05,0,0.209,1,1
105.19,3,1531.5,1,2,9.73,1,0.382,1,0
147.29,5,945.9,0,15,7.32,1,0.17,1,0
176.71,3,447.7,0,4,16.97,0,0.348,1,0
137.53,1,213.5,0,12,1.4,1,0.48,1,0
50.13,5,1421.4,0,8,40.0,1,0.27,0,0
43.58,8,627.7,1,13,30.4,0,0.182,0,0
210.6,9,889.5,0,12,31.45,0,0.263,1,0
196.34,3,789.8,0,2,55.65,0,0.368,1,0
128.02,3,723.4,0,17,19.75,0,0.401,0,0
130.63,1,197.2,0,12,44.96,0,0.857,0,0
14.48,3,12.4,0,17,86.96,0,0.186,1,0
133.2,1,586.9,0,16,73.03,0,0.434,0,0
213.2,4,124.8,0,12,66.66,0,0.528,0,0
146.27,5,935.2,0,11,43.76,0,0.478,0,0
107.01,5,188.5,1,10,63.07,0,0.257,0,0
20.4,5,1028.4,0,8,41.45,0,0.002,0,0
16.85,3,958.3,1,4,93.54,0,0.611,0,0
72.59,3,1764.1,0,23,21.34,0,0.166,0,0
19.62,3,36.8,0,14,36.41,0,0.466,1,0
20.68,2,28.8,0,17,12.78,0,0.585,0,0
96.41,4,617.9,0,15,10.32,0,0.445,0,0
21.5,1,2.9,0,12,102.67,0,0.781,0,1
104.75,3,222.2,0,23,41.66,0,0.087,0,0
255.36,1,225.5,0,6,45.89,3,0.69,1,1
111.67,7,399.0,1,5,39.8,2,0.0,1,0
52.87,5,304.4,0,15,7.67,0,0.254,1,0
225.56,4,163.1,1,4,41.4,1,0.509,0,0
3.07,2,317.5,1,15,11.53,1,0.419,1,0
152.18,3,888.7,0,2,71.15,1,0.137,0,0
11.74,3,834.3,0,2,35.22,0,0.245,1,0
64.41,5,161.6,0,5,92.28,0,0.0,0,0
2.35,0,388.3,1,4,8.75,0,0.441,0,0
74.54,4,1107.7,0,20,10.53,1,0.143,0,0
16.67,2,2694.6,0,7,7.26,1,0.008,1,0
87.2,3,295.2,0,22,53.37,1,0.252,0,0
27.27,5,3.8,0,6,20.51,0,0.0,0,0
26.96,2,715.5,0,20,12.21,0,0.322,0,0
176.73,5,1031.2,0,3,8.91,0,0.323,0,0
130.51,3,85.5,0,0,2.98,0,0.392,1,0
36.4,1,795.8,0,19,6.4,1,0.141,0,0
147.99,3,2219.3,0,3,24.71,0,0.0,1,0
47.32,5,269.6,0,16,11.24,0,0.508,0,0
358.65,4,491.6,0,3,,1,0.413,1,1
38.54,3,360.3,0,18,38.86,2,0.234,1,0
191.53,4,186.2,0,23,15.28,0,0.186,1,0
104.09,5,137.1,0,0,1.97,0,0.505,1,0
197.8,5,25.3,0,11,42.98,0,0.048,1,0
105.94,2,151.7,0,3,35.79,0,0.231,0,0
90.82,2,5.7,0,14,54.97,0,0.0,0,0
290.77,5,242.5,1,23,51.51,0,0.642,0,1
5.66,5,336.0,1,13,16.61,1,0.669,1,0
21.16,2,2213.1,1,4,71.36,1,0.332,0,0
129.7,1,2003.3,0,15,7.43,0,0.021,0,0
224.21,2,1126.4,1,3,37.93,0,0.192,1,0
114.35,5,1181.9,0,4,4.1,0,0.023,0,0
143.4,3,1144.6,0,22,50.0,0,0.307,1,0
125.57,4,507.3,1,13,1.23,2,0.891,1,1
55.8,4,543.3,1,15,53.39,1,0.48,1,0
13.04,2,466.3,0,17,28.45,0,0.025,1,0
102.7,7,725.4,0,13,24.76,0,0.282,1,0
54.8,5,1362.6,0,15,31.57,0,0.298,0,0
56.0,4,664.0,1,18,16.04,0,0.303,0,0
46.44,2,30.2,0,7,42.5,0,0.038,0,0
51.08,3,138.3,0,22,,0,0.146,1,0
146.58,3,1728.2,0,3,59.5,0,0.566,1,0
139.52,4,1075.5,0,3,30.16,0,0.344,1,0
69.1,2,829.2,0,12,26.33,0,0.298,0,0
163.12,3,196.3,0,15,5.12,0,0.318,1,0
34.7,5,40.6,0,8,42.83,0,0.507,0,0
109.22,2,239.7,0,6,57.71,3,0.245,1,0
1.23,5,648.0,0,14,9.15,1,0.0,0,0
21.97,3,20.1,0,17,43.31,0,0.287,1,0
131.35,3,445.0,0,21,49.59,0,0.438,0,0
55.56,5,81.4,1,18,10.52,0,0.478,0,0
133.23,0,887.8,0,2,41.81,0,0.286,1,0
112.51,3,660.1,1,2,47.05,0,0.301,0,0
168.26,2,560.4,0,12,10.88,0,0.477,0,0
144.75,1,364.3,0,8,20.03,0,0.102,1,0
32.03,4,1140.8,0,2,33.81,0,0.414,0,0
73.56,2,307.8,0,3,58.35,1,0.724,0,0
27.94,4,412.4,0,7,4.9,0,0.182,0,0
59.61,5,1256.3,0,18,17.54,1,0.593,1,0
10.34,5,484.2,0,21,57.27,0,0.035,1,0
173.68,5,1568.2,1,6,53.71,0,0.504,0,0
73.56,2,566.5,0,0,13.91,0,0.03,0,0
1.62,4,835.5,0,21,15.1,1,0.343,0,0
35.85,1,388.8,1,8,2.61,0,0.29,1,0
84.67,2,49.5,0,22,52.25,0,0.302,0,0
71.91,2,251.1,1,23,66.32,0,0.34,0,0
98.43,6,1172.5,0,8,67.59,1,0.303,0,0
11.39,2,1098.1,0,4,26.8,0,0.219,0,0
13.75,1,953.3,0,10,19.4,0,0.198,0,0
50.97,4,213.8,0,0,97.36,1,0.234,1,0
124.72,2,339.1,0,4,47.4,0,0.044,0,0
156.46,3,783.0,0,8,40.72,1,0.046,1,0
70.88,3,394.6,0,19,87.86,0,0.263,1,0
133.27,5,433.2,0,21,34.03,0,0.276,0,0
113.86,4,3.8,0,18,21.05,2,0.142,0,0
82.35,3,286.0,0,15,0.74,1,0.099,1,0
7.82,1,392.5,0,11,0.66,0,0.075,0,0
46.47,1,157.1,0,6,42.68,0,0.109,1,0
86.67,5,500.1,0,7,15.74,0,0.317,1,0
77.22,0,2174.3,1,2,49.42,0,0.401,0,0
20.24,3,732.3,0,22,22.77,2,0.007,1,0
93.69,3,136.5,0,21,4.69,0,0.0,1,0
46.22,6,496.4,0,1,42.08,0,0.264,1,0
51.52,2,309.6,0,12,20.0,0,0.449,0,0
388.55,2,207.4,1,10,153.73,0,0.239,0,1
47.34,2,625.5,0,19,0.01,0,0.424,0,0
41.41,3,929.2,1,9,20.78,0,0.327,0,0
80.75,3,1016.4,0,3,23.29,0,0.38,0,0
143.19,4,398.8,0,10,16.43,0,0.274,1,0
63.32,3,1319.9,0,16,48.58,2,0.431,0,0
19.55,1,32.5,0,14,97.24,0,0.112,0,0
55.86,4,1138.5,0,13,144.31,0,0.495,0,1
66.72,5,3120.5,0,8,5.69,0,0.504,1,0
137.75,2,182.7,0,11,65.76,1,0.86,1,1
175.67,4,228.4,0,2,175.32,0,0.352,1,1
4.12,4,2158.5,0,12,52.8,0,0.0,1,0
123.2,6,422.0,0,1,22.65,0,0.191,1,0
13.3,2,796.8,0,23,42.26,0,0.353,0,0
39.3,2,4795.0,0,15,21.13,1,0.0,0,0
204.37,4,211.3,0,10,67.3,0,0.602,1,0
199.32,6,774.9,0,14,13.13,0,0.304,1,0
67.56,1,341.5,0,12,42.68,0,0.307,1,0
33.23,4,1246.7,0,7,23.31,0,0.435,1,0
128.99,3,1846.5,0,7,3.84,1,0.0,1,0
12.58,2,1180.5,0,2,17.78,0,0.0,0,0
13.54,1,85.8,0,14,11.77,0,0.102,1,0
130.91,4,89.7,0,6,,1,0.0,0,0
1.6,2,138.5,0,6,19.05,0,0.119,0,0
169.11,3,1562.4,0,19,7.73,0,0.043,1,0
81.43,2,314.8,0,15,70.37,1,0.369,1,0
147.32,1,1198.2,0,6,50.51,1,0.087,0,0
94.78,2,1307.5,0,11,46.34,0,0.185,0,0
216.17,4,3.7,0,20,1.85,0,0.266,0,0
100.85,5,1408.9,1,18,16.44,0,0.497,1,0
8.43,6,1549.1,0,4,27.89,1,0.325,1,0
35.57,3,42.3,0,8,26.46,0,0.32,1,0
39.46,5,333.4,0,16,32.07,0,0.004,0,0
329.67,3,578.3,0,1,120.44,1,0.503,1,1
97.62,8,371.2,0,0,22.99,0,0.229,1,0
51.95,6,536.2,0,2,34.93,2,0.415,0,0
100.34,3,61.8,0,10,77.69,0,0.042,1,0
14.08,6,1276.0,0,19,51.68,0,0.221,0,0
7.13,2,1182.1,1,16,30.43,0,0.454,1,0
237.66,0,207.1,1,1,191.16,1,0.794,0,1
0.51,5,519.6,0,23,5.86,0,0.428,0,0
63.78,2,699.1,0,9,40.4,1,0.522,1,1
72.24,4,293.6,0,7,24.26,2,0.265,0,0
175.48,1,85.8,1,20,96.37,0,0.245,0,0
559.14,3,224.8,1,5,271.24,1,0.921,1,1
137.33,3,85.4,0,20,18.02,0,0.552,0,0
146.85,7,548.6,0,5,26.18,0,0.0,0,0
52.45,3,479.4,0,4,13.06,0,0.267,1,0
19.85,5,400.8,0,11,24.59,0,0.456,0,0
70.04,3,240.4,0,2,72.12,0,0.182,1,0
60.84,4,83.7,0,0,50.88,2,0.156,0,0
65.2,1,1010.1,0,15,26.38,1,0.0,0,0
58.16,2,267.9,0,19,39.91,0,0.115,0,0
95.9,3,999.8,0,15,71.46,0,0.3,1,0
365.09,3,467.5,0,8,90.12,0,0.611,1,1
112.6,4,239.6,0,5,12.11,0,0.12,1,0
141.37,4,797.9,0,8,43.93,2,0.366,1,0
250.68,4,1204.3,0,13,78.03,1,0.145,1,0
115.63,6,1215.6,0,23,,0,0.028,1,0
27.26,1,588.8,0,13,37.05,1,0.237,0,0
34.45,4,1322.6,0,14,53.63,1,0.212,0,0
75.0,2,365.1,0,15,14.13,1,0.476,1,0
120.33,5,234.2,0,14,57.6,0,0.0,0,0
62.88,6,446.3,0,16,19.34,0,0.296,1,0
100.45,7,79.2,1,22,27.69,0,0.064,0,0
114.39,8,1394.2,0,9,21.48,1,0.195,0,0
208.1,2,282.9,0,14,31.85,0,0.591,0,0
48.93,1,102.8,0,7,7.26,0,0.309,0,0
132.25,2,723.7,0,1,20.23,0,0.0,0,0
97.41,7,1829.9,0,1,93.59,0,0.0,1,0
52.23,1,87.7,0,22,1.25,0,0.846,0,0
79.59,4,721.7,0,13,79.74,0,0.264,1,0
99.54,2,182.2,0,17,30.17,0,0.055,0,0
70.16,4,322.5,0,14,,1,0.77,1,0
4.17,3,1949.2,0,10,14.02,0,0.562,0,0
211.04,2,296.5,1,19,37.86,2,0.414,1,1
64.97,2,180.5,0,10,33.59,0,0.362,0,0
103.15,2,1904.1,0,2,11.38,1,0.361,0,0
98.11,2,1498.4,0,17,17.08,0,0.104,0,0
66.53,2,544.6,0,13,67.57,0,0.351,0,0
29.61,5,134.4,0,22,9.3,1,0.741,0,0
171.41,2,130.7,0,23,27.03,0,0.298,0,0
73.58,4,341.3,0,7,55.19,1,0.404,0,0
77.16,5,82.8,1,20,26.48,0,0.58,1,0
148.83,5,1198.9,0,3,27.32,0,0.185,0,0
134.64,5,17.8,0,11,43.52,1,0.246,0,0
105.42,2,1048.1,0,6,18.4,0,0.604,0,0
195.49,3,878.4,0,20,56.0,0,0.143,1,0
71.54,3,804.6,0,21,13.9,0,0.903,1,0
40.26,2,1133.3,0,0,38.11,0,0.0,0,0
23.25,4,932.3,0,4,34.15,0,0.461,1,0
112.08,2,188.3,0,4,5.27,1,0.267,0,0
14.56,2,424.3,0,16,,0,0.525,1,0
84.21,2,1886.5,0,4,109.51,0,0.321,0,0
22.5,2,1174.2,1,18,77.07,1,0.481,0,0
30.24,1,425.8,0,9,8.3,0,0.222,0,0
139.06,3,1156.8,0,5,14.41,0,0.484,0,0
75.48,0,1335.2,0,10,48.32,1,0.253,1,0
92.17,4,97.0,0,6,8.57,0,0.294,1,0
121.6,4,221.3,1,22,42.65,0,0.328,1,0
53.2,3,76.6,0,4,40.53,0,0.522,1,0
83.04,2,611.6,0,0,188.92,0,0.692,1,1
16.71,2,142.6,0,21,1.11,0,0.073,0,0
61.18,3,375.3,0,3,14.04,0,0.458,0,0
108.48,5,768.1,1,6,38.38,0,0.14,0,0
0.66,3,1658.0,0,16,,2,0.256,1,0
100.09,3,831.0,1,10,10.97,0,0.442,1,0
55.0,8,514.3,0,8,46.76,0,0.0,1,0
37.49,5,267.6,0,15,33.15,0,0.218,0,0
67.2,3,274.4,0,10,122.99,0,0.196,0,1
70.93,6,171.3,1,7,4.84,0,0.0,0,0
64.08,3,248.5,0,0,9.26,0,0.417,0,0
70.54,1,444.0,0,0,60.88,0,0.45,1,0
150.34,5,810.6,0,4,36.56,0,0.038,0,0
121.22,1,817.8,1,3,11.91,0,0.0,0,0
55.12,6,2338.9,0,20,63.23,0,0.344,0,0
42.65,4,484.1,0,4,47.13,0,0.343,1,0
87.92,2,1453.6,0,3,21.22,0,0.718,0,0
25.03,2,92.5,0,11,1.53,0,0.456,0,0
74.65,3,1398.3,0,23,22.46,1,0.275,1,0
12.67,3,109.8,0,6,44.0,0,0.317,0,0
46.07,4,2188.7,1,10,5.37,0,0.195,0,0
81.89,4,84.7,0,7,113.96,0,0.245,1,0
55.19,3,712.8,0,13,45.31,1,0.293,1,0
9.88,2,604.3,0,2,8.87,0,0.481,0,0
94.15,2,227.2,1,6,13.66,0,0.5,0,1
154.19,3,1041.2,0,14,,0,0.512,0,0
106.14,4,15.2,0,6,4.42,0,0.478,0,0
100.17,1,33.5,0,7,28.04,0,0.285,1,0
178.07,0,210.3,0,16,6.1,1,0.198,0,0
139.83,3,447.7,0,19,4.44,0,0.458,1,0
41.74,5,1532.0,1,9,16.41,0,0.472,0,0
30.18,2,1713.3,0,0,16.24,0,0.434,1,0
242.18,3,101.3,1,6,109.27,0,0.401,1,1
94.07,5,1239.4,0,14,1.0,0,0.317,0,0
84.13,4,210.7,0,23,14.67,1,0.479,0,0
133.99,5,718.5,0,14,5.93,0,0.117,0,0
143.44,2,405.9,1,8,9.94,0,0.299,0,0
113.44,2,29.6,1,19,80.53,0,0.471,0,0
7.9,5,1154.6,0,23,33.8,1,0.121,1,0
104.68,3,409.5,1,2,53.86,0,0.486,0,0
9.19,5,1043.1,0,8,20.0,0,0.0,1,0
128.27,5,60.8,0,5,15.39,0,0.587,0,0
40.37,2,78.4,0,21,8.06,0,0.31,0,0
49.42,2,72.7,0,17,0.79,1,0.0,0,0
108.2,3,694.9,1,0,2.6,0,0.066,1,0
124.46,4,223.0,0,20,51.84,0,0.247,1,0
114.17,1,2525.0,0,18,48.83,0,0.0,0,0
106.31,7,724.0,0,19,29.14,0,0.691,1,0
50.75,4,56.2,0,7,5.16,0,0.449,1,0
222.93,1,274.1,0,0,10.73,0,0.306,1,0
24.43,2,32.4,0,11,73.14,0,0.239,1,0
8.35,3,312.4,0,12,6.01,0,0.184,0,0
94.75,4,1358.0,0,7,34.86,0,0.123,0,0
158.82,3,479.1,0,8,51.08,0,0.221,1,0
132.1,8,98.8,1,3,17.37,0,0.394,0,0
5.96,7,161.4,0,22,45.66,0,0.323,0,0
53.67,1,119.4,0,21,54.44,1,0.274,0,0
120.23,6,368.6,0,7,5.08,0,0.083,0,0
22.43,2,49.2,0,18,30.67,0,0.256,0,0
12.94,4,328.8,1,10,8.31,0,0.642,0,0
112.94,4,43.8,0,22,93.58,1,0.324,0,0
192.57,3,26.9,0,13,78.87,2,0.831,1,1
161.68,3,2525.0,0,13,41.42,1,0.325,0,0
8.5,2,374.3,0,6,33.77,0,0.38,0,0
139.01,6,1083.8,1,17,15.53,0,0.356,0,0
2.03,4,244.0,0,2,44.39,0,0.079,0,0
88.19,9,3420.9,0,14,1.47,0,0.212,1,0
194.29,4,1263.5,0,7,17.37,0,0.442,0,0
52.97,3,547.5,0,19,67.01,0,0.614,1,0
74.48,4,2510.2,0,7,2.56,0,0.022,1,0
32.64,5,56.8,0,11,1.81,0,0.48,0,0
111.41,4,1599.3,0,14,89.56,0,0.201,1,0
36.09,2,745.9,0,13,17.63,0,0.319,0,0
1.38,2,228.2,0,1,0.24,0,0.429,0,0
21.64,4,1519.9,0,16,17.01,0,0.291,0,0
33.56,2,120.7,1,21,28.63,0,0.189,0,0
156.99,1,202.7,0,7,33.33,0,0.13,0,0
138.68,2,1183.0,0,0,28.89,1,0.311,1,0
64.61,5,309.1,0,16,39.43,1,0.238,1,0
62.02,2,151.4,0,15,2.44,1,0.101,1,0
174.08,4,767.9,0,23,22.24,1,0.019,0,0
98.75,2,784.0,0,20,20.43,0,0.0,0,0
288.95,2,398.7,0,11,255.05,0,0.567,1,1
85.77,5,1931.2,0,6,56.29,0,0.577,1,0
32.73,3,204.6,0,18,68.25,0,0.233,0,0
36.16,4,477.2,0,0,25.71,0,0.116,1,0
13.26,3,262.4,0,23,31.53,1,0.0,0,0
51.42,5,89.4,0,3,7.5,1,0.394,0,0
126.07,3,690.9,0,12,9.33,1,0.01,0,0
132.42,4,863.0,0,5,37.44,0,0.204,1,0
81.7,6,997.8,0,13,4.28,0,0.171,0,0
102.51,4,213.3,0,16,15.56,0,0.377,0,0
179.31,3,326.4,0,4,21.3,0,0.194,0,0
40.26,4,345.7,0,13,5.82,0,0.291,1,0
190.88,2,273.3,0,19,17.78,0,0.225,0,0
40.87,3,992.0,0,21,30.41,0,0.018,0,0
64.52,3,24.7,1,21,4.89,0,0.319,0,0
76.59,3,204.2,0,4,43.42,0,0.157,1,0
42.24,4,204.6,0,8,34.08,0,0.037,1,0
94.47,0,307.3,0,18,52.15,0,0.056,0,0
18.54,3,19.3,0,19,15.17,0,0.262,0,0
83.07,0,188.3,0,4,7.17,0,0.138,1,0
104.67,3,713.0,0,16,41.36,0,0.594,1,0
29.19,4,414.6,0,6,33.8,0,0.562,0,0
92.37,2,65.9,0,5,32.4,0,0.281,0,0
51.19,5,128.6,1,2,36.63,1,0.087,0,0
214.54,2,29.8,0,0,53.99,2,0.747,0,1
209.49,2,532.6,0,22,73.17,0,0.077,1,0
113.49,6,2044.2,0,8,25.31,0,0.066,0,0
36.09,1,290.3,0,7,40.19,0,0.561,1,0
158.62,5,749.5,0,6,20.33,0,0.216,0,0
10.47,3,1484.6,0,13,26.39,0,0.231,1,0
39.47,1,209.4,0,14,98.72,0,0.522,0,0
97.37,1,157.8,0,12,3.34,0,0.463,0,0
74.58,5,204.8,0,1,2.42,1,0.031,1,0
45.75,0,204.4,0,6,3.63,1,0.381,0,0
156.93,7,407.9,0,22,21.58,2,0.1,0,0
109.56,3,242.4,0,5,35.23,1,0.219,0,0
36.98,5,2813.0,0,3,71.69,1,0.261,0,0
22.9,5,738.7,0,14,18.25,0,0.345,0,0
70.11,1,90.9,0,11,36.32,1,0.347,1,0
168.64,3,751.1,0,0,17.85,0,0.561,0,0
80.43,3,3.5,0,16,28.67,0,0.365,0,0
20.41,5,40.5,0,13,6.8,0,0.309,0,0
191.15,7,176.7,0,13,6.85,0,0.376,0,0
24.57,1,247.3,0,15,10.44,0,0.115,0,0
89.37,7,138.5,0,4,27.92,1,0.159,0,0
11.52,3,393.1,0,1,69.13,0,0.0,0,0
22.91,2,255.8,0,12,93.79,2,0.444,1,1
47.66,4,143.3,0,22,24.25,0,0.51,1,0
137.25,4,586.5,0,4,50.41,0,0.495,1,0
200.03,5,327.8,0,11,29.91,1,0.184,0,0
109.97,5,87.6,0,21,35.95,1,0.606,1,0
53.91,4,1188.8,0,18,24.04,0,0.453,1,0
22.26,7,305.2,1,0,52.92,0,0.247,1,0
2.11,1,1687.3,0,15,30.43,0,0.472,0,0
110.37,3,103.9,0,20,0.39,2,0.204,1,0
203.7,4,119.0,0,2,17.99,0,0.0,1,0
74.42,3,397.1,0,22,32.02,0,0.196,1,0
152.59,8,500.6,0,12,32.26,1,0.105,1,0
236.9,4,269.4,1,14,107.57,0,0.233,1,1
153.2,1,24.1,0,1,4.56,1,0.065,0,0
69.44,3,474.9,1,4,56.84,0,0.532,0,0
224.6,2,178.5,0,11,50.89,0,0.671,1,1
33.42,3,910.7,0,19,31.04,0,0.02,1,0
57.07,4,2120.8,0,23,8.51,0,0.478,0,0
76.41,4,512.6,0,14,9.27,0,0.21,0,0
154.11,5,152.1,0,19,2.41,0,0.0,1,0
71.83,6,1366.2,0,20,25.15,0,0.0,0,0
82.23,3,730.1,0,10,12.92,0,0.007,1,0
136.1,4,68.4,0,16,22.29,0,0.0,0,0
228.45,2,406.0,0,5,46.37,0,0.142,0,1
70.6,3,309.7,0,2,15.05,0,0.262,0,0
113.28,6,1157.8,0,1,54.64,0,0.0,1,0
33.09,1,1121.5,0,20,3.86,0,0.367,1,0
110.03,2,1093.5,0,5,28.07,0,0.487,1,0
141.19,4,978.3,1,23,24.12,0,0.3,1,0
81.25,1,327.4,0,6,30.78,0,0.069,1,0
2.17,4,1436.2,1,23,15.38,0,0.49,0,0
71.09,3,283.5,0,15,43.72,0,0.001,0,0
30.18,6,674.3,0,20,60.81,0,0.282,0,0
67.82,5,3012.6,0,5,69.94,0,0.693,1,0
109.68,6,429.8,0,12,10.76,1,0.482,0,0
76.37,6,1698.7,0,19,85.62,0,0.144,0,0
128.29,3,16.2,1,10,49.59,0,0.455,1,0
107.91,5,259.6,0,18,159.01,0,0.718,1,1
60.92,2,1446.9,1,23,35.17,0,0.504,0,0
74.03,5,1313.2,0,21,26.88,0,0.655,0,0
66.81,7,239.4,0,12,46.3,1,0.719,0,0
59.57,1,842.9,0,4,7.91,0,0.327,1,0
61.89,7,911.1,0,1,53.11,1,0.271,0,0
8.62,4,536.2,0,5,16.1,0,0.293,1,0
145.76,3,1338.4,0,7,9.35,1,0.062,0,0
14.68,6,2294.7,0,18,5.93,0,0.121,0,0
122.58,2,1679.8,0,8,25.66,0,0.54,1,0
16.4,3,522.1,0,3,66.63,1,0.492,1,0
15.16,5,264.4,0,5,99.63,0,0.476,1,0
86.16,5,177.9,0,20,12.36,1,0.254,0,0
18.37,3,330.8,0,14,32.52,0,0.426,1,0
1.07,2,485.9,0,19,4.76,0,0.147,0,0
81.95,1,1782.7,0,19,25.62,0,0.573,0,0
104.19,5,178.6,0,1,61.32,0,0.046,1,0
24.29,5,1571.6,0,2,57.76,0,0.219,1,0
120.12,4,869.1,0,6,45.97,0,0.0,1,0
96.52,3,564.7,0,9,59.12,0,0.129,0,0
12.14,5,97.0,0,19,3.78,0,0.597,0,0
1.85,8,159.6,0,3,24.58,0,0.446,1,0
8.55,4,1.9,0,13,73.07,1,0.182,1,0
66.41,3,474.1,0,6,70.84,0,0.148,0,0
68.46,4,500.8,0,20,11.77,1,0.29,1,0
42.79,7,225.2,0,12,4.88,0,0.213,1,0
15.06,7,713.6,0,3,63.36,0,0.173,1,0
209.21,2,163.8,0,23,67.65,2,0.364,1,1
176.69,1,174.9,0,11,30.4,0,0.39,0,1
62.38,2,747.8,0,21,52.47,0,0.128,1,0
25.99,4,1260.7,0,11,19.56,0,0.331,0,0
114.32,1,274.6,0,0,0.57,1,0.332,1,0
98.68,3,1305.4,0,8,48.45,0,0.478,1,0
101.6,2,2070.4,0,4,8.08,0,0.364,0,0
30.59,5,259.9,0,19,12.88,1,0.0,0,0
16.1,2,822.3,0,16,36.55,0,0.067,0,0
187.38,1,725.5,0,2,17.95,0,0.316,0,0
122.63,4,2276.1,0,2,11.41,1,0.006,0,0
34.85,6,2931.8,0,23,38.84,1,0.226,0,0
75.86,4,784.0,0,20,3.22,0,0.223,0,0
17.5,3,2935.6,0,1,52.51,0,0.442,0,0
10.76,1,1665.1,0,8,78.39,0,0.107,0,0
199.07,3,39.1,0,1,71.81,0,0.508,1,0
57.8,5,448.1,0,10,37.91,0,0.245,1,0
138.65,4,568.4,0,13,17.73,0,0.642,0,0
20.52,2,1504.3,0,1,9.67,0,0.437,1,0
35.66,3,478.7,0,14,41.63,0,0.563,1,0
7.27,2,1628.7,0,4,13.52,0,0.217,0,0
8.43,5,385.1,0,4,28.99,0,0.397,0,0
97.56,4,45.1,0,19,26.42,0,0.257,1,0
170.25,4,1439.4,0,15,6.75,0,0.289,0,0
110.0,2,446.0,0,11,7.8,3,0.0,1,0
18.62,3,885.7,0,11,24.35,0,0.129,0,0
142.49,5,8.0,0,4,3.83,0,0.094,0,0
175.73,3,14.6,0,16,41.34,0,0.075,1,0
69.94,3,419.2,1,17,129.69,0,0.684,1,1
92.41,3,2295.9,0,23,9.44,0,0.081,1,0
3.44,1,217.7,1,8,227.55,0,0.77,0,1
66.79,3,2372.9,0,19,56.13,0,0.276,1,0
101.98,2,96.7,0,21,55.49,0,0.453,1,0
63.82,3,1243.6,0,11,82.55,0,0.322,0,0
102.79,3,717.6,0,0,40.75,0,0.0,0,0
142.59,2,318.5,0,2,26.08,1,0.205,0,0
234.74,1,219.1,0,8,71.63,0,0.665,1,1
115.61,4,85.4,1,17,50.82,0,0.087,1,0
118.47,1,208.1,1,8,267.44,0,0.282,0,1
62.85,1,923.1,0,13,14.36,0,0.0,1,0
6.83,4,1242.5,0,20,0.02,0,0.298,0,0
58.64,2,920.7,0,8,13.34,0,0.299,1,0
74.4,4,557.6,0,8,3.49,0,0.377,1,0
103.13,3,13.9,0,22,55.08,0,0.456,0,0
20.94,3,1522.9,0,19,20.79,0,0.0,1,0
43.12,3,364.4,0,22,38.08,0,0.353,1,0
34.8,4,77.3,0,10,10.15,0,0.33,0,0
70.69,5,683.5,0,1,3.51,0,0.097,0,0
17.04,2,37.7,0,4,6.18,0,0.098,1,0
98.99,2,723.6,0,13,58.3,0,0.0,0,0
20.11,1,591.2,0,11,7.59,0,0.0,1,0
27.6,3,616.3,0,12,45.99,0,0.554,1,0
158.71,3,458.5,0,17,32.52,0,0.037,0,0
195.54,4,31.5,0,4,19.79,0,0.554,1,0
51.77,3,408.0,0,20,21.98,0,0.347,1,0
91.99,7,229.8,0,7,34.36,0,0.169,1,0
116.16,3,1221.5,0,6,12.41,1,0.578,0,0
68.31,1,3.4,1,23,95.18,0,0.262,1,1
39.37,4,835.9,0,12,52.65,0,0.142,0,0
134.22,2,158.7,0,0,214.75,1,0.336,0,1
103.88,7,494.6,0,18,44.63,0,0.41,0,0
84.98,6,1810.8,0,3,26.46,0,0.469,1,0
75.89,6,330.2,0,19,160.83,2,0.522,1,1
127.85,3,697.7,0,10,65.44,0,0.378,0,0
38.92,4,769.1,0,12,29.0,0,0.172,0,0
142.97,3,109.1,0,20,67.2,0,0.244,0,0
193.37,2,119.9,1,11,36.8,0,0.546,0,0
145.42,6,613.9,0,10,16.79,0,0.08,1,0
28.06,3,332.9,0,17,4.47,1,0.051,0,0
25.86,6,352.2,1,10,7.49,0,0.416,1,0
89.79,5,379.4,1,8,8.39,0,0.205,1,0
19.26,5,785.4,0,16,18.76,1,0.455,0,0
96.29,0,2176.9,1,3,1.26,1,0.803,0,0
86.65,1,301.3,1,16,36.64,0,0.172,0,0
66.69,2,284.2,0,4,19.69,0,0.219,1,0
41.72,0,346.1,0,0,4.64,0,0.318,1,0
51.56,6,3106.7,0,2,,0,0.297,1,0
93.77,7,112.9,0,18,10.3,0,0.334,0,0
41.29,3,631.8,0,7,8.46,2,0.495,1,0
21.33,4,185.1,0,11,7.7,0,0.24,1,0
70.35,4,441.8,0,5,15.41,0,0.022,1,0
363.77,5,5.6,0,13,55.73,0,0.163,1,1
150.19,3,717.7,0,8,15.65,0,0.044,1,0
154.68,7,723.8,0,16,52.93,2,0.663,0,0
28.21,1,751.0,0,5,19.01,0,0.731,0,0
318.18,2,292.2,0,17,236.87,1,0.742,1,1
116.8,2,471.2,1,1,49.24,0,0.449,0,0
81.48,2,1451.5,0,3,25.38,0,0.081,1,0
416.96,5,240.8,1,20,210.03,1,0.467,0,1
132.03,6,446.8,0,15,0.22,1,0.522,1,0
67.74,4,1304.2,0,0,11.18,0,0.47,0,0
69.45,1,369.5,0,12,52.48,0,0.379,0,0
21.44,2,5094.8,0,8,21.8,0,0.465,1,0
223.49,4,713.8,1,9,13.62,1,0.397,1,0
13.58,4,797.4,0,20,5.57,1,0.33,0,0
22.88,4,678.9,0,11,69.42,0,0.402,0,0
51.07,6,18.7,0,8,10.57,0,0.0,0,0
189.58,7,263.8,0,13,40.72,0,0.335,0,0
131.49,1,1552.6,0,22,58.96,0,0.0,1,0
52.3,4,67.1,1,3,19.44,0,0.612,1,0
70.53,4,256.8,0,22,54.95,0,0.303,0,0
28.88,1,88.8,0,18,0.7,0,0.0,0,0
68.52,4,198.6,0,15,67.46,0,0.77,0,0
143.51,2,433.9,0,4,26.9,1,0.016,0,0
111.17,3,419.1,0,3,10.42,1,0.78,0,0
27.49,2,1132.6,0,15,14.24,0,0.356,0,0
151.73,7,154.9,1,15,34.2,1,0.309,1,0
80.07,4,544.5,0,14,28.79,0,0.278,0,0
557.14,4,177.8,0,23,111.94,1,0.181,1,1
52.32,3,1616.9,0,15,,0,0.0,0,0
31.35,3,592.7,0,9,68.97,1,0.212,0,0
42.19,3,269.7,0,22,19.19,1,0.375,0,0
13.09,3,2332.1,0,7,9.58,1,0.498,0,0
23.07,8,45.3,0,21,28.92,0,0.0,0,0
125.21,4,623.1,0,1,59.52,0,0.126,0,0
16.08,4,1201.0,0,5,23.76,0,0.396,0,0
27.28,3,216.3,0,13,23.58,0,0.27,0,0
288.54,3,311.2,0,14,316.97,0,0.406,0,1
26.65,9,1520.4,0,5,43.89,0,0.297,1,0
32.95,2,209.8,0,13,37.33,0,0.402,0,0
106.07,5,744.8,0,16,70.35,1,0.521,1,0
44.01,5,616.1,0,22,16.08,0,0.053,1,0
154.17,2,1480.2,0,14,17.86,1,0.136,1,0
73.6,3,1225.5,0,5,79.83,0,0.102,0,0
117.85,3,627.7,0,15,19.96,0,0.209,1,0
69.41,3,707.8,0,5,15.17,0,0.363,0,0
76.6,4,329.6,1,7,51.2,0,0.329,0,0
132.35,2,1020.1,1,14,54.41,0,0.498,1,0
140.52,5,1064.6,0,2,64.23,1,0.374,0,0
89.31,5,1723.2,0,14,18.34,0,0.484,1,0
48.15,6,447.3,0,8,11.66,0,0.477,0,0
127.35,4,0.8,0,3,38.08,0,0.0,0,0
116.01,3,356.5,1,9,1.08,2,0.539,0,0
25.22,2,563.3,0,12,74.26,0,0.272,0,0
42.22,8,2068.7,0,15,72.74,0,0.21,0,0
13.1,1,759.3,0,22,23.69,0,0.404,1,0
133.73,7,263.6,0,21,55.37,0,0.278,0,0
90.7,0,1109.0,0,20,38.42,0,0.421,1,0
144.42,4,986.8,0,14,54.57,1,0.494,1,0
140.02,2,3081.2,0,8,82.86,0,0.352,1,0
8.59,3,930.9,0,2,51.02,0,0.193,1,0
1.44,3,1042.5,0,21,84.0,0,0.008,0,0
75.02,3,1170.6,0,10,54.34,0,0.304,0,0
179.9,5,400.7,0,17,40.21,0,0.726,0,0
57.46,2,217.2,1,23,104.31,0,0.143,0,0
153.99,4,598.2,0,15,65.53,0,0.297,0,0
85.02,2,571.3,0,14,8.7,0,0.438,1,0
200.0,5,540.3,0,4,53.14,0,0.276,0,0
494.28,3,330.7,1,2,99.08,0,0.412,0,1
60.65,6,110.9,0,16,72.21,0,0.054,1,0
193.35,6,793.1,0,4,0.1,0,0.675,0,0
82.37,1,119.2,0,3,26.25,0,0.255,1,0
63.44,4,1104.5,0,8,25.1,0,0.055,1,0
78.4,4,47.1,0,14,26.13,0,0.046,0,0
131.97,3,858.9,0,10,19.26,0,0.208,0,0
103.9,3,2114.1,0,19,40.01,1,0.0,1,0
43.79,4,522.6,0,15,44.06,0,0.448,0,0
58.78,3,599.7,0,20,47.62,0,0.426,0,0
277.99,0,241.3,0,8,24.28,2,0.219,1,1
108.44,2,1450.3,0,9,2.85,0,0.358,0,0
70.78,1,326.1,0,12,26.53,0,0.236,0,0
64.37,4,175.5,0,3,53.78,2,0.446,0,0
54.75,3,921.8,0,16,2.76,1,0.024,1,0
25.36,1,1244.7,0,12,18.29,0,0.171,1,0
54.05,3,415.1,0,20,6.64,0,0.131,1,0
48.04,2,2234.8,0,12,34.62,0,0.404,1,0
4.71,5,57.3,0,16,15.46,0,0.278,0,0
84.46,6,334.5,0,11,11.57,1,0.34,1,0
66.48,2,328.4,0,14,11.82,0,0.348,1,0
29.45,2,443.0,0,8,42.98,0,0.317,1,0
65.08,4,1861.5,1,13,51.68,0,0.134,1,0
76.28,0,1072.0,0,15,74.92,0,0.174,1,0
122.39,6,418.9,0,22,51.71,0,0.208,0,0
37.87,5,61.5,0,8,85.45,0,0.175,0,0
102.95,3,416.8,0,7,12.74,1,0.192,1,0
131.92,4,553.8,0,7,36.68,1,0.178,1,0
63.52,5,209.3,0,9,99.6,0,0.383,1,0
167.44,3,977.4,0,7,49.36,0,0.0,0,0
65.69,1,409.5,0,18,60.53,0,0.181,0,0
162.28,2,296.1,0,9,204.4,0,0.366,1,1
34.77,1,368.0,0,4,34.72,0,0.704,0,0
151.65,1,34.6,0,1,16.83,0,0.203,0,0
15.21,3,326.5,0,21,45.99,0,0.288,0,0
33.24,0,78.5,0,18,177.83,1,0.568,1,1
67.18,5,52.3,0,0,53.61,0,0.023,0,0
96.17,4,307.4,1,8,28.63,1,0.086,1,0
152.64,4,2241.1,0,0,8.85,0,0.143,0,0
69.96,2,398.5,1,9,15.23,0,0.232,1,0
115.12,5,323.0,0,12,33.34,0,0.0,1,0
63.56,7,22.7,0,8,77.89,0,0.289,0,0
104.15,2,1770.1,0,4,27.75,0,0.625,1,0
22.75,4,273.8,0,18,26.73,0,0.359,0,0
82.09,4,998.1,1,15,18.01,0,0.358,0,0
140.12,3,678.1,0,23,7.61,0,0.028,1,0
88.83,3,12.3,0,23,7.31,0,0.0,1,0
19.47,2,317.2,0,2,6.91,0,0.318,0,0
62.04,5,618.9,0,13,39.55,2,0.648,0,0
110.13,3,579.6,0,8,0.89,0,0.286,1,0
19.68,1,274.9,0,22,14.42,0,0.557,0,0
160.95,3,193.8,0,23,68.93,0,0.531,1,0
106.2,1,405.5,0,17,75.28,2,0.516,0,0
57.13,1,322.6,1,9,87.14,2,0.515,0,0
45.69,2,256.8,0,9,39.21,0,0.086,0,0
48.75,4,421.7,0,1,77.62,0,0.478,0,0
40.07,2,121.8,0,19,5.24,1,0.253,0,0
81.63,1,2882.5,0,4,37.16,1,0.467,0,0
66.16,3,303.1,0,20,53.96,0,0.582,0,0
36.7,1,1067.1,0,12,13.48,0,0.786,0,0
234.76,4,85.9,0,3,148.42,0,0.519,1,1
163.21,2,1828.1,0,14,20.53,0,0.437,0,0
12.07,2,379.0,0,22,14.9,0,0.65,0,0
24.68,3,768.8,0,13,24.41,0,0.294,1,0
70.81,5,135.7,0,18,57.78,0,0.191,0,0
96.48,2,494.8,0,15,5.98,0,0.185,1,0
53.53,5,74.0,0,3,33.15,0,0.302,0,0
22.05,3,441.2,0,12,62.54,0,0.399,0,0
79.95,5,474.2,0,5,82.47,0,0.436,0,0
169.51,0,118.2,1,16,54.07,0,0.0,0,0
118.18,2,96.8,0,20,11.5,0,0.358,1,0
146.53,2,9.4,0,13,14.07,0,0.281,1,0
83.34,4,295.5,0,4,63.09,0,0.432,0,0
198.52,9,1688.7,0,6,80.84,1,0.647,0,0
109.94,2,279.1,0,15,18.68,0,0.119,0,0
9.62,4,828.9,0,5,38.42,0,0.263,1,0
119.86,3,2095.5,0,11,11.16,2,0.0,0,0
98.63,5,2293.7,1,15,9.34,0,0.302,1,0
23.2,6,1814.9,0,10,29.51,1,0.477,0,0
111.36,1,479.8,1,0,33.48,1,0.123,0,0
97.26,1,3609.1,0,20,5.84,0,0.307,0,0
41.71,6,690.7,1,14,,0,0.22,1,0
11.45,5,551.6,0,0,108.54,1,0.0,1,0
68.95,4,911.9,0,21,23.29,1,0.0,0,0
37.61,5,366.3,0,22,5.69,0,0.03,1,0
181.59,5,41.9,1,0,8.11,1,0.308,0,0
160.74,4,161.3,0,21,,0,0.0,1,0
23.98,5,1317.9,0,21,10.53,0,0.343,0,0
268.34,4,80.7,1,19,75.53,5,0.78,0,1
74.89,3,958.7,0,9,11.64,0,0.239,1,0
98.38,3,682.0,0,0,14.97,1,0.488,0,0
50.77,3,487.5,0,10,66.24,0,0.57,1,0
116.14,5,72.9,0,7,26.09,0,0.284,0,0
25.98,2,240.5,1,23,30.08,0,0.271,0,0
65.2,6,230.7,0,0,,0,0.302,1,0
44.73,2,36.5,0,0,35.03,0,0.258,1,0
27.02,6,301.8,0,8,53.04,0,0.196,1,0
110.26,5,1321.0,0,21,30.28,0,0.151,0,0
52.04,5,786.3,1,6,22.37,0,0.0,1,0
11.5,2,749.4,0,15,16.4,0,0.29,0,0
29.9,5,1391.2,0,18,3.91,0,0.501,0,0
103.08,0,1287.7,0,17,103.86,0,0.3,0,0
212.99,6,1971.0,0,14,14.11,0,0.369,0,0
34.63,5,258.4,0,11,46.79,0,0.516,1,0
59.03,5,813.3,0,18,47.14,0,0.659,0,0
233.65,4,1076.2,0,12,22.17,0,0.547,0,0
90.21,2,1104.5,0,18,13.27,1,0.026,0,0
130.31,8,80.5,0,11,0.12,0,0.217,0,0
59.99,3,536.9,1,15,4.54,0,0.002,1,0
156.22,8,1159.3,0,15,48.83,0,0.173,0,0
54.79,5,1005.1,0,12,31.91,0,0.309,0,0
139.88,2,303.8,0,17,1.03,0,0.446,0,0
57.26,3,61.9,0,19,84.4,0,0.194,0,0
230.73,1,30.2,1,11,244.09,2,0.276,1,1
22.06,5,1083.8,0,8,54.4,1,0.296,1,0
392.48,3,15.7,1,10,,3,0.262,0,1
75.37,7,209.2,0,10,9.09,0,0.196,0,0
40.13,5,1387.1,0,6,60.57,0,0.302,1,0
90.79,1,299.7,0,23,3.32,0,0.214,1,0
3.83,4,719.6,1,0,11.55,0,0.0,1,0
58.71,5,884.7,0,3,13.94,0,0.416,0,0
30.57,1,1.0,0,18,38.22,0,0.003,1,0
131.29,7,1637.5,0,0,8.98,1,0.401,0,0
67.6,4,971.8,1,7,85.24,1,0.659,1,1
83.69,3,2440.2,0,2,11.48,0,0.271,0,0
111.86,2,1454.7,0,8,9.43,0,0.434,0,0
53.13,1,404.0,0,21,9.49,0,0.196,0,0
161.77,0,194.5,1,3,90.09,1,0.289,0,1
37.14,2,61.0,0,14,37.56,0,0.222,1,0
71.06,4,186.2,0,16,74.21,2,0.3,0,0
86.72,8,532.5,0,22,12.88,0,0.214,0,0
182.31,6,273.8,0,12,10.65,0,0.202,1,0
132.06,5,1.4,0,22,211.8,1,0.732,0,1
10.87,4,47.5,0,22,4.01,0,0.0,0,0
158.14,2,1172.2,0,22,22.13,0,0.276,1,0
396.01,3,179.2,0,7,54.69,1,0.322,1,1
42.73,4,472.5,0,15,51.62,0,0.274,1,0
28.34,2,408.8,0,4,33.52,0,0.153,0,0
21.95,10,326.7,0,17,87.37,1,0.155,0,0
139.68,4,5.0,0,1,10.28,1,0.585,1,0
48.84,4,917.5,0,0,59.75,0,0.1,1,0
47.17,8,219.5,0,9,52.61,1,0.627,0,0
497.17,5,18.0,0,14,17.67,0,0.638,1,1
62.7,3,230.8,0,15,9.18,0,0.224,0,0
95.43,5,770.3,0,22,19.32,0,0.354,0,0
144.3,4,320.1,0,22,17.58,0,0.09,0,0
174.11,3,163.5,0,12,10.04,0,0.367,0,0
116.62,6,331.9,0,13,14.88,1,0.245,0,0
15.97,9,855.9,0,23,43.8,0,0.537,0,0
124.13,0,388.4,0,14,10.0,0,0.328,1,0
81.81,4,324.1,0,0,34.98,1,0.005,1,0
201.27,1,309.6,0,3,9.78,0,0.432,0,0
107.13,4,66.2,0,5,77.03,0,0.0,0,0
56.1,1,407.3,0,9,35.76,3,0.292,0,0
55.5,2,1062.4,0,23,30.1,0,0.34,0,0
58.16,3,1204.2,1,5,19.1,0,0.0,0,0
57.31,4,565.4,0,20,25.47,0,0.338,0,0
59.85,0,633.5,0,22,27.09,0,0.409,1,0
186.33,2,1282.1,0,16,1.38,0,0.371,1,0
29.22,5,231.5,0,4,32.75,0,0.136,0,0
97.87,8,72.7,1,20,3.22,0,0.857,1,0
80.6,3,53.6,0,1,73.01,1,0.32,0,0
7.55,4,1112.4,0,4,42.24,0,0.354,1,0
48.06,2,329.1,0,3,49.22,1,0.195,0,0
76.32,3,111.3,0,5,18.45,0,0.0,1,0
47.21,2,175.9,0,18,9.25,0,0.626,0,0
22.37,5,135.1,0,23,21.31,1,0.373,1,0
131.36,4,743.4,0,13,8.2,0,0.179,0,0
118.64,4,477.1,0,5,66.22,0,0.287,0,0
39.34,2,333.6,0,5,17.47,0,0.0,0,0
49.41,3,469.3,0,16,43.79,0,0.109,0,0
196.06,2,596.3,0,12,36.29,1,0.54,0,0
400.05,1,225.7,1,8,195.06,1,0.975,0,1
64.27,2,115.0,0,2,50.65,0,0.422,0,0
95.7,2,969.4,0,17,6.94,0,0.294,0,0
164.29,7,416.6,0,3,38.99,0,0.057,0,0
148.87,4,104.7,0,12,,1,0.643,0,0
154.08,5,1497.2,0,12,29.58,0,0.424,0,0
216.04,3,165.3,0,15,129.3,1,0.585,0,1
249.31,1,48.6,1,3,148.92,1,0.636,1,1
16.84,3,680.4,0,13,44.34,0,0.289,0,0
78.07,2,1214.9,0,3,8.86,0,0.0,1,0
78.41,6,927.5,0,11,12.57,1,0.01,1,0
39.71,4,599.3,0,20,9.18,0,0.276,1,0
173.97,6,330.7,0,18,23.78,0,0.139,1,0
61.81,7,1094.0,1,9,18.29,0,0.0,0,0
70.68,4,589.9,0,21,25.18,2,0.306,1,0
181.69,3,739.8,0,6,9.59,0,0.29,0,0
108.22,3,607.5,0,22,66.29,0,0.235,1,0
147.09,3,1323.8,0,2,39.36,1,0.0,0,0
109.87,1,1081.2,1,22,62.35,0,0.437,0,0
144.24,2,450.4,0,8,17.97,0,0.037,1,0
94.87,6,480.7,1,2,33.06,0,0.331,0,0
62.36,6,620.5,0,5,14.28,0,0.469,1,0
5.12,2,1150.7,0,20,24.88,0,0.321,1,0
51.59,5,1317.4,0,0,24.22,0,0.885,1,0
51.49,4,9.2,0,18,15.68,0,0.0,1,0
24.53,3,96.4,0,15,48.62,0,0.681,1,0
138.13,2,1473.3,0,23,46.28,0,0.68,1,0
6.42,3,692.8,0,5,41.35,0,0.365,0,0
15.14,3,1015.8,0,15,25.72,0,0.0,1,0
88.67,3,710.0,0,4,38.3,0,0.0,0,0
67.31,3,709.8,0,15,25.38,1,0.552,1,0
203.63,4,1237.3,0,17,12.16,0,0.262,0,0
33.79,5,24.4,0,12,23.02,0,0.358,1,0
90.75,1,15.8,0,20,44.58,0,0.0,1,0
46.81,2,3100.8,0,21,1.77,1,0.503,0,0
71.51,2,23.2,0,19,6.54,0,0.33,0,0
72.6,3,627.0,0,23,15.92,0,0.386,0,0
70.49,4,749.3,0,0,,0,0.109,0,0
58.61,4,155.8,0,3,,0,0.128,0,0
58.51,6,991.5,0,20,34.9,0,0.005,1,0
155.13,4,342.7,0,3,7.06,1,0.413,1,0
370.29,0,261.6,0,11,98.77,0,0.492,1,1
17.62,0,621.8,0,20,54.24,0,0.338,1,0
297.32,1,603.4,0,3,189.51,0,0.628,1,1
57.51,4,380.3,0,13,16.01,0,0.4,0,0
67.26,4,617.2,0,22,6.38,0,0.203,0,0
41.6,2,130.8,1,5,1.64,1,0.446,0,0
130.03,4,105.4,0,13,15.71,0,0.283,0,0
44.13,0,114.1,0,9,0.99,0,0.488,1,0
354.48,3,102.2,0,4,158.99,1,0.221,1,1
166.75,3,152.9,0,11,20.16,0,0.0,1,0
89.08,5,76.7,0,7,18.28,1,0.37,1,0
256.26,2,104.0,0,9,221.75,1,0.547,0,1
28.92,0,96.7,0,22,15.9,1,0.0,0,0
10.51,6,613.2,0,7,45.75,0,0.342,1,0
16.31,1,1388.2,0,20,46.6,0,0.25,1,0
254.46,1,96.4,0,8,294.82,0,0.451,0,1
53.06,4,610.6,0,7,4.79,0,0.586,0,0
59.16,5,225.7,0,13,70.27,0,0.16,0,0
207.66,2,746.2,0,7,46.15,0,0.423,0,0
77.85,3,598.9,0,1,43.64,0,0.132,1,0
63.04,1,590.2,0,4,11.3,0,0.631,0,0
123.5,4,1869.1,1,6,43.07,0,0.499,0,0
88.72,2,104.5,0,0,128.79,0,0.41,1,1
169.08,3,46.5,0,9,46.06,1,0.18,1,0
38.9,3,763.8,0,22,7.6,0,0.16,0,0
288.04,3,555.5,0,19,288.38,0,0.523,0,1
87.22,2,3431.2,0,2,5.21,1,0.553,0,0
91.35,2,3.8,0,3,15.2,0,0.43,1,0
65.63,2,52.8,0,0,39.83,0,0.418,1,0
30.6,2,1009.7,0,5,28.54,0,0.146,0,0
70.45,2,323.8,0,13,56.92,0,0.508,0,0
51.44,4,139.7,0,9,56.09,0,0.446,0,0
440.85,0,0.3,0,20,61.6,0,0.676,1,1
81.11,1,585.3,0,13,40.37,0,0.006,1,0
41.5,1,3507.5,0,12,12.02,0,0.315,1,0
40.61,4,486.0,0,20,6.35,0,0.314,1,0
51.46,2,826.1,0,13,62.85,0,0.367,0,0
167.07,1,276.1,0,8,59.11,0,0.0,1,0
23.99,2,237.0,0,3,3.65,0,0.019,0,0
109.67,2,13.7,0,13,65.69,1,0.459,0,1
132.74,1,2233.3,1,8,23.2,0,0.555,0,0
132.44,4,1600.1,0,3,34.19,0,0.085,1,0
63.64,2,89.6,0,10,145.9,0,0.489,0,1
102.08,7,294.6,0,14,1.29,0,0.381,0,0
110.04,4,34.6,0,19,39.76,0,0.562,0,0
42.68,0,58.6,0,15,,0,0.49,1,0
47.62,3,277.6,0,5,37.22,0,0.196,0,0
26.14,3,127.9,0,2,82.45,0,0.334,1,0
61.3,1,1624.7,0,3,2.93,0,0.437,1,0
44.37,2,397.9,0,6,20.62,0,0.239,0,0
64.52,6,2951.3,0,16,,0,0.28,1,0
91.71,2,354.3,0,20,31.45,0,0.281,1,0
13.35,2,1126.0,0,20,18.52,0,0.6,1,0
33.35,4,136.3,1,2,26.87,0,0.34,1,0
126.25,5,352.8,1,1,,1,0.424,1,0
1.17,4,700.5,0,18,47.85,0,0.43,1,0
54.35,5,356.8,0,4,23.03,0,0.285,0,0
310.16,2,707.4,1,7,31.79,0,0.281,1,1
13.39,2,592.0,0,1,28.55,1,0.512,1,0
98.42,5,1706.3,0,6,31.58,0,0.414,1,0
150.29,4,499.3,0,1,4.44,0,0.257,0,0
131.18,4,402.8,1,3,60.28,0,0.741,0,0
152.23,4,680.1,0,19,39.41,0,0.047,0,0
17.7,3,273.0,0,6,75.21,0,0.297,0,0
70.35,4,118.8,0,6,24.25,1,0.054,1,0
40.89,5,1941.0,0,21,25.94,0,0.42,1,0
1.32,5,394.5,0,17,68.65,0,0.4,0,0
4.1,3,1302.2,0,9,56.46,0,0.655,0,0
235.6,0,118.5,1,19,3.7,0,0.274,1,1
138.79,3,1658.8,0,21,0.87,0,0.233,0,0
1.1,3,2143.2,1,4,102.66,0,0.725,0,0
112.12,5,1691.4,0,10,,1,0.38,0,0
95.01,4,901.1,0,2,22.41,0,0.723,0,0
22.6,4,671.1,0,21,7.82,1,0.44,1,0
72.48,2,632.2,0,19,18.89,0,0.253,0,0
56.28,2,333.6,0,20,24.11,0,0.191,1,0
84.63,5,211.2,0,1,45.29,1,0.314,1,0
53.41,4,572.7,0,2,15.18,0,0.225,0,0
91.39,1,844.6,0,23,12.04,0,0.584,0,0
446.33,1,548.7,0,6,61.08,0,0.107,1,1
45.9,2,194.8,0,6,55.08,0,0.596,0,0
15.13,4,237.5,0,19,39.37,1,0.361,0,0
90.33,2,141.8,0,5,46.28,0,0.02,0,0
122.17,2,280.2,0,6,72.4,1,0.438,0,0
49.19,1,891.9,0,16,29.72,1,0.597,0,0
39.36,3,802.9,0,14,37.19,0,0.146,1,0
280.15,0,192.1,0,3,203.55,0,0.62,1,1
77.69,5,544.8,0,9,47.2,0,0.101,0,0
98.77,1,748.3,0,4,39.28,0,0.343,0,0
121.05,7,457.9,0,9,4.61,0,0.279,1,0
147.82,1,79.3,0,3,27.43,0,0.484,1,0
28.55,3,29.2,0,2,14.71,1,0.602,1,0
97.96,8,649.7,0,22,23.28,1,0.516,1,0
455.3,2,143.1,1,10,21.16,0,0.912,0,1
51.08,2,867.2,0,17,10.52,0,0.405,1,0
56.22,4,296.6,0,11,88.88,0,0.288,0,1
60.2,3,1092.2,0,20,8.04,0,0.181,0,0
81.51,4,31.2,0,4,20.35,0,0.265,0,0
96.3,3,2160.2,0,15,6.63,1,0.236,0,0
48.78,2,670.5,0,11,26.86,0,0.0,0,0
5.86,2,268.9,0,18,18.44,0,0.558,0,0
7.37,0,1403.0,0,0,1.63,0,0.277,1,0
132.16,3,303.5,0,0,5.18,0,0.638,0,1
33.32,3,178.4,0,4,22.82,1,0.591,0,0
41.9,6,174.1,0,3,29.03,0,0.049,0,0
145.57,5,164.1,0,4,21.8,1,0.535,1,0
66.3,5,98.4,0,5,23.96,1,0.064,0,0
125.81,3,1252.8,0,23,28.36,0,0.246,0,0
115.97,2,311.1,0,6,10.4,0,0.342,1,0
39.89,3,277.0,0,14,20.72,0,0.354,0,0
30.52,2,1251.6,0,11,1.2,0,0.382,0,0
159.85,3,282.9,0,2,22.59,0,0.307,0,0
85.28,9,2665.1,0,15,33.55,0,0.256,0,0
141.36,9,959.8,1,17,20.84,0,0.038,1,0
49.33,3,1040.5,0,13,97.27,0,0.163,1,0
80.17,7,419.9,0,4,46.69,0,0.573,0,0
4.9,3,253.2,1,17,40.96,0,0.0,1,0
64.46,3,1471.2,0,10,21.8,0,0.203,1,0
22.31,6,121.0,0,7,50.52,0,0.356,1,0
57.99,3,1189.8,0,4,1.14,0,0.779,0,0
15.64,4,714.5,0,1,27.06,1,0.471,1,0
12.28,5,141.0,0,18,3.4,0,0.574,0,0
0.7,2,287.3,0,19,13.07,1,0.095,0,0
130.98,4,789.5,0,20,39.2,0,0.276,1,0
32.26,1,854.8,0,17,57.05,0,0.241,0,0
78.28,6,838.3,0,20,1.89,2,0.597,0,0
76.43,1,232.2,0,22,10.59,0,0.034,0,0
36.01,2,1292.4,0,18,14.7,0,0.0,1,0
193.15,2,1639.4,0,3,6.43,0,0.282,0,0
3.27,2,1086.3,0,15,1.5,0,0.362,0,0
94.12,3,320.2,1,15,31.74,1,0.0,1,0
113.38,5,1258.6,0,17,7.28,1,0.296,1,0
72.66,8,201.0,0,16,59.23,1,0.061,1,0
107.27,5,2288.1,0,10,7.03,1,0.338,0,0
183.2,1,1050.0,0,17,81.42,0,0.401,1,0
93.13,4,428.9,0,16,31.95,0,0.394,1,0
140.83,4,306.8,0,23,14.91,0,0.331,0,0
2.18,4,249.1,0,3,11.19,0,0.159,1,0
192.86,3,34.9,0,2,41.22,2,0.516,0,0
112.22,1,790.6,0,12,5.12,0,0.386,0,0
299.87,3,260.5,1,17,34.36,2,0.391,1,1
122.39,5,177.0,0,19,8.13,0,0.314,1,0
137.66,2,926.4,0,22,8.38,0,0.36,1,0
55.63,4,436.8,0,23,53.83,0,0.322,0,0
97.66,7,1717.5,0,14,33.34,0,0.086,0,0
69.37,4,1657.6,0,19,13.96,0,0.596,1,0
80.79,4,638.7,1,19,71.64,0,0.532,1,0
123.21,2,201.8,1,0,83.29,1,0.67,1,0
260.88,5,91.1,0,14,22.73,1,0.0,0,0
58.31,1,509.8,0,15,12.16,0,0.252,1,0
99.54,2,1119.2,0,8,33.4,0,0.114,0,0
1.57,6,783.2,0,7,26.94,0,0.427,0,0
68.17,4,713.0,0,2,14.41,0,0.101,1,0
63.19,5,786.1,0,11,40.36,0,0.018,1,0
148.94,3,785.2,0,0,,0,0.181,1,0
97.37,3,122.5,0,9,87.98,0,0.161,1,0
98.73,1,392.8,0,7,13.75,1,0.0,1,0
47.82,7,197.5,0,10,36.03,0,0.25,0,0
39.7,2,1212.2,0,9,7.1,1,0.0,0,0
103.26,1,103.8,0,21,18.11,0,0.251,1,0
166.69,2,1093.6,0,4,15.62,0,0.0,1,0
69.53,2,321.4,1,17,85.49,0,0.362,1,0
15.26,4,94.1,0,17,24.09,0,0.084,0,0
55.38,3,1412.9,0,2,57.56,0,0.597,1,0
0.12,9,28.6,0,21,39.47,0,0.0,0,0
56.25,5,311.2,0,9,18.71,1,0.319,1,0
73.99,5,105.6,0,4,43.04,0,0.278,1,0
21.17,5,1.2,1,14,9.07,0,0.503,0,0
71.35,9,134.2,1,19,12.76,0,0.163,0,0
453.57,2,115.0,0,21,202.23,0,0.368,0,1
121.89,5,355.4,1,14,60.75,0,0.0,0,0
162.49,5,750.2,0,14,5.83,0,0.472,0,0
46.88,2,2587.7,0,20,44.07,1,0.443,0,0
111.45,2,11.6,0,13,128.28,0,0.289,1,1
16.13,3,3696.1,0,0,2.18,2,0.259,0,0
138.95,6,309.7,0,16,33.44,0,0.396,1,0
71.28,5,404.8,0,17,53.82,1,0.297,1,0
20.86,2,787.4,1,23,53.4,0,0.301,1,0
52.89,2,728.7,0,5,35.95,0,0.552,1,0
23.12,3,42.2,0,4,40.95,0,0.49,1,0
181.81,1,224.3,0,21,344.82,2,0.555,1,1
20.98,2,254.1,0,19,17.29,0,0.478,1,0
5.14,3,940.8,0,9,29.88,1,0.61,1,0
125.96,7,227.0,0,0,11.22,0,0.384,1,0
19.61,1,1060.3,0,4,45.97,0,0.7,0,0
65.86,7,2029.1,0,23,9.03,0,0.13,1,0
4.23,2,1349.8,0,16,1.8,0,0.593,0,0
79.03,7,188.0,0,17,65.86,0,0.379,0,0
225.95,1,605.4,0,7,59.18,1,0.22,1,0
60.33,3,24.7,0,21,15.0,0,0.159,0,0
118.57,4,652.4,0,22,41.68,0,0.151,1,0
454.94,2,216.9,0,3,137.16,2,0.268,0,1
35.69,0,71.0,0,14,29.6,0,0.02,1,0
150.7,2,326.7,0,7,74.98,0,0.26,0,0
165.21,6,151.9,0,21,4.05,0,0.582,1,0
27.99,7,265.2,0,6,8.64,0,0.169,0,0
36.32,5,646.4,0,14,36.22,0,0.483,0,0
67.82,1,112.8,0,8,10.26,0,0.0,0,0
98.12,2,330.5,0,8,46.77,0,0.441,1,0
1.46,5,103.7,0,21,66.42,0,0.133,0,0
58.91,2,87.4,0,9,19.82,0,0.188,1,0
33.75,1,230.8,0,0,58.48,0,0.24,0,0
62.52,2,795.0,0,3,69.49,0,0.804,0,0
4.84,3,347.6,0,20,92.08,0,0.454,0,0
611.92,0,170.9,0,13,182.16,2,0.316,1,1
159.89,4,891.2,0,4,22.31,1,0.0,0,0
48.37,5,1294.1,0,5,43.26,1,0.097,0,0
18.04,2,2066.3,0,10,17.25,0,0.589,0,0
8.21,6,663.5,0,20,32.6,1,0.071,0,0
80.46,8,766.2,1,3,52.85,0,0.707,0,0
101.1,2,967.8,0,15,92.16,0,0.228,1,0
52.95,5,154.3,0,8,18.55,0,0.0,0,0
31.74,0,25.4,1,15,84.39,0,0.753,1,1
100.96,4,159.7,0,3,9.87,0,0.357,0,0
99.95,3,1191.6,0,1,20.03,0,0.282,0,0
2.79,5,17.7,0,3,1.86,0,0.353,1,0
69.56,3,1513.6,0,23,0.65,1,0.294,0,0
21.46,1,641.3,0,1,33.47,0,0.059,0,0
92.91,3,2012.3,0,4,53.17,0,0.0,0,0
215.98,1,484.2,0,8,118.28,2,0.743,0,1
83.02,4,659.2,0,10,22.0,0,0.446,0,0
27.72,6,423.9,0,12,9.36,0,0.308,0,0
58.07,4,62.6,1,18,3.72,1,0.02,0,0
3.73,5,1085.8,0,12,4.43,0,0.021,1,0
138.81,3,1210.3,0,18,26.41,0,0.416,1,0
40.43,3,71.0,1,15,53.91,0,0.203,1,0
19.15,6,75.5,0,6,56.65,0,0.527,1,0
107.85,5,2.3,0,5,23.49,0,0.658,0,0
121.62,2,295.6,1,23,225.82,1,0.616,0,1
109.77,3,293.4,0,7,29.03,1,0.124,0,0
72.21,3,43.5,0,13,32.53,0,0.109,0,0
43.33,0,656.4,0,0,1.53,0,0.0,0,0
122.72,2,1130.6,0,0,3.41,0,0.088,0,0
11.85,1,66.5,1,18,16.01,0,0.285,1,0
41.59,2,55.4,0,8,25.33,0,0.607,0,0
143.2,3,104.7,0,7,38.8,0,0.108,0,0
0.71,3,62.4,0,0,2.69,0,0.468,1,0
179.3,1,353.6,0,22,17.88,0,0.202,1,1
63.1,6,776.6,0,8,29.6,1,0.174,1,0
108.3,0,821.3,0,19,2.39,0,0.0,0,0
155.54,3,11.5,0,12,23.38,0,0.143,0,0
35.19,4,684.2,0,0,23.82,1,0.452,0,0
0.9,1,182.2,0,21,23.86,1,0.314,1,0
81.85,5,33.0,1,5,20.87,0,0.0,0,0
109.05,4,1150.6,0,19,3.56,0,0.265,1,0
66.7,2,122.9,0,15,235.96,1,0.55,0,1
79.69,5,548.9,0,13,2.74,0,0.308,0,0
99.03,4,2430.7,0,20,43.29,1,0.198,0,0
105.46,7,1594.9,0,9,24.1,0,0.511,1,0
204.29,4,773.1,0,4,60.28,1,0.571,0,0
18.92,1,141.0,0,17,37.06,0,0.0,0,0
114.92,4,54.3,0,0,84.92,0,0.0,0,0
171.43,3,691.0,1,8,,0,0.204,1,0
53.7,2,1317.2,0,17,17.87,0,0.04,1,0
55.12,2,2157.5,0,19,18.68,0,0.162,0,0
75.34,1,1834.3,0,22,83.41,0,0.104,1,0
36.04,4,195.8,0,7,75.29,0,0.0,1,0
23.85,2,230.3,0,3,7.79,0,0.075,1,0
68.01,7,195.2,1,23,30.87,1,0.144,1,0
77.04,5,2083.1,0,5,53.93,0,0.231,1,0
61.35,6,1803.2,0,5,47.64,0,0.519,0,0
2.6,3,147.7,0,23,7.98,0,0.111,0,0
32.65,2,878.3,0,12,6.97,0,0.497,0,0
183.15,2,59.6,0,3,32.55,0,0.439,0,0
20.75,6,189.8,1,7,72.33,0,0.218,1,0
13.32,3,1343.6,0,23,86.71,0,0.538,0,0
168.84,3,321.9,0,3,0.68,2,0.608,0,0
72.16,3,2043.1,0,17,47.47,0,0.341,0,0
97.56,4,138.1,0,7,37.42,0,0.535,0,0
137.88,6,10.5,0,12,15.95,1,0.418,0,0
19.34,2,1669.8,0,1,27.52,0,0.426,0,0
123.53,0,167.4,0,8,40.52,0,0.243,0,0
124.05,2,469.3,0,17,6.97,0,0.0,1,0
19.94,4,1726.9,0,12,26.83,0,0.446,0,0
4.05,5,52.0,1,9,6.09,1,0.207,1,0
117.45,7,89.0,0,0,2.18,0,0.117,1,0
83.07,4,892.2,1,18,31.71,0,0.536,0,0
130.12,4,294.8,0,22,25.72,0,0.241,0,0
66.03,5,1225.2,1,13,1.2,0,0.355,0,0
47.84,6,573.5,0,2,89.9,0,0.318,1,0
134.57,3,693.6,0,7,28.02,0,0.0,0,0
414.78,0,94.2,1,8,284.11,0,0.287,0,1
120.01,5,739.9,0,15,24.97,0,0.191,0,0
85.4,4,1296.1,0,3,21.59,0,0.077,0,0
140.67,1,164.8,1,1,36.96,0,0.278,1,0
136.6,3,144.2,0,22,28.04,0,0.088,1,0
135.69,5,1893.2,0,21,14.31,0,0.499,0,0
2.78,5,216.3,0,5,18.8,0,0.325,0,0
75.4,3,58.5,0,12,59.32,0,0.36,0,0
12.04,4,268.7,0,10,16.05,0,0.164,0,0
18.05,3,2734.6,0,5,52.43,0,0.134,1,0
58.56,5,1421.4,0,9,45.41,1,0.0,0,0
91.52,6,855.8,0,23,27.27,0,0.071,1,0
7.82,3,765.0,0,0,16.77,0,0.434,1,0
141.67,3,854.6,0,8,69.61,1,0.534,0,0
127.43,4,1281.9,0,21,30.22,0,0.207,0,0
67.37,8,120.7,1,22,5.7,0,0.345,1,0
166.15,9,1459.5,0,11,15.09,0,0.259,0,0
16.47,3,143.1,0,13,71.12,0,0.458,0,0
60.97,5,1090.8,1,17,19.12,0,0.501,0,0
216.46,3,156.6,0,2,31.38,0,0.233,0,0
19.0,7,1150.9,0,0,13.35,0,0.0,1,0
68.76,4,203.8,0,8,10.27,0,0.347,0,0
175.66,2,63.0,0,11,128.57,2,0.431,1,1
20.07,4,622.3,0,20,57.2,0,0.459,1,0
89.19,4,739.9,1,12,34.66,0,0.107,0,0
92.01,5,246.2,0,17,31.34,1,0.574,0,0
36.01,7,731.3,0,17,32.33,0,0.505,1,0
60.26,3,1182.1,0,22,31.15,0,0.33,1,0
404.25,2,127.5,1,8,183.53,0,0.507,0,1
12.66,5,1613.8,0,15,17.42,0,0.191,0,0
103.36,3,250.8,1,22,11.51,0,0.326,1,0
139.85,1,692.6,1,21,85.34,0,0.0,0,0
40.86,5,437.3,0,9,18.82,0,0.109,0,0
70.26,4,379.3,0,13,39.87,0,0.282,0,0
52.16,1,208.4,0,20,2.06,0,0.0,0,0
24.57,2,14.8,0,7,53.09,0,0.0,0,0
53.98,0,54.6,0,4,28.11,0,0.519,0,0
59.25,6,453.1,0,21,38.8,0,0.431,0,0
79.03,5,54.6,0,17,17.67,3,0.0,0,0
71.38,5,2378.3,0,12,34.45,0,0.236,0,0
2.68,1,354.1,0,21,30.05,0,0.083,0,0
158.97,4,633.4,1,16,18.54,1,0.661,1,0
55.51,3,792.5,0,0,35.45,0,0.583,1,0
131.36,3,69.4,0,7,43.47,2,0.303,0,0
114.25,2,226.7,0,4,4.55,0,0.568,0,0
186.58,3,365.4,0,7,100.47,0,0.348,0,0
74.54,4,1028.4,1,8,82.99,0,0.0,1,0
91.21,4,406.5,0,10,17.93,0,0.292,0,0
53.13,4,1722.2,0,3,21.13,0,0.0,0,0
87.37,4,551.5,0,20,5.72,0,0.223,0,0
84.64,3,350.8,0,21,32.44,1,0.482,0,0
129.78,7,194.1,1,13,25.68,0,0.206,1,0
11.56,5,769.7,0,17,73.86,0,0.495,1,0
48.05,4,1309.3,0,19,1.38,0,0.1,1,0
125.65,5,331.8,0,21,60.2,1,0.231,1,0
58.38,2,1080.2,0,13,35.19,1,0.37,1,0
229.89,4,227.1,1,20,2.88,2,0.559,1,1
5.06,0,13.8,0,6,44.84,0,0.193,1,0
31.24,4,1690.6,0,4,8.99,0,0.103,0,0
98.71,4,88.6,0,10,22.57,0,0.151,0,0
30.1,5,140.6,0,22,59.59,1,0.0,0,0
30.91,1,60.9,0,11,8.86,1,0.124,0,0
4.32,5,769.3,0,14,21.45,0,0.234,0,0
41.82,2,552.7,0,16,55.65,0,0.838,1,0
128.76,1,1112.4,0,1,47.89,0,0.617,0,0
121.02,6,1156.8,0,7,63.4,0,0.0,1,0
103.2,2,1741.6,0,1,30.12,0,0.225,0,0
101.7,3,175.8,0,4,40.38,0,0.136,0,0
131.42,1,28.3,0,5,22.54,0,0.231,1,0
5.66,2,499.4,0,7,70.09,0,0.327,0,0
59.39,3,1599.0,0,19,54.38,0,0.363,1,0
131.55,4,227.4,0,13,56.75,0,0.39,1,0
43.02,6,185.4,0,8,84.25,0,0.135,0,0
200.96,3,230.0,0,3,242.87,0,0.664,1,1
344.35,4,550.2,0,16,109.52,1,0.483,0,1
120.98,7,87.0,0,15,1.86,2,0.348,0,0
71.5,2,0.4,0,3,1.45,0,0.607,0,0
25.91,1,1122.1,0,3,,0,0.598,1,0
65.98,2,33.3,0,7,40.55,0,0.32,1,0
119.66,3,29.7,0,5,23.45,0,0.28,1,0
27.82,2,12.9,1,5,222.8,0,0.5,1,1
21.45,5,796.2,0,15,31.06,0,0.285,1,0
11.19,3,815.0,0,0,10.82,0,0.293,1,0
96.01,1,249.4,1,0,32.26,0,0.449,1,0
64.01,2,496.5,0,7,12.71,0,0.043,1,0
7.41,4,710.2,1,23,11.43,0,0.536,0,0
49.92,7,118.6,0,12,19.07,1,0.474,0,0
18.54,3,547.5,1,19,12.46,0,0.489,0,0
176.36,6,554.6,0,9,6.48,0,0.571,0,0
51.97,3,176.5,0,6,8.35,0,0.205,0,0
162.37,0,220.4,0,18,10.58,0,0.772,0,0
20.07,3,228.7,0,13,44.82,0,0.298,1,1
76.38,1,95.2,0,3,32.28,0,0.247,0,0
118.78,4,588.8,0,13,66.45,0,0.0,0,0
41.31,3,516.4,0,18,,0,0.121,1,0
49.32,8,620.3,0,0,15.79,0,0.675,1,0
96.86,3,693.4,0,1,37.94,0,0.23,0,0
38.17,2,160.5,0,14,60.57,0,0.448,0,0
95.95,5,372.9,0,12,55.52,0,0.504,1,0
134.37,5,946.5,0,6,53.36,0,0.022,1,0
13.25,2,451.6,0,23,18.91,0,0.0,1,0
44.82,2,1035.0,0,23,18.77,0,0.114,0,0
36.28,3,2103.1,0,12,9.91,0,0.26,1,0
220.74,8,832.3,0,23,45.18,0,0.0,1,0
12.85,3,75.7,0,19,6.46,0,0.436,1,0
179.02,1,424.8,0,15,40.84,1,0.533,0,0
26.42,6,519.1,0,15,20.55,1,0.223,1,0
0.15,1,1356.3,0,12,1.22,0,0.441,0,0
124.03,2,238.1,0,2,69.86,0,0.22,0,0
22.7,8,441.4,0,8,66.85,0,0.447,1,0
58.58,2,3060.3,0,22,9.09,0,0.102,0,0
51.55,4,1590.0,0,16,8.04,0,0.0,1,0
120.49,5,308.9,0,2,24.78,0,0.39,1,0
156.18,3,581.9,0,21,39.16,0,0.352,0,0
134.34,3,851.4,0,11,52.22,1,0.414,0,0
90.34,3,30.8,0,9,178.54,1,0.386,1,1
47.67,3,1034.8,0,20,38.69,0,0.202,0,0
92.5,2,132.4,0,23,37.8,0,0.357,1,0
80.85,4,957.9,0,10,16.44,0,0.416,1,0
147.3,3,2941.4,0,7,34.29,1,0.0,1,0
49.53,5,566.3,0,15,19.4,0,0.374,0,0
68.16,5,263.4,0,23,29.23,0,0.0,0,0
85.52,1,73.7,0,1,41.87,0,0.339,1,0
127.7,4,643.2,1,3,7.69,0,0.0,0,0
54.61,1,519.8,0,0,12.98,0,0.0,0,0
54.05,2,399.6,0,17,88.52,0,0.349,0,0
84.27,7,313.0,0,3,15.55,0,0.198,0,0
106.29,2,148.7,0,6,27.08,0,0.32,1,0
41.67,4,5.4,0,4,68.85,0,0.311,0,0
90.41,5,579.3,0,3,13.05,0,0.033,0,0
37.73,4,2079.4,1,10,75.41,0,0.635,1,0
78.89,4,86.5,0,15,33.71,1,0.204,1,0
27.4,2,869.9,0,3,58.73,2,0.508,1,0
100.22,1,462.2,0,18,14.55,0,0.578,0,0
55.59,8,115.0,0,20,21.77,0,0.0,0,0
94.8,1,84.6,0,15,53.58,0,0.49,0,0
116.37,4,224.2,1,13,77.31,1,0.241,0,0
121.41,6,313.9,1,21,31.47,0,0.254,1,0
10.91,5,271.4,0,2,132.33,1,0.668,1,1
71.92,1,47.5,0,7,20.44,0,0.0,1,0
73.55,6,134.2,0,16,74.32,0,0.26,0,0
49.06,4,187.0,1,19,40.71,0,0.0,1,0
3.93,2,3334.1,0,15,5.08,1,0.514,0,0
25.8,8,532.1,1,9,48.75,0,0.188,0,0
161.04,1,2272.3,0,0,14.69,0,0.509,0,0
70.94,3,290.0,0,3,16.45,1,0.0,0,0
61.48,4,601.7,1,21,14.17,0,0.645,0,0
40.96,4,394.5,0,14,43.51,2,0.0,0,0
77.99,3,251.1,0,16,32.92,0,0.611,0,0
62.72,6,511.4,0,18,25.66,1,0.191,0,0
102.81,3,1016.3,0,12,25.74,0,0.198,0,0
7.4,4,1791.5,1,8,34.73,0,0.263,1,0
5.0,2,292.2,0,21,6.83,1,0.26,0,0
17.4,5,1701.2,0,2,59.4,0,0.0,0,0
91.51,3,12.3,0,9,13.78,0,0.408,0,0
166.7,1,558.1,0,0,32.9,0,0.023,0,0
35.8,2,1042.6,0,14,0.83,0,0.512,0,0
97.64,7,897.8,0,19,5.8,0,0.616,0,0
148.88,3,120.4,0,9,49.56,0,0.144,0,0
143.94,2,185.7,1,14,80.59,1,0.792,0,1
107.23,2,737.3,0,14,11.05,1,0.3,0,0
79.77,4,819.9,0,23,63.64,0,0.272,1,0
173.66,5,29.4,1,19,49.68,0,0.538,0,0
18.59,4,669.9,0,2,62.26,1,0.611,0,0
36.15,3,155.4,1,17,0.37,0,0.041,1,0
73.17,4,466.6,0,15,42.02,0,0.278,0,0
141.32,4,664.4,0,10,6.74,0,0.376,1,0
65.12,4,1380.8,0,15,15.37,0,0.253,1,0
138.75,5,524.3,0,2,53.79,0,0.156,1,0
21.8,2,311.8,0,2,69.69,1,0.185,1,0
78.02,5,850.7,0,3,5.3,0,0.335,1,0
45.32,1,1929.3,0,6,29.32,0,0.425,1,0
31.78,7,81.9,0,5,44.99,0,0.39,0,0
138.3,4,987.0,0,17,78.8,0,0.159,1,0
127.11,2,594.7,0,19,20.36,0,0.0,1,0
118.97,7,1078.7,0,14,16.67,0,0.015,1,0
72.69,1,203.9,0,6,33.71,0,0.355,1,0
195.05,3,1607.9,0,12,49.26,0,0.458,0,0
22.83,4,613.5,0,13,9.02,0,0.789,1,0
48.64,3,73.0,0,4,70.07,0,0.224,1,0
98.03,3,82.1,0,23,31.86,0,0.307,1,0
13.48,2,654.2,0,3,82.4,0,0.784,0,0
138.62,6,604.1,0,4,59.03,1,0.207,0,0
2.28,4,612.2,0,17,19.68,1,0.146,1,0
145.52,6,1141.4,0,4,15.55,0,0.165,0,0
81.95,10,1893.6,0,1,18.86,0,0.162,1,0
255.12,5,195.1,1,6,76.49,1,0.454,0,1
132.85,2,243.2,0,8,46.25,0,0.157,0,0
35.64,9,1517.4,1,9,49.83,0,0.15,0,0
42.76,2,833.9,0,10,4.27,0,0.593,0,0
142.77,7,2.1,0,5,32.78,0,0.0,0,0
3.35,4,450.1,0,16,42.3,1,0.283,0,0
86.81,1,152.6,0,15,3.08,0,0.476,0,0
114.95,6,383.3,0,2,6.25,0,0.886,1,0
35.06,4,295.0,0,11,81.93,0,0.033,0,0
21.86,4,1477.3,0,18,10.89,0,0.369,0,0
272.95,0,154.4,0,11,163.24,0,0.5,0,1
110.99,2,249.9,0,15,0.5,0,0.397,0,0
35.57,3,342.0,0,13,35.33,1,0.472,0,0
140.24,3,2234.1,0,7,16.12,0,0.356,1,0
180.78,2,412.3,0,15,18.74,0,0.304,1,0
64.35,4,1080.5,0,17,11.12,1,0.223,0,0
138.85,13,1782.9,0,4,48.1,0,0.0,1,0
13.6,1,29.8,0,6,23.15,0,0.285,0,0
53.22,2,23.6,0,18,60.17,0,0.076,0,0
166.35,7,510.1,0,18,51.92,1,0.07,0,0
106.63,1,166.6,0,15,120.93,1,0.494,1,1
120.66,4,187.5,0,16,0.79,1,0.529,0,0
63.54,2,159.2,0,8,49.04,0,0.437,0,0
68.63,3,99.7,0,4,33.82,0,0.141,0,0
159.8,2,2832.0,0,12,25.67,0,0.438,0,0
57.15,7,66.1,0,6,60.21,0,0.195,0,0
182.83,5,715.7,1,21,29.66,0,0.418,1,0
9.66,2,133.7,0,1,35.72,2,0.0,0,0
117.24,2,360.2,0,4,67.79,0,0.152,0,0
147.51,4,116.0,0,21,2.76,0,0.214,1,0
52.05,1,181.5,0,17,33.76,0,0.38,1,0
17.23,5,544.6,0,21,28.99,0,0.265,0,0
163.59,5,2054.9,0,13,42.52,0,0.483,1,0
82.43,4,298.3,0,23,48.22,0,0.22,0,0
76.79,4,662.4,0,12,10.03,1,0.324,0,0
99.32,2,137.8,0,16,6.06,0,0.2,0,0
34.7,2,1386.3,0,7,66.38,1,0.046,1,0
218.87,2,205.2,0,19,129.19,0,0.327,1,1
42.37,5,4520.4,0,22,57.34,0,0.316,0,0
27.74,7,1139.6,0,22,12.33,0,0.263,1,0
54.62,4,216.8,0,8,43.24,0,0.453,0,0
24.0,5,63.9,0,9,12.07,0,0.357,1,0
30.08,3,497.6,0,20,6.71,0,0.406,0,0
65.62,5,521.9,0,7,4.87,0,0.457,1,0
491.93,1,48.4,0,17,263.85,2,0.264,1,1
30.3,5,190.5,0,22,52.34,0,0.075,1,0
62.82,5,638.5,0,16,17.87,0,0.434,1,0
21.0,2,669.5,0,19,51.98,0,0.186,1,0
46.84,4,157.0,0,19,28.6,0,0.421,0,0
30.41,3,16.2,1,14,6.22,0,0.16,1,0
9.15,0,402.7,0,8,11.98,1,0.01,1,0
5.24,2,751.9,0,1,27.67,0,0.318,0,0
81.64,1,1982.0,0,17,17.47,0,0.546,0,0
21.65,3,581.6,0,12,131.32,1,0.295,0,0
61.05,6,691.3,0,1,29.48,0,0.384,0,0
47.5,1,613.6,0,22,39.63,0,0.0,0,0
56.46,4,686.5,1,21,33.84,1,0.038,0,0
126.69,1,1919.1,0,2,0.34,0,0.454,1,0
90.0,8,566.1,0,21,39.55,0,0.415,0,0
79.75,0,936.7,1,3,89.68,0,0.454,0,0
84.93,2,201.9,1,4,9.34,0,0.197,0,0
15.48,7,926.5,0,12,6.64,0,0.107,1,0
73.07,5,213.2,0,13,28.64,0,0.356,1,0
21.21,3,463.8,0,15,83.05,0,0.072,0,0
199.13,2,233.2,1,22,209.32,4,0.769,0,1
57.4,3,942.9,0,15,19.8,0,0.0,0,0
33.65,6,1563.7,0,3,45.73,0,0.419,0,0
1.28,6,241.3,0,23,12.58,0,0.127,0,0
17.84,3,14.8,0,12,58.07,0,0.695,1,0
74.58,5,1860.4,1,21,49.9,0,0.011,1,0
96.46,5,1385.0,1,23,28.15,0,0.108,0,0
26.33,2,111.7,0,4,58.13,0,0.325,0,0
55.38,5,215.3,0,14,36.45,0,0.316,1,0
56.18,7,400.5,0,19,20.15,0,0.305,1,0
134.91,1,50.7,1,12,216.17,0,0.541,0,1
188.26,4,144.2,0,0,33.39,0,0.388,0,0
30.26,1,1854.9,0,2,37.98,0,0.0,1,0
92.6,4,334.3,0,13,118.97,0,0.112,0,0
76.36,2,654.8,0,22,8.47,0,0.229,1,0
45.26,6,1837.6,0,18,29.59,1,0.169,0,0
7.51,6,863.9,0,15,67.95,0,0.787,0,0
58.14,7,1854.3,0,1,123.94,0,0.244,0,0
171.35,3,291.2,0,14,5.61,0,0.452,0,0
11.94,4,97.4,1,17,65.02,0,0.16,1,0
76.32,1,763.7,0,13,4.81,0,0.636,0,0
9.31,7,399.7,0,2,25.76,0,0.303,0,0
27.41,3,933.5,0,11,1.66,1,0.038,0,0
130.53,9,196.4,0,16,17.51,0,0.229,0,0
72.83,3,74.4,0,21,4.69,0,0.395,1,0
130.51,2,520.9,0,6,13.33,0,0.441,0,0
51.65,3,46.0,0,22,66.87,1,0.0,0,0
170.54,4,386.7,0,3,44.78,1,0.457,1,1
77.98,3,1069.1,0,8,53.67,0,0.0,0,0
27.33,1,147.9,0,18,80.0,0,0.39,1,0
109.57,3,589.4,0,17,68.92,1,0.208,0,0
126.74,5,701.6,0,6,43.43,0,0.252,0,0
83.87,8,64.5,0,5,50.27,1,0.187,0,0
45.35,0,364.6,0,13,43.82,1,0.198,0,0
130.23,2,587.5,0,19,33.7,1,0.471,1,0
111.48,5,856.7,1,12,27.3,0,0.304,0,0
63.39,2,977.1,0,4,30.2,0,0.237,1,0
51.25,5,1281.0,0,5,29.8,0,0.278,1,0
161.6,4,1914.2,0,8,11.61,0,0.381,0,0
130.94,2,473.6,1,23,22.35,0,0.219,0,0
82.93,3,272.2,0,0,67.92,1,0.023,0,0
64.41,5,361.9,1,8,122.94,0,0.323,0,0
9.32,8,847.1,0,10,68.77,1,0.467,0,0
144.97,5,446.8,1,18,44.36,0,0.072,0,0
62.43,6,198.5,0,2,19.28,0,0.0,1,0
27.87,5,122.5,0,15,30.35,0,0.0,1,0
107.5,5,100.1,0,11,29.31,0,0.178,0,0
42.61,6,661.5,0,12,29.69,1,0.639,0,0
73.33,3,272.0,0,4,7.79,0,0.316,0,0
61.82,3,14.9,0,0,67.29,0,0.67,0,1
165.33,2,84.9,0,5,36.99,0,0.124,0,0
119.17,2,1618.3,0,21,23.83,0,0.318,0,0
88.8,3,240.4,0,19,56.33,0,0.0,0,0
281.44,2,79.9,0,11,287.25,3,0.43,1,1
166.34,1,131.2,1,7,91.73,1,0.827,0,1
27.82,2,482.4,0,16,7.81,0,0.0,1,0
2.67,4,1186.1,0,11,5.32,0,0.124,0,0
106.54,8,192.1,0,8,38.53,0,0.427,0,0
13.35,4,478.4,0,3,43.6,0,0.197,1,0
53.59,4,496.6,0,21,15.28,0,0.128,1,0
136.45,1,322.1,1,15,14.02,1,0.361,1,0
112.59,5,201.4,0,9,54.05,0,0.213,0,0
57.65,2,335.3,0,15,5.0,0,0.273,1,0
176.88,9,518.6,1,14,,0,0.598,0,0
535.61,2,442.5,0,12,79.4,0,0.548,1,1
92.16,4,2016.9,0,10,2.47,0,0.209,0,0
181.85,6,1305.6,0,14,26.4,0,0.314,1,0
113.7,4,619.6,0,15,34.7,0,0.16,1,0
130.97,5,422.0,0,1,24.07,0,0.237,1,0
132.98,4,402.6,0,8,34.09,0,0.364,1,0
209.99,2,154.5,1,17,66.53,0,0.55,0,0
79.13,3,28.0,0,23,30.54,0,0.267,0,0
54.33,1,124.2,0,12,39.94,1,0.623,0,0
29.43,7,106.6,0,7,40.02,0,0.65,1,0
73.46,1,344.7,0,7,7.19,0,0.279,1,0
16.78,3,38.5,0,8,100.96,0,0.055,0,0
132.34,4,239.8,0,23,78.37,0,0.116,1,0
117.2,1,1115.9,0,5,28.47,0,0.081,0,0
140.88,1,691.2,0,6,47.15,0,0.508,0,0
131.25,4,438.9,0,5,5.3,0,0.143,0,0
130.45,4,958.1,0,18,4.26,0,0.455,0,0
133.11,6,1271.7,1,8,24.14,0,0.39,0,0
256.42,4,1332.8,0,15,50.73,0,0.132,0,0
108.62,4,374.1,0,4,17.92,0,0.371,1,0
0.05,4,431.4,0,22,53.86,1,0.383,0,0
162.15,4,280.9,0,10,6.35,1,0.135,0,0
91.63,2,20.8,0,5,22.84,1,0.094,0,0
270.49,3,93.8,0,6,183.08,2,0.479,1,1
42.67,1,93.1,1,9,5.45,0,0.158,1,0
86.73,2,1568.8,0,19,9.56,0,0.385,0,0
118.92,2,614.9,0,21,33.17,0,0.0,0,0
161.4,4,322.7,0,18,220.61,1,0.618,1,1
149.21,2,60.7,0,3,17.56,1,0.496,0,0
75.45,0,120.6,0,1,6.62,0,0.344,0,0
5.81,3,554.9,1,8,26.58,0,0.355,0,0
24.87,3,482.4,0,21,97.79,0,0.308,0,0
143.49,2,801.3,0,13,29.3,0,0.007,0,0
9.12,5,1452.3,0,5,13.32,0,0.61,0,0
82.23,4,366.2,0,1,2.18,0,0.444,0,0
87.06,9,43.1,1,9,19.72,0,0.232,0,0
210.75,4,146.5,0,4,54.18,0,0.422,0,0
42.34,3,70.2,0,14,44.61,0,0.446,0,0
61.07,5,805.2,0,3,40.92,0,0.0,1,0
203.26,2,339.7,0,19,16.65,0,0.179,1,0
0.16,9,411.0,0,9,61.44,0,0.129,0,0
5.47,1,1907.5,0,3,22.07,0,0.405,1,0
4.33,6,685.1,0,16,38.73,1,0.314,1,0
54.62,1,12.8,0,6,16.55,0,0.475,0,0
73.22,3,278.0,0,20,37.43,0,0.176,0,0
82.77,3,2810.1,0,21,58.36,1,0.167,0,0
78.35,6,1263.5,0,11,63.54,1,0.438,1,0
86.71,5,1033.8,0,5,1.55,0,0.127,0,0
60.15,5,72.8,0,1,24.02,0,0.0,0,0
66.04,4,72.2,0,3,74.06,0,0.582,1,1
164.22,4,613.3,0,5,25.79,0,0.339,1,0
61.66,4,845.4,0,6,34.47,0,0.182,1,0
32.93,4,540.1,1,16,11.97,0,0.405,0,0
117.39,8,765.1,0,23,12.19,0,0.142,0,0
105.31,2,242.5,0,17,42.76,0,0.384,0,0
9.11,4,454.4,0,20,35.37,0,0.366,1,0
83.63,2,203.1,1,22,84.1,1,0.427,0,1
148.81,2,684.6,0,6,30.02,0,0.187,1,0
94.12,3,220.6,0,8,29.73,0,0.083,0,0
47.69,2,141.3,0,0,7.99,0,0.0,0,0
28.24,5,622.6,0,16,12.41,0,0.209,0,0
89.17,3,246.7,0,5,29.47,1,0.164,1,0
27.28,2,126.3,0,20,194.16,3,0.536,1,1
29.1,3,330.5,0,13,1.95,1,0.42,1,0
47.61,1,1942.1,1,9,8.47,0,0.307,0,0
46.55,1,1464.6,0,8,26.19,0,0.428,0,0
111.61,8,1562.2,0,6,28.11,0,0.178,0,0
68.34,1,744.7,0,23,50.02,0,0.0,0,0
56.51,0,1448.4,0,6,0.04,0,0.365,1,0
80.15,6,406.0,0,13,64.78,0,0.316,0,0
32.48,4,955.6,0,8,40.76,0,0.277,0,0
99.89,3,783.4,1,14,37.3,1,0.309,0,0
32.04,4,909.5,0,0,0.9,1,0.117,1,0
18.4,5,613.3,1,1,38.34,2,0.166,0,0
50.17,3,328.9,0,16,37.83,0,0.463,1,0
43.21,6,292.6,0,11,83.04,0,0.223,1,0
100.02,1,1007.2,0,17,56.03,1,0.063,0,0
121.82,8,3221.3,0,7,3.13,0,0.398,1,0
4.67,4,841.5,0,11,40.7,0,0.329,1,0
107.77,2,1660.2,1,11,8.33,0,0.058,1,0
170.16,2,875.2,0,9,62.98,0,0.242,1,0
39.76,3,265.0,0,19,14.27,0,0.44,0,0
18.7,5,879.1,0,17,31.92,0,0.486,0,0
84.93,4,80.6,0,8,3.55,0,0.253,0,0
99.71,2,304.0,0,13,2.85,0,0.273,0,0
34.39,4,739.3,0,1,16.92,0,0.281,1,0
126.3,7,138.7,0,13,147.65,0,0.472,1,0
78.62,6,1467.0,0,10,7.63,0,0.299,1,0
31.89,5,464.2,0,11,33.53,1,0.273,1,0
19.14,4,83.9,0,11,23.01,0,0.03,1,0
61.46,0,177.9,0,5,20.92,1,0.524,0,1
55.2,5,359.5,0,10,44.24,0,0.112,0,0
62.85,3,4.7,0,20,53.12,1,0.088,0,0
9.2,6,290.9,0,8,13.71,0,0.166,1,0
70.59,3,219.0,0,23,43.22,0,0.008,0,0
33.26,4,361.5,0,10,6.17,0,0.236,1,0
135.43,0,1238.3,0,1,41.36,0,0.407,0,0
116.2,4,2294.2,0,12,36.64,0,0.871,1,0
71.48,2,214.5,0,16,14.82,0,0.136,0,0
68.13,4,519.2,0,23,18.29,1,0.209,1,0
365.71,1,175.9,1,23,70.96,0,0.427,1,1
86.72,3,1337.4,0,8,18.22,2,0.361,1,0
43.28,1,229.9,0,7,33.48,2,0.362,0,0
128.37,6,827.6,0,20,51.69,0,0.291,1,0
0.62,2,298.8,0,7,150.78,0,0.403,1,1
61.09,3,450.6,0,1,12.38,0,0.301,0,0
248.39,2,13.2,1,9,292.04,0,0.63,1,1
184.05,2,1949.8,0,21,23.92,0,0.036,0,0
119.98,3,168.9,0,16,51.51,0,0.0,0,0
55.81,3,963.0,0,16,23.72,0,0.223,1,0
67.52,5,703.8,0,20,51.64,1,0.676,1,0
21.54,4,1009.3,1,22,8.23,0,0.329,0,0
21.44,4,17.1,0,23,50.24,0,0.204,1,0
82.25,6,216.7,0,15,32.23,0,0.082,0,0
9.22,4,392.2,0,20,15.64,1,0.246,0,0
14.55,3,3999.0,0,13,59.06,1,0.423,0,0
9.63,5,12.7,0,19,50.45,1,0.027,1,0
120.11,3,901.6,0,3,10.21,1,0.02,0,0
66.51,4,141.2,1,22,4.75,0,0.186,1,0
101.41,5,478.8,0,18,21.12,0,0.0,0,0
156.29,2,1825.6,0,5,39.69,0,0.026,0,0
3.78,2,72.8,0,20,142.8,1,0.491,0,0
88.96,1,553.9,0,20,10.92,1,0.453,1,0
56.81,4,94.7,0,0,59.85,0,0.407,0,0
225.8,2,173.5,0,20,3.54,0,0.0,1,0
118.32,2,32.0,0,14,281.36,0,0.728,1,1
18.09,3,267.9,0,16,54.01,0,0.367,1,0
91.02,10,49.1,0,4,4.9,0,0.457,0,0
105.9,6,1103.8,0,6,6.13,0,0.0,1,0
102.7,1,3901.8,0,2,15.49,0,0.459,0,0
220.38,3,11.2,1,0,12.01,0,0.237,1,0
101.32,0,1046.2,0,5,74.33,0,0.119,1,0
24.33,4,283.7,0,5,,0,0.891,1,0
178.93,2,736.7,0,19,42.2,0,0.148,0,0
17.82,5,3372.2,0,0,57.57,0,0.38,0,0
85.78,2,1893.3,0,19,39.27,0,0.0,1,0
138.98,4,890.3,0,18,15.02,0,0.261,0,0
314.44,3,141.8,0,23,21.7,0,0.601,1,1
75.97,5,2206.9,1,20,1.54,0,0.229,1,0
305.03,1,49.2,1,3,278.78,3,0.259,1,1
68.69,5,528.3,0,9,36.45,0,0.509,0,0
86.33,2,295.7,0,9,4.48,0,0.0,0,0
53.61,2,704.9,0,21,29.15,0,0.14,1,0
109.88,8,633.3,0,8,30.73,0,0.325,0,0
51.4,8,810.7,0,2,26.03,0,0.125,1,0
51.1,1,60.8,0,21,136.28,1,0.863,0,1
109.99,3,688.7,0,13,25.45,1,0.537,0,0
132.05,3,2337.7,0,20,9.36,0,0.234,1,0
113.0,5,495.5,1,11,2.47,0,0.257,0,0
71.44,0,2449.6,0,14,36.83,0,0.477,1,0
175.46,3,31.1,0,1,23.31,0,0.206,0,0
15.75,4,895.9,0,12,44.99,0,0.0,0,0
41.33,4,64.1,0,21,29.84,1,0.277,0,0
99.59,5,105.4,0,12,26.78,0,0.086,0,0
57.25,5,365.5,0,16,2.18,0,0.251,0,0
42.27,5,1043.8,0,22,9.36,0,0.481,0,0
163.71,5,417.9,0,10,6.74,0,0.469,1,0
59.61,1,409.8,0,23,51.07,0,0.0,0,0
239.83,6,214.5,0,20,24.39,0,0.214,1,0
41.43,4,229.0,1,11,92.29,0,0.626,1,1
345.59,2,5.6,0,19,129.8,2,0.808,1,1
122.64,2,1718.1,0,0,39.56,1,0.244,0,0
81.17,2,1853.0,0,20,30.1,0,0.021,1,0
3.91,6,71.1,0,8,45.17,0,0.488,1,0
19.53,2,304.0,0,3,25.84,0,0.008,1,0
18.78,4,376.4,0,16,26.62,0,0.501,0,0
13.56,7,43.6,0,14,55.57,0,0.0,0,0
92.48,2,2222.5,1,15,2.94,0,0.406,0,0
114.37,3,411.2,1,21,88.54,0,0.527,0,0
22.04,3,196.4,0,23,47.55,0,0.101,1,0
13.93,4,448.9,0,22,55.14,0,0.082,1,0
86.2,4,231.1,0,2,7.66,0,0.096,1,0
4.73,3,57.9,0,7,98.56,1,0.298,1,0
60.93,6,547.4,0,0,0.65,0,0.229,0,0
88.87,3,1036.8,0,19,56.27,0,0.0,0,0
182.26,6,41.3,0,4,50.05,0,0.553,1,0
117.08,3,2435.3,0,12,14.65,0,0.414,0,0
74.99,7,758.3,0,0,31.98,0,0.179,0,0
87.28,6,172.9,0,7,25.53,0,0.333,0,0
93.34,6,897.3,0,6,0.23,0,0.572,1,0
119.17,5,2504.6,0,13,39.61,0,0.063,0,0
167.34,2,248.3,0,9,37.07,0,0.356,1,0
150.09,3,1095.1,0,7,0.36,0,0.118,0,0
162.74,2,532.3,0,14,35.07,2,0.5,1,0
35.53,0,179.7,0,7,97.09,0,0.089,0,0
10.71,2,377.5,1,14,3.64,0,0.448,0,0
20.68,4,594.8,0,11,49.6,0,0.293,1,0
137.97,1,629.7,0,11,26.97,0,0.177,1,0
421.6,5,463.8,0,2,142.36,1,0.448,1,1
49.09,2,751.2,0,18,41.0,0,0.633,0,0
111.67,5,73.1,1,15,3.13,0,0.334,0,0
48.75,3,349.5,0,13,49.17,1,0.543,0,0
32.37,4,2804.3,0,17,37.07,0,0.0,0,0
126.84,2,416.9,0,0,16.83,1,0.424,1,0
16.47,1,32.9,1,16,69.8,1,0.18,1,1
21.27,4,555.0,0,4,1.81,0,0.466,0,0
110.03,1,569.7,1,4,1.18,0,0.561,1,0
3.09,3,787.2,0,1,33.53,1,0.0,1,0
180.16,0,179.5,0,5,28.61,0,0.363,0,0
45.67,3,195.1,0,5,99.72,0,0.627,1,0
27.05,3,443.8,0,20,23.66,0,0.435,0,0
28.3,3,371.2,0,21,16.79,0,0.395,1,0
65.59,5,62.1,0,14,110.15,2,0.501,1,0
41.01,6,455.0,0,0,29.98,0,0.347,0,0
130.24,4,2123.9,1,6,13.11,0,0.17,1,0
69.88,3,48.3,0,22,68.13,0,0.443,0,0
108.1,3,446.2,0,20,9.0,0,0.0,0,0
30.41,5,250.7,1,0,27.55,0,0.368,0,0
27.8,5,1311.5,0,5,25.48,1,0.346,1,0
8.68,1,633.5,0,6,34.93,0,0.477,0,0
185.78,4,225.7,0,12,64.19,0,0.317,0,0
95.49,4,866.1,0,5,36.77,0,0.281,0,0
61.49,8,1458.7,0,7,29.45,0,0.456,0,0
71.64,2,117.5,0,0,2.93,1,0.135,1,0
167.47,3,1072.5,0,11,63.43,0,0.456,0,0
135.84,0,2080.4,0,19,14.04,0,0.879,0,0
61.01,9,207.9,0,22,17.97,0,0.187,0,0
59.33,4,327.4,0,7,10.41,1,0.259,1,0
23.34,7,163.2,0,14,29.8,1,0.17,0,0
173.86,1,2259.1,0,12,11.95,0,0.531,0,0
17.9,3,632.3,0,17,5.82,0,0.251,1,0
164.6,2,697.6,0,11,8.15,0,0.0,1,0
54.69,3,160.2,0,11,16.89,2,0.096,1,0
191.77,1,32.2,1,20,156.87,1,0.722,0,1
167.18,2,310.0,0,13,39.61,1,0.0,0,0
49.3,4,874.9,0,17,18.05,0,0.0,0,0
139.84,2,38.3,0,6,1.32,0,0.722,1,0
145.52,6,313.9,0,5,57.07,0,0.271,0,0
63.65,3,741.7,0,13,0.36,1,0.382,1,0
66.88,6,735.3,0,8,,0,0.0,0,0
49.05,3,654.4,0,5,2.03,0,0.146,0,0
34.28,4,391.1,1,22,43.73,0,0.311,0,0
50.72,0,528.9,0,19,30.72,0,0.516,0,0
47.05,1,61.6,0,5,20.32,0,0.294,0,0
44.95,3,66.0,0,14,27.98,1,0.543,0,0
36.84,2,542.3,0,22,1.83,0,0.494,0,0
125.17,3,133.3,0,0,9.68,0,0.443,0,0
38.12,5,181.7,0,15,38.14,1,0.099,0,0
147.86,2,197.0,0,23,32.36,0,0.518,0,0
95.32,5,725.5,0,10,15.46,0,0.683,0,0
98.54,2,1137.5,0,20,0.64,0,0.315,1,0
13.0,4,992.8,0,13,22.67,0,0.122,0,0
55.63,4,36.0,0,2,46.51,1,0.277,0,0
71.32,9,313.6,0,10,11.53,0,0.652,0,0
52.85,5,2068.2,1,15,35.87,1,0.375,1,0
136.55,3,651.9,1,11,10.42,0,0.522,0,0
35.86,3,2024.6,0,5,13.05,0,0.078,1,0
7.66,4,477.3,0,4,20.47,2,0.048,0,0
66.91,4,340.0,1,4,33.78,0,0.264,1,0
57.39,1,662.8,0,21,20.95,1,0.309,0,0
55.74,2,784.2,0,4,57.8,0,0.109,0,0
36.59,3,277.6,0,6,6.41,1,0.507,0,0
176.65,6,445.0,0,12,20.97,0,0.0,1,0
20.8,2,329.0,0,1,21.34,0,0.248,1,0
92.18,1,167.4,0,6,55.74,0,0.0,0,0
68.54,2,551.4,0,9,4.35,1,0.0,0,0
54.96,6,79.5,0,8,25.29,0,0.145,1,0
130.37,5,208.5,1,20,79.12,0,0.4,0,0
14.59,4,45.8,0,9,0.38,0,0.618,0,0
51.84,6,5.9,0,18,41.29,1,0.0,0,0
132.72,1,580.0,0,4,3.55,2,0.52,0,0
200.57,5,105.4,0,17,37.05,0,0.209,0,0
50.08,4,671.8,0,22,67.71,0,0.487,1,0
43.99,1,3107.3,0,4,9.45,1,0.337,0,0
63.09,5,367.1,0,16,32.24,0,0.427,0,0
107.61,0,213.0,0,19,79.22,0,0.251,1,0
15.46,4,1883.9,0,18,27.86,0,0.0,0,0
67.44,5,897.6,0,19,18.01,1,0.234,1,0
121.39,6,892.3,0,13,65.63,1,0.125,0,0
36.25,4,832.7,0,13,70.74,0,0.154,0,0
88.65,3,1117.8,0,7,22.41,0,0.211,1,0
88.26,1,317.8,0,20,10.19,2,0.322,1,0
102.74,1,908.2,0,3,52.2,0,0.293,0,0
20.14,3,237.5,0,17,13.09,0,0.252,0,0
126.48,3,959.8,0,18,14.49,0,0.301,1,0
16.85,3,743.0,0,1,1.17,0,0.323,1,0
68.38,3,131.2,1,10,21.55,0,0.14,1,0
113.48,5,1209.7,0,16,44.29,0,0.213,1,0
156.61,5,1045.5,0,23,11.45,0,0.28,0,0
35.43,0,303.8,0,15,222.54,0,0.245,0,1
137.31,3,45.6,0,10,0.09,0,0.361,1,0
80.08,5,43.1,0,17,19.29,0,0.042,0,0
29.99,1,610.4,1,11,23.53,0,0.222,1,0
103.07,2,121.6,0,6,5.42,0,0.239,1,0
5.22,4,155.2,0,18,7.79,0,0.0,1,0
16.82,6,79.2,0,19,32.95,0,0.413,1,0
132.78,2,3.6,1,5,31.28,0,0.184,0,0
61.82,7,165.7,0,18,28.02,1,0.018,0,0
97.18,3,634.8,0,0,0.3,1,0.257,1,0
35.82,5,179.4,0,8,79.14,0,0.253,0,0
23.72,0,518.2,0,6,197.25,1,0.382,1,1
133.63,7,513.2,0,17,38.65,0,0.452,1,0
102.08,7,62.7,0,13,11.47,0,0.243,1,0
63.94,3,2723.6,0,22,61.92,0,0.108,0,0
49.35,3,301.4,0,13,35.83,1,0.104,1,0
1.94,2,223.9,0,10,1.99,0,0.345,0,0
83.17,5,4637.1,0,13,33.12,0,0.403,1,0
109.91,4,326.7,0,18,24.28,1,0.046,1,0
133.2,9,106.5,0,18,27.88,0,0.0,1,0
103.0,2,401.3,1,3,13.79,0,0.397,1,0
43.69,4,500.4,0,13,56.84,1,0.519,0,0
96.86,5,1065.0,0,12,5.91,1,0.213,0,0
96.17,2,781.9,1,18,97.51,1,0.69,1,1
189.92,8,1075.4,1,18,3.79,0,0.142,1,0
176.89,3,104.9,0,14,12.76,1,0.246,0,0
146.39,2,464.0,0,10,48.22,0,0.449,0,0
81.32,6,5183.5,0,9,35.23,0,0.457,0,0
51.05,3,244.6,0,22,30.4,0,0.177,1,0
93.6,5,663.0,0,4,24.14,1,0.24,0,0
24.97,6,261.1,0,1,49.26,0,0.0,0,0
98.82,5,650.4,0,4,17.37,0,0.323,0,0
98.6,3,56.1,1,10,58.88,0,0.0,0,0
45.7,4,87.4,0,17,26.73,0,0.285,0,0
90.64,4,4954.6,0,14,2.39,0,0.358,0,0
98.96,2,60.5,0,9,92.59,0,0.409,0,0
47.99,5,605.0,0,7,26.75,0,0.179,0,0
140.93,5,1161.1,0,10,8.0,0,0.113,1,0
17.2,2,668.4,0,23,30.91,0,0.337,0,0
213.48,3,945.1,0,1,7.17,0,0.0,0,0
178.62,1,4.9,1,3,203.5,1,0.495,1,1
104.35,4,490.7,0,23,13.41,2,0.6,0,0
175.79,3,571.9,0,6,68.71,0,0.0,1,0
48.4,3,668.1,0,9,49.5,0,0.43,0,0
81.4,2,2195.8,1,20,53.09,1,0.466,1,0
25.03,1,936.0,0,15,7.67,0,0.189,1,0
445.3,2,231.5,0,16,259.3,1,0.913,1,1
28.54,3,696.0,0,1,8.88,0,0.213,0,0
127.91,6,20.6,0,7,17.64,3,0.182,0,0
118.24,4,22.5,0,9,20.19,0,0.369,0,0
47.72,4,524.7,0,13,30.76,0,0.31,0,0
54.14,3,791.3,0,4,37.15,2,0.529,1,0
126.91,4,419.6,0,14,24.24,0,0.03,0,0
141.02,1,234.9,1,10,1.67,0,0.46,0,1
30.2,3,486.0,0,6,2.5,0,0.073,0,0
10.55,3,823.8,1,1,13.3,1,0.278,0,0
11.99,4,283.9,0,13,17.91,0,0.731,1,0
180.63,3,889.9,0,16,45.71,0,0.513,0,0
20.66,4,998.3,0,22,59.19,0,0.27,1,0
144.95,2,578.0,0,3,36.12,0,0.198,0,0
357.39,3,149.7,0,13,63.13,0,0.574,1,1
131.47,1,202.8,1,1,54.74,0,0.0,0,0
73.35,3,379.5,0,6,,0,0.326,1,0
68.47,3,118.3,0,18,69.53,0,0.338,1,0
183.45,3,108.5,0,5,164.15,2,0.794,1,1
50.85,3,238.0,0,4,52.46,0,0.284,0,0
163.71,1,728.4,0,23,50.22,0,0.505,0,0
142.31,7,292.7,0,3,1.46,1,0.369,0,0
172.37,3,66.6,0,18,45.33,1,0.152,0,0
54.24,3,78.4,0,2,58.45,1,0.322,0,0
130.06,3,1584.3,1,23,34.6,0,0.0,0,0
108.76,2,616.1,0,2,45.47,0,0.202,1,0
190.5,6,50.1,0,4,51.17,1,0.11,1,0
62.33,0,628.6,0,10,80.86,0,0.0,0,0
163.17,3,1194.0,0,17,25.07,0,0.196,1,0
16.76,2,248.7,1,19,185.08,0,0.191,1,1
152.41,4,116.6,0,11,27.46,1,0.479,1,1
35.35,6,410.8,0,16,37.59,0,0.199,0,0
166.31,6,720.3,1,4,46.69,0,0.368,1,0
106.48,3,227.0,0,17,35.07,0,0.069,0,0
56.5,2,554.3,0,0,50.51,0,0.508,0,0
6.99,0,347.5,0,4,30.7,0,0.5,1,0
12.01,4,1194.1,0,0,43.9,0,0.981,0,0
5.44,0,412.9,0,2,105.56,0,0.95,1,1
63.71,4,520.1,0,4,34.6,0,0.24,1,0
25.03,4,156.1,0,0,79.18,0,0.0,1,0
187.74,1,288.3,1,7,9.58,0,0.338,1,0
42.29,3,2120.9,0,9,20.92,1,0.338,1,0
19.05,1,1811.8,0,8,19.53,1,0.294,0,0
125.1,7,192.5,0,0,10.03,0,0.706,1,0
94.7,5,811.6,0,15,33.32,0,0.383,1,0
56.06,2,62.1,1,8,150.99,0,0.345,1,1
70.31,3,581.2,0,10,19.11,0,0.725,0,0
106.5,2,415.4,0,21,82.01,4,0.865,1,1
91.35,3,99.6,0,17,4.29,2,0.397,1,0
125.58,2,2503.8,0,2,8.76,0,0.14,0,0
93.63,5,1257.0,0,19,47.78,0,0.427,0,0
2.69,7,386.1,0,19,7.49,0,0.333,1,0
140.72,4,582.5,0,8,72.93,1,0.127,0,0
64.31,6,1008.9,0,16,17.08,0,0.372,0,0
383.25,3,50.8,1,17,77.76,0,0.67,0,1
135.15,1,293.8,0,4,85.9,0,0.144,1,0
31.56,1,373.4,0,8,45.65,0,0.711,1,0
65.44,6,471.6,0,12,36.25,0,0.164,0,0
23.96,4,888.0,0,19,27.81,0,0.417,1,0
22.64,4,207.1,0,23,59.58,0,0.0,1,0
129.81,1,216.9,0,11,42.47,1,0.435,0,0
74.98,1,477.9,0,11,64.53,0,0.588,0,0
15.43,2,465.0,0,15,44.12,0,0.001,0,0
155.83,1,2103.5,0,19,91.44,0,0.141,0,0
77.1,3,863.8,0,4,60.34,0,0.192,0,0
220.94,1,764.5,0,0,,0,0.042,1,0
159.99,5,3.2,0,21,1.06,0,0.254,1,0
29.64,5,526.0,0,17,45.49,0,0.354,1,0
119.97,4,391.5,0,11,13.04,0,0.28,0,0
18.33,3,246.8,0,17,52.36,0,0.018,0,0
42.13,2,1405.8,0,17,0.93,0,0.261,0,0
169.69,3,72.3,0,5,185.95,3,0.687,0,1
54.72,3,571.6,0,19,26.0,0,0.198,1,0
85.62,4,440.0,1,9,73.86,0,0.353,0,0
62.37,4,1273.1,0,6,30.71,0,0.477,1,0
108.71,2,1090.9,1,14,41.26,0,0.82,1,0
107.25,2,1311.0,0,23,30.03,0,0.195,0,0
93.9,2,583.0,1,10,14.0,0,0.236,0,0
10.4,0,8.9,0,16,14.98,1,0.0,0,0
17.59,1,1902.9,0,17,48.33,1,0.233,0,0
24.45,3,697.2,1,0,51.9,0,0.533,1,0
163.97,2,875.7,0,17,28.55,0,0.343,0,0
36.2,3,704.2,0,8,67.43,0,0.353,0,0
72.45,1,108.0,0,4,18.09,0,0.053,1,0
8.99,6,273.3,0,7,102.13,1,0.132,0,0
178.41,4,1358.0,0,18,47.11,0,0.322,0,0
109.11,0,562.6,1,2,8.54,1,0.097,1,0
114.05,7,1935.9,0,12,53.69,1,0.0,0,0
158.67,4,1598.9,0,22,8.68,0,0.118,1,0
101.34,4,3096.7,0,12,,0,0.0,0,0
21.63,3,221.4,0,20,8.38,0,0.361,0,0
130.48,9,1303.8,0,0,20.36,0,0.261,0,0
27.81,4,210.9,0,22,6.89,1,0.0,0,0
89.88,3,508.2,0,4,21.25,0,0.351,0,0
63.96,5,636.2,0,21,29.99,0,0.138,1,0
100.21,7,93.2,0,17,56.45,0,0.115,0,0
226.19,1,1340.1,0,9,1.45,0,0.412,0,0
58.84,8,84.5,0,4,58.89,0,0.246,0,0
57.52,4,311.1,0,9,83.89,1,0.755,1,1
82.63,4,817.4,0,19,38.98,0,0.228,0,0
47.32,2,93.3,0,10,55.21,0,0.0,1,0
88.57,5,832.1,1,15,9.88,0,0.066,0,0
5.85,2,1862.2,0,16,14.94,0,0.234,1,0
65.78,4,282.9,0,7,11.72,0,0.334,1,0
247.22,3,431.1,1,10,70.59,1,0.384,1,1
182.26,3,505.0,0,21,22.74,1,0.0,1,0
41.88,3,1211.1,0,8,31.96,0,0.0,0,0
172.24,2,174.5,0,0,70.83,0,0.324,0,0
96.07,5,153.1,0,10,0.53,0,0.459,1,0
36.64,2,2476.8,0,1,24.79,0,0.361,1,0
53.4,4,680.0,0,18,8.29,3,0.125,1,0
55.84,3,73.2,0,1,54.61,0,0.353,1,0
57.61,3,56.0,1,8,9.76,0,0.41,0,0
119.96,3,100.2,0,16,26.54,0,0.284,0,0
20.71,4,455.3,0,8,47.38,0,0.292,0,0
138.18,0,436.1,0,12,22.83,0,0.227,0,0
79.88,2,130.8,0,5,58.66,0,0.107,0,0
6.76,4,844.4,0,1,22.0,0,0.054,1,0
15.73,4,173.3,0,1,28.57,0,0.238,0,0
159.54,1,1168.5,0,23,14.03,0,0.525,1,0
117.02,7,214.7,1,16,12.55,0,0.483,1,0
101.26,3,29.2,0,14,51.5,0,0.143,1,0
106.66,3,447.4,0,11,33.39,1,0.086,1,0
40.34,2,962.4,0,19,29.85,0,0.046,0,0
582.02,2,246.1,0,11,241.1,0,0.735,0,1
255.16,3,206.3,0,19,39.13,0,1.0,1,1
139.01,2,375.2,0,8,9.43,0,0.316,1,0
6.7,10,136.0,0,10,31.14,1,0.385,1,0
143.42,0,195.3,0,7,115.84,4,0.524,1,1
145.52,6,1300.3,0,17,11.64,0,0.408,0,0
247.31,2,304.8,0,14,,2,0.118,0,0
53.53,3,1983.6,0,11,5.38,1,0.153,0,0
111.2,2,555.4,0,23,66.74,0,0.534,0,0
36.17,6,153.7,0,16,4.94,0,0.485,0,0
117.07,3,4748.2,0,13,16.43,0,0.259,0,0
444.51,3,44.9,1,2,156.62,0,0.481,0,1
139.78,3,324.7,0,6,24.87,1,0.337,0,0
86.04,5,188.3,0,4,37.86,1,0.534,1,0
120.76,4,113.9,0,16,39.44,0,0.365,1,0
135.03,2,1376.3,0,12,5.01,0,0.648,0,0
149.94,2,540.6,0,14,62.5,0,0.23,0,0
136.73,5,962.5,0,14,51.32,0,0.375,0,0
163.04,3,23.2,1,4,20.95,0,0.157,0,0
76.39,6,117.3,0,3,18.19,0,0.0,1,0
62.12,2,728.6,0,22,45.89,1,0.391,0,0
139.7,1,212.0,0,5,44.92,0,0.0,1,0
62.77,11,865.5,0,8,33.98,2,0.0,0,0
36.88,7,4.2,0,13,3.25,0,0.426,0,0
163.55,4,928.7,0,2,59.33,0,0.336,0,0
17.71,5,32.9,0,1,8.37,0,0.212,0,0
354.88,1,227.5,1,4,103.73,1,0.378,1,1
98.02,4,1229.0,1,9,,1,0.295,0,0
104.77,7,802.5,0,10,9.16,0,0.157,1,0
132.8,2,924.7,1,1,35.99,0,0.462,1,0
84.05,6,66.7,0,0,8.86,0,0.153,0,0
45.33,4,914.7,0,4,4.85,0,0.359,1,0
116.44,2,248.9,0,7,10.55,0,0.274,0,0
109.76,1,805.8,0,3,9.37,0,0.325,1,0
85.92,2,715.4,0,21,43.81,0,0.0,0,0
64.27,2,792.4,0,20,32.46,0,0.806,0,0
26.49,4,952.4,0,15,36.31,0,0.044,1,0
2.29,4,64.0,0,2,26.93,0,0.127,0,0
132.55,6,113.6,0,14,30.14,1,0.0,1,0
102.51,6,380.4,0,2,15.46,0,0.294,0,0
22.71,7,258.3,0,8,10.29,0,0.464,0,0
65.54,2,3242.6,1,2,7.64,0,0.232,0,0
78.01,7,2221.7,0,10,5.8,0,0.388,1,0
106.08,5,1718.4,0,6,56.14,1,0.081,1,0
110.04,2,310.2,0,21,18.81,0,0.242,0,0
56.31,4,238.0,0,4,34.73,1,0.193,1,0
55.2,8,539.4,0,3,10.92,0,0.13,0,0
169.61,5,252.0,0,1,48.05,2,0.0,0,0
180.42,7,1750.1,0,11,53.1,1,0.401,0,0
53.85,1,2.0,0,16,26.32,0,0.067,1,0
59.67,1,229.9,1,8,14.8,1,0.156,1,0
9.43,4,51.7,0,21,35.5,0,0.262,1,0
4.45,7,335.0,0,23,32.53,0,0.124,0,0
84.72,3,491.1,0,23,85.98,0,0.42,1,0
54.04,4,517.0,0,12,17.88,0,0.415,1,0
80.68,6,477.6,0,13,23.57,0,0.137,0,0
188.24,3,248.9,0,8,47.44,0,0.678,0,0
67.95,2,261.3,0,0,2.27,1,0.25,0,0
148.62,4,170.2,0,8,44.83,1,0.267,0,0
158.69,3,358.3,0,19,50.4,0,0.049,0,0
42.57,5,169.5,0,0,33.67,0,0.542,0,0
78.44,4,451.3,0,1,37.64,0,0.14,0,0
26.61,0,16.4,0,5,66.1,0,0.508,0,0
128.32,2,1084.0,0,5,25.81,0,0.413,1,0
6.59,5,1888.0,0,23,10.01,1,0.377,1,0
90.2,5,102.1,0,19,64.28,0,0.305,1,0
7.42,5,678.8,0,0,78.73,1,0.19,1,0
124.34,5,24.5,0,3,88.43,0,0.435,1,0
69.85,5,117.5,0,0,0.78,0,0.391,1,0
7.2,5,1427.9,0,20,3.16,0,0.49,0,0
151.2,3,1062.1,0,20,52.46,0,0.598,0,0
17.87,4,300.4,0,19,26.88,0,0.404,1,0
51.82,2,776.7,0,12,29.96,0,0.155,1,0
53.55,4,8.7,0,4,55.88,0,0.288,1,0
43.98,4,62.0,0,13,16.25,0,0.391,0,0
104.26,4,406.0,0,8,,0,0.549,0,0
82.42,8,813.0,0,12,23.09,0,0.176,0,0
88.64,0,129.8,0,6,21.03,0,0.0,0,0
141.82,3,479.3,0,17,8.07,0,0.452,0,0
117.26,2,85.9,0,5,30.07,0,0.467,0,0
71.07,5,636.3,0,2,95.68,0,0.192,1,0
55.1,2,56.4,0,12,39.63,0,0.269,0,0
45.14,5,2628.7,0,3,18.64,1,0.477,1,0
23.24,3,538.5,1,15,35.66,1,0.0,0,0
254.42,0,55.5,0,1,24.14,2,0.514,1,1
85.69,6,386.0,0,10,21.83,0,0.391,0,0
105.89,4,1493.2,1,22,47.18,0,0.456,0,0
49.52,4,414.0,0,13,42.73,1,0.526,0,0
99.07,2,3628.3,0,6,114.43,0,0.174,1,0
95.05,1,1678.4,0,17,3.07,0,0.0,1,0
342.07,3,517.0,0,10,190.11,1,0.551,0,1
197.41,4,610.7,0,0,17.91,1,0.575,0,0
103.18,6,341.7,0,10,28.25,0,0.47,0,0
177.6,4,61.4,0,9,3.9,0,0.158,1,0
139.53,4,493.6,0,0,85.35,0,0.607,0,0
44.99,3,1940.9,0,11,61.54,0,0.265,0,0
170.71,3,640.1,1,17,15.38,1,0.244,0,0
25.12,1,934.7,0,13,116.47,0,0.662,0,0
59.17,1,99.6,0,22,16.21,0,0.34,1,0
33.64,3,592.7,0,5,16.15,0,0.401,0,0
67.44,1,1530.8,0,2,25.4,0,0.373,0,0
30.89,4,908.2,0,20,14.72,1,0.0,0,0
98.46,6,269.4,0,10,33.53,1,0.662,0,0
28.86,2,149.1,0,1,25.85,0,0.303,0,0
107.68,3,269.8,0,0,145.56,1,0.204,1,1
102.42,6,431.0,0,2,5.83,0,0.363,0,0
59.53,5,87.7,0,21,43.53,0,0.037,0,0
5.56,1,1300.7,0,12,14.01,2,0.371,0,0
81.15,6,60.8,1,12,47.05,0,0.28,1,0
43.13,1,1543.9,0,11,8.5,0,0.465,1,0
37.43,2,7.8,0,7,30.44,2,0.232,0,0
7.4,1,847.2,0,5,8.76,1,0.0,1,1
34.44,7,382.7,0,23,30.75,0,0.677,0,0
4.79,3,511.0,0,3,58.39,0,0.345,0,0
78.18,4,389.0,0,5,4.99,0,0.516,1,0
51.41,2,374.5,0,3,52.78,0,0.0,0,0
115.49,4,421.6,0,22,7.12,0,0.752,1,0
50.95,3,1171.7,0,22,115.14,0,0.204,0,0
73.95,4,1317.2,0,13,31.21,0,0.608,1,0
122.02,4,763.3,1,13,27.42,2,0.238,0,0
141.83,4,174.8,0,18,46.0,0,0.046,1,0
69.18,4,422.6,0,21,,0,0.323,0,0
191.72,3,207.8,0,3,71.15,1,0.367,1,1
220.18,3,158.2,0,0,36.26,0,0.419,0,0
27.31,2,143.9,0,22,38.9,0,0.476,1,0
100.02,2,698.7,0,8,4.41,2,0.427,1,0
62.77,1,3415.8,0,5,49.0,1,0.006,0,0
221.55,4,136.5,0,9,144.35,1,0.516,1,1
116.75,1,512.1,0,13,9.86,0,0.668,0,0
12.14,5,72.0,0,3,49.44,0,0.236,0,0
50.07,2,684.1,0,5,,0,0.135,0,0
96.48,6,935.8,0,19,29.97,0,0.343,1,0
120.87,6,122.5,1,11,,1,0.0,0,0
68.78,2,9.8,0,23,30.64,0,0.279,1,0
77.91,6,166.9,1,1,51.16,0,0.128,1,0
8.23,4,177.2,0,14,34.25,1,0.156,1,0
30.96,4,1975.8,0,4,25.46,0,0.586,0,0
36.18,4,290.1,0,16,,0,0.33,0,0
19.23,2,941.5,0,3,311.73,0,0.594,0,1
199.45,1,140.8,1,17,199.59,1,0.483,1,1
36.02,4,618.2,1,0,9.67,0,0.465,1,0
36.47,3,2005.9,0,20,38.67,0,0.704,1,0
40.62,3,74.7,0,10,39.56,0,0.422,0,0
30.65,2,423.0,0,11,,0,0.474,0,0
137.88,4,549.1,0,17,48.11,0,0.4,0,0
34.16,2,1000.0,1,2,14.49,0,0.459,0,0
156.47,3,457.3,0,0,2.85,0,0.201,1,0
83.69,4,394.4,0,12,76.71,0,0.205,0,0
40.51,4,2276.6,0,11,30.22,0,0.458,0,0
58.27,7,1512.3,0,6,43.64,0,0.212,0,0
147.44,1,2210.4,0,4,15.52,0,0.154,0,0
85.41,1,228.3,0,12,64.34,0,0.244,1,0
58.89,2,2451.2,1,17,13.95,0,0.35,0,0
78.74,0,77.0,1,14,42.43,0,0.659,0,1
141.2,3,207.5,0,9,22.85,0,0.282,1,0
145.85,3,204.5,0,13,76.81,0,0.417,0,0
24.35,6,746.7,0,8,4.67,0,0.013,0,0
7.95,0,191.7,0,5,18.49,0,0.431,0,0
76.08,3,515.6,0,6,19.4,1,0.425,0,0
125.23,4,212.4,0,7,51.35,0,0.305,1,0
66.8,5,152.0,0,19,121.06,0,0.195,0,0
79.19,3,33.6,0,0,39.23,0,0.235,0,0
65.04,4,567.5,0,2,4.33,0,0.531,0,0
118.14,5,644.1,0,23,33.58,0,0.333,0,0
82.96,2,285.3,0,8,25.96,0,0.457,0,0
30.63,5,640.2,0,9,49.76,0,0.373,0,0
9.86,2,28.9,0,8,27.05,0,0.163,1,0
74.94,5,120.0,0,19,12.69,1,0.286,0,0
71.75,8,1419.5,0,8,68.28,0,0.48,0,0
11.53,4,1107.9,1,6,81.14,0,0.0,1,0
69.15,5,75.8,1,3,14.06,0,0.27,1,0
70.52,3,64.3,0,16,35.16,0,0.597,0,0
205.71,3,317.5,0,4,20.48,0,0.657,0,0
27.78,0,722.9,1,21,11.26,1,0.0,0,0
130.01,5,421.4,0,5,30.26,0,0.307,1,0
131.05,3,932.2,0,8,8.2,0,0.314,0,0
112.41,6,95.5,0,11,21.56,0,0.488,1,0
60.84,5,1543.0,0,8,49.73,0,0.09,1,0
111.51,3,87.4,0,20,20.96,2,0.754,1,1
79.84,3,1866.3,0,1,9.86,1,0.09,1,0
76.16,4,428.3,0,15,56.63,0,0.318,0,0
119.79,1,83.8,0,23,26.68,1,0.238,0,0
159.82,4,1936.8,0,1,24.59,2,0.251,0,0
50.71,2,405.3,0,4,21.23,0,0.359,0,0
124.81,4,787.3,0,9,13.31,0,0.0,0,0
27.39,0,1144.0,0,16,82.03,0,0.724,0,0
53.49,1,116.5,1,23,72.4,0,1.0,0,1
201.53,2,933.5,0,7,34.42,0,0.201,0,0
73.81,2,253.4,0,0,32.71,0,0.333,1,0
183.7,2,76.4,0,6,43.21,0,0.067,1,0
98.23,4,33.8,0,4,13.77,0,0.309,0,0
3.56,6,1211.9,0,8,21.66,0,0.741,0,0
438.18,2,251.3,1,3,134.58,1,0.594,0,1
99.78,1,6.1,0,10,17.71,0,0.147,1,0
75.28,5,1953.1,0,22,3.2,1,0.431,1,0
49.45,6,450.9,0,7,10.19,0,0.637,1,0
47.45,3,980.3,0,17,1.45,0,0.306,0,0
70.19,2,431.8,0,22,63.99,0,0.432,0,0
25.54,1,365.0,0,22,1.06,0,0.198,1,0
174.66,3,156.6,1,0,15.69,0,0.137,0,0
111.11,3,195.6,0,18,74.04,0,0.542,0,0
34.31,4,616.8,0,12,53.83,0,0.605,0,0
76.23,4,605.4,0,17,7.46,0,0.515,0,0
77.94,5,244.6,0,2,29.89,0,0.087,0,0
132.61,3,1633.2,1,18,14.31,0,0.0,0,0
123.96,3,137.8,0,15,33.34,0,0.364,0,0
33.33,2,189.2,0,16,14.01,0,0.114,0,0
60.3,1,23.3,0,22,80.28,1,0.356,0,0
0.71,5,293.2,0,19,55.65,0,0.02,0,0
7.83,4,370.9,0,14,67.27,0,0.315,1,0
36.53,2,508.3,0,11,55.18,0,0.538,0,0
90.06,2,131.0,0,2,331.6,0,0.616,1,1
0.39,3,1551.6,0,8,23.59,0,0.442,0,0
240.35,3,797.0,0,5,3.45,0,0.542,1,0
48.89,7,253.0,0,2,51.98,0,0.0,0,0
17.04,4,548.7,1,20,57.68,0,0.0,1,0
45.97,4,2.4,0,2,31.69,0,0.373,0,0
74.62,3,730.5,0,21,45.03,0,0.435,1,0
50.01,3,1.5,0,18,73.8,0,0.439,1,0
30.68,5,173.2,0,2,49.23,0,0.134,1,0
125.78,4,423.3,0,12,73.66,0,0.513,0,0
88.32,2,508.4,0,20,33.91,0,0.402,1,0
50.25,1,184.3,0,21,47.85,2,0.524,0,1
50.68,6,91.7,0,9,15.18,0,0.11,0,0
85.39,1,1105.4,0,16,3.96,0,0.014,0,0
66.39,2,183.5,1,10,12.55,0,0.218,0,0
95.22,5,782.5,1,16,,0,0.348,1,0
94.7,4,193.6,0,11,48.58,0,0.472,1,0
17.92,3,393.0,0,10,6.1,0,0.348,0,0
14.13,3,592.1,1,7,23.5,0,0.293,1,0
138.96,4,261.5,0,8,49.74,0,0.359,0,0
84.62,3,1097.4,1,0,50.08,1,0.31,0,0
45.96,1,321.9,0,13,70.56,0,0.0,0,0
157.58,5,1.3,0,13,107.83,0,0.744,1,1
106.95,1,15.3,0,2,76.51,1,0.283,0,0
75.82,1,67.5,0,5,146.0,0,0.372,0,1
284.58,2,190.6,0,21,135.97,1,0.565,1,1
21.72,9,1498.4,0,2,5.08,1,0.237,1,0
83.18,4,503.1,0,6,1.01,1,0.376,0,0
185.05,1,1476.7,1,8,15.8,0,0.021,1,0
106.98,3,258.5,0,22,16.92,0,0.041,1,0
67.42,5,283.5,0,18,32.82,0,0.516,0,0
100.83,5,1395.8,0,16,32.95,0,0.359,1,0
22.84,3,1011.7,0,1,,0,0.241,1,0
127.23,4,331.0,0,2,10.41,0,0.321,0,0
81.09,4,1097.4,0,11,9.2,0,0.564,0,0
100.56,3,314.7,0,23,52.82,0,0.073,1,0
113.86,4,1475.7,0,5,24.69,0,0.0,0,0
52.3,3,907.3,1,19,37.26,0,0.099,0,0
18.07,3,676.7,0,18,42.95,0,0.457,0,0
60.72,2,145.1,0,21,20.02,0,0.465,1,0
138.35,4,440.9,0,6,15.75,0,0.202,0,0
59.3,4,2153.3,0,6,,0,0.361,0,0
76.24,4,1741.7,0,21,14.27,0,0.374,0,0
557.03,3,41.7,0,0,163.9,4,0.87,1,1
21.63,6,970.9,0,1,37.36,0,0.332,1,0
55.53,3,1603.1,0,9,39.73,1,0.357,1,0
74.93,1,165.1,0,10,30.54,0,0.309,1,0
76.5,5,31.8,0,19,59.56,0,0.108,0,0
64.2,7,158.7,0,1,7.51,0,0.371,1,0
15.25,2,579.3,0,16,22.01,1,0.468,0,0
53.1,1,2607.6,0,2,59.12,0,0.447,1,0
30.49,3,1107.1,0,23,20.83,0,0.405,0,0
53.39,5,1233.9,0,22,6.46,0,0.056,0,0
45.8,2,62.8,0,7,9.3,0,0.287,0,0
196.11,3,287.6,0,0,180.67,1,0.645,1,1
156.97,2,1190.6,1,10,53.31,0,0.099,0,0
165.12,2,127.3,0,11,27.7,0,0.951,0,0
168.47,6,918.3,0,8,42.39,1,0.545,0,0
63.68,2,35.0,0,18,3.03,0,0.215,1,0
18.66,1,560.8,0,1,32.45,0,0.392,0,0
64.65,1,370.0,0,8,1.8,1,0.207,0,0
125.89,4,1001.3,0,12,65.35,0,0.353,1,0
100.08,1,555.5,0,7,30.69,1,0.395,0,0
34.17,4,146.9,0,5,0.67,0,0.154,0,0
10.53,2,594.4,1,20,17.82,2,0.968,0,1
133.13,7,23.0,0,3,73.76,0,0.338,0,0
119.73,2,69.5,0,16,9.9,0,0.401,0,0
53.48,5,172.7,0,22,47.02,0,0.308,1,0
57.59,4,1587.1,0,13,12.78,0,0.145,1,0
67.46,4,114.4,0,23,66.26,0,0.148,1,0
115.05,4,73.2,0,13,39.78,0,0.292,0,0
39.84,4,10.3,0,17,53.34,0,0.223,0,0
4.83,9,1216.7,0,4,4.54,0,0.702,0,0
43.41,2,182.3,0,22,74.9,1,0.036,0,0
24.35,11,2007.8,0,15,41.89,0,0.136,0,0
142.52,4,1545.1,0,11,62.19,1,0.517,1,0
95.84,3,2269.7,0,10,12.78,2,0.331,0,0
90.0,3,390.3,1,16,18.02,1,0.384,0,0
93.87,2,191.4,0,3,23.47,0,0.43,0,0
61.65,4,157.1,0,20,2.6,0,0.374,1,0
90.2,5,170.7,0,0,36.62,1,0.099,0,0
168.58,5,2362.5,0,7,66.95,1,0.351,1,0
72.94,1,1067.6,1,20,15.21,1,0.187,0,0
99.8,5,199.5,0,7,16.18,0,0.032,0,0
3.2,4,117.8,1,4,36.33,0,0.361,1,0
80.0,3,982.5,0,16,5.56,1,0.183,1,0
88.57,2,1166.1,0,8,10.93,0,0.186,1,0
117.64,3,1167.5,0,2,90.93,0,0.256,1,0
55.37,5,19.6,0,10,61.62,0,0.383,1,0
103.27,4,972.3,0,23,4.4,0,0.341,0,0
137.8,7,1008.0,0,10,53.69,0,0.0,0,0
67.56,5,77.7,0,22,91.86,1,0.403,1,0
144.07,3,355.2,0,17,7.79,0,0.427,0,0
98.23,3,346.2,0,3,9.24,0,0.206,1,0
44.29,3,74.4,0,1,34.99,0,0.438,0,0
13.33,2,2950.6,0,15,2.84,0,0.594,0,0
112.11,4,93.2,0,11,49.41,1,0.213,0,0
142.75,4,253.3,0,2,28.77,0,0.28,1,0
142.76,2,557.2,0,0,20.6,0,0.189,1,0
139.56,4,308.0,0,23,29.19,1,0.364,0,0
162.37,3,1564.7,0,9,16.34,0,0.425,1,0
104.4,6,25.0,0,13,49.11,0,0.479,1,0
50.79,5,1670.4,1,21,17.11,1,0.131,0,0
89.83,3,32.1,0,5,21.65,0,0.254,1,0
70.17,2,334.8,0,19,63.78,1,0.219,0,0
104.85,1,1231.0,0,20,18.72,0,0.479,0,0
33.38,4,1026.9,0,10,14.96,0,0.383,1,0
94.6,9,1110.0,0,14,6.55,0,0.256,0,0
67.17,6,3203.5,0,8,29.4,0,0.233,1,0
52.74,6,283.1,0,2,90.98,0,0.319,0,0
31.01,0,1118.1,0,1,28.48,1,0.496,0,0
84.46,8,737.9,1,14,17.29,1,0.343,0,0
14.7,7,692.1,0,3,42.15,0,0.0,1,0
25.39,4,256.9,0,8,7.8,0,0.454,0,0
96.84,1,298.1,0,5,208.03,2,0.616,0,1
80.73,2,657.2,1,12,17.19,0,0.114,0,0
183.29,3,153.3,0,16,31.63,0,0.257,1,0
18.61,3,867.2,0,2,3.66,0,0.067,1,0
56.16,4,447.8,0,23,22.37,0,0.412,0,0
142.95,4,1072.0,1,5,58.63,0,0.326,0,0
323.38,4,375.8,1,6,103.47,2,0.475,1,1
182.18,2,77.7,0,3,144.61,1,0.434,0,1
114.52,5,405.0,0,23,29.37,0,0.15,0,0
153.19,5,1482.8,0,6,29.06,0,0.052,0,0
46.16,0,204.5,0,2,26.73,0,0.36,1,0
113.39,6,1060.3,0,17,,1,0.0,0,0
81.4,1,2652.2,0,10,8.55,0,0.725,0,0
58.45,3,1454.3,0,1,35.65,0,0.254,1,0
15.65,3,73.8,0,2,23.15,0,0.32,1,0
68.18,1,391.0,0,16,54.62,1,0.111,1,0
109.91,2,1164.2,0,3,10.59,0,0.677,0,0
18.6,6,708.6,0,9,12.43,0,0.663,0,0
170.35,4,132.1,1,8,70.95,0,0.222,1,0
69.91,6,512.3,0,6,22.32,0,0.277,0,0
14.17,0,1256.8,0,20,43.3,0,0.231,0,0
140.09,6,1880.1,0,10,29.93,1,0.265,0,0
39.41,5,919.2,0,7,49.35,1,0.499,1,0
125.75,8,69.0,0,9,48.48,1,0.235,0,0
54.12,6,729.0,0,2,18.39,0,0.424,0,0
141.46,6,556.3,0,23,5.88,0,0.026,1,0
189.83,1,467.8,1,4,333.59,3,0.341,0,1
360.9,1,173.7,0,17,248.85,1,0.598,1,1
44.06,4,212.4,0,17,14.75,0,0.446,0,0
0.44,8,929.1,0,8,25.98,0,0.583,1,0
4.81,4,475.2,0,5,61.07,0,0.022,1,0
33.05,5,278.0,0,16,7.65,1,0.495,0,0
40.59,5,361.2,0,9,70.99,0,0.0,0,0
14.1,1,853.0,0,16,32.27,0,0.216,0,0
105.14,2,789.4,1,6,19.79,0,0.129,0,0
82.46,1,1086.0,0,5,30.02,1,0.325,0,0
57.53,8,845.6,0,17,16.45,0,0.0,0,0
175.49,4,847.0,0,17,73.15,0,0.046,0,0
97.7,4,364.5,0,4,49.37,0,0.081,1,0
152.56,7,283.4,0,7,61.52,0,0.387,0,0
12.9,6,228.0,1,10,22.47,0,0.362,1,0
16.96,5,1249.6,0,6,36.62,0,0.236,0,0
20.25,5,2521.1,0,21,32.81,1,0.134,0,0
69.14,1,1223.4,0,15,33.04,0,0.335,0,0
83.72,3,462.1,0,22,18.49,0,0.261,1,0
120.21,3,228.3,0,19,28.19,0,0.065,1,0
335.13,0,80.2,1,21,223.82,1,0.666,0,1
20.28,4,1283.1,0,23,5.73,0,0.201,1,0
174.06,4,385.1,0,21,40.03,0,0.0,0,0
78.03,5,494.1,0,16,86.5,0,0.332,1,0
0.45,0,300.4,0,12,58.96,0,0.301,0,0
389.21,1,218.0,1,11,369.73,2,0.27,0,1
9.72,2,190.3,1,22,35.54,0,0.199,1,0
85.19,2,207.4,1,7,62.05,0,0.377,1,0
8.33,5,630.5,0,6,58.95,0,0.33,0,0
38.86,7,567.0,1,15,58.53,0,0.467,1,0
73.88,0,1316.4,1,10,9.96,0,0.253,1,0
134.43,5,3785.6,0,4,25.91,0,0.439,0,0
44.98,4,80.8,0,14,12.0,0,0.347,1,0
164.23,1,1039.7,0,14,66.28,0,0.19,1,0
161.34,3,902.5,0,21,29.44,0,0.172,0,0
58.13,3,236.4,1,3,10.91,0,0.45,0,0
102.0,2,91.6,0,5,26.46,1,0.585,0,0
5.47,0,134.7,0,22,84.61,0,0.1,0,0
38.42,0,543.3,0,8,5.95,0,0.259,1,0
22.59,6,922.2,0,19,27.18,0,0.473,0,0
6.92,2,242.2,0,23,37.8,0,0.0,0,0
86.12,4,8.9,0,16,18.47,0,0.579,1,0
118.76,3,125.4,0,2,51.51,0,0.396,0,0
101.21,3,127.4,0,13,47.89,0,0.347,0,0
160.49,8,561.5,0,19,33.29,0,0.242,1,0
78.28,0,582.2,0,13,58.84,0,0.403,1,0
79.07,6,734.6,1,17,49.64,0,0.194,1,0
2.74,2,1295.9,0,2,10.12,0,0.378,0,0
101.48,3,874.7,1,14,58.11,0,0.341,1,0
497.0,3,74.4,0,5,122.42,0,0.541,1,1
123.12,3,100.1,1,22,56.04,0,0.0,1,0
51.99,7,222.2,0,19,5.86,0,0.123,1,0
307.64,3,96.2,0,7,115.94,1,0.457,0,1
16.29,4,2.9,0,6,16.65,0,0.6,1,0
228.23,3,16.1,0,16,51.16,0,0.628,1,1
73.25,2,275.8,0,2,9.66,0,0.021,1,0
31.68,6,734.3,0,23,11.22,0,0.0,0,0
43.47,6,538.9,0,2,20.07,0,0.175,1,0
78.61,1,111.4,0,16,42.6,0,0.385,1,0
87.84,4,1566.7,0,18,19.35,1,0.394,0,0
16.21,4,412.3,1,3,13.37,0,0.357,0,0
81.94,8,281.6,0,2,55.85,0,0.238,1,0
224.1,4,2550.2,0,15,48.53,1,0.0,1,0
70.76,3,559.8,1,0,7.54,0,0.107,0,0
46.46,3,1615.2,1,13,24.45,0,0.189,0,0
17.66,2,232.8,0,19,1.6,0,0.243,1,0
95.46,1,436.7,0,18,22.5,1,0.471,0,1
186.82,4,1767.6,0,2,21.9,0,0.089,1,0
48.18,6,1538.5,0,10,13.07,0,0.379,1,0
88.5,3,158.0,0,3,4.18,0,0.717,0,0
94.66,3,1484.5,0,21,14.43,2,0.223,0,0
50.22,7,1124.0,0,16,44.58,0,0.459,0,0
78.63,3,1566.0,0,19,63.34,0,0.0,0,0
252.89,4,221.6,0,3,99.29,1,0.454,1,1
84.46,4,1474.5,0,5,9.94,0,0.471,0,0
45.74,0,905.8,0,0,56.27,0,0.551,0,0
117.74,2,316.0,0,20,187.11,0,0.498,0,1
168.92,1,178.7,0,0,12.42,0,0.71,1,0
85.22,3,581.4,0,1,4.91,0,0.581,0,0
90.06,8,764.3,0,21,8.33,1,0.329,0,0
52.76,3,297.1,0,0,11.19,1,0.693,1,0
126.4,4,168.6,0,1,23.93,2,0.0,0,0
10.47,4,957.9,0,15,45.65,0,0.179,0,0
448.02,2,429.8,1,18,158.43,1,0.295,1,1
31.25,3,1427.7,0,13,0.84,0,0.238,0,0
29.11,4,2270.1,0,5,34.93,1,0.414,0,0
128.79,2,207.9,0,16,81.81,1,0.249,1,0
21.76,2,432.8,0,19,54.54,0,0.449,0,0
28.32,6,55.9,0,12,64.91,1,0.848,0,0
107.95,5,38.6,0,13,30.24,0,0.553,1,0
152.41,4,642.9,0,14,33.57,0,0.242,0,0
85.1,3,663.4,0,9,35.54,0,0.657,0,0
8.0,3,82.3,0,22,33.01,0,0.167,1,0
163.12,6,520.7,0,8,42.9,0,0.388,0,0
140.98,3,659.8,0,14,9.47,0,0.339,0,0
51.52,3,51.1,0,22,34.36,0,0.392,0,0
78.81,3,148.3,0,22,54.19,0,0.444,1,0
216.52,7,198.8,0,20,6.64,1,1.0,0,0
11.13,2,484.1,0,20,6.1,1,0.188,1,0
143.41,6,692.4,0,9,76.59,0,0.575,0,0
102.77,2,588.5,1,1,23.07,0,0.844,0,0
92.92,4,2071.8,0,1,0.77,0,0.51,0,0
34.1,3,791.1,0,2,8.24,1,0.3,0,0
52.36,4,662.4,0,11,85.57,0,0.314,1,0
41.04,1,961.8,0,20,19.76,2,0.139,0,0
84.18,3,26.5,0,20,29.54,0,0.235,0,0
84.53,2,408.8,0,18,11.47,0,0.333,0,0
406.82,4,399.3,0,17,132.56,1,0.762,1,1
10.13,3,150.5,0,0,,0,0.282,0,0
210.75,5,477.3,0,9,22.0,2,0.313,1,0
24.18,6,158.8,0,0,15.38,0,0.258,0,0
31.53,3,913.6,0,14,47.91,0,0.233,1,0
14.02,7,1176.7,0,5,52.26,2,0.374,0,0
82.69,1,55.0,1,7,86.75,1,0.721,1,1
89.49,5,100.2,0,1,48.52,0,0.73,1,0
92.74,2,486.2,0,3,29.48,0,0.211,0,0
32.74,2,1022.1,0,2,38.94,0,0.497,1,0
74.72,1,984.0,0,4,88.15,0,0.378,1,0
25.98,6,1888.9,0,21,31.47,0,0.373,0,0
51.98,3,1884.6,0,23,64.28,0,0.663,1,0
72.68,3,281.5,0,7,51.57,0,0.397,0,0
45.62,3,482.0,0,23,40.17,1,0.646,1,0
138.79,3,234.2,0,15,6.03,0,0.539,0,0
231.93,3,110.0,1,21,332.65,1,0.419,1,1
76.14,5,2395.7,0,1,8.06,2,0.364,0,0
181.41,7,500.7,0,1,44.92,0,0.163,0,0
163.98,4,1852.4,0,20,17.99,0,0.186,1,0
25.73,1,45.3,0,23,59.71,1,0.34,0,0
62.58,5,564.6,0,4,81.42,0,0.317,0,0
105.01,2,190.5,0,14,46.4,0,0.117,0,0
87.62,2,1757.1,0,14,49.7,1,0.109,1,0
84.45,1,48.7,0,20,26.82,0,0.276,0,0
35.07,2,161.2,0,11,22.48,0,0.282,0,0
127.12,3,232.8,0,20,28.65,0,0.246,0,0
110.53,2,391.9,0,1,28.22,0,0.162,1,0
62.92,10,737.5,0,5,29.21,0,0.093,0,0
11.76,2,375.6,0,7,10.72,0,0.337,1,0
94.0,4,856.5,0,20,23.5,1,0.296,1,0
1.83,2,402.9,0,4,17.31,1,0.0,1,0
112.14,1,2076.8,0,11,36.21,0,0.072,0,0
155.92,6,1609.3,0,14,28.74,0,0.42,1,0
149.94,3,66.5,0,3,87.52,0,0.182,1,0
31.09,7,687.9,0,7,45.66,0,0.076,0,0
36.13,6,266.4,0,14,14.21,2,0.297,1,0
8.3,6,425.6,1,6,68.26,0,0.025,0,0
70.63,6,159.7,0,7,91.1,0,0.336,0,0
300.51,2,249.2,1,2,29.39,2,0.527,1,1
51.38,5,416.1,1,16,62.01,0,0.187,0,0
188.62,3,108.8,0,19,3.89,0,0.395,1,0
144.63,5,82.2,0,15,53.53,0,0.113,1,0
194.25,3,120.8,0,9,85.13,0,0.209,1,0
186.36,2,463.8,0,0,68.16,0,0.467,1,0
38.86,8,1333.3,0,19,1.15,0,0.0,0,0
53.09,3,26.4,0,2,,1,0.658,0,0
95.01,3,2060.1,0,16,30.09,0,0.412,1,0
204.9,2,217.4,0,21,7.92,0,0.439,0,0
45.14,3,8.5,0,18,43.62,0,0.273,1,0
41.39,4,921.5,0,9,0.88,0,0.217,0,0
70.33,3,594.0,1,20,23.8,0,0.498,0,0
86.63,3,25.2,0,12,22.75,0,0.555,0,0
40.66,2,950.9,0,4,9.33,0,0.438,1,0
63.11,3,195.4,0,0,23.6,1,0.0,0,0
142.73,2,640.8,1,20,84.32,3,0.656,0,1
27.75,0,284.7,0,19,86.76,0,0.147,0,0
96.12,3,97.2,0,2,35.24,1,0.219,1,0
31.42,6,884.9,0,21,43.26,0,0.23,1,0
0.62,3,310.4,0,16,25.49,0,0.238,1,0
72.65,4,1355.7,0,8,7.28,0,0.471,1,0
57.68,1,2658.8,0,16,66.21,0,0.042,1,0
27.92,2,2562.4,0,4,11.75,0,0.0,1,0
25.56,6,885.0,0,6,0.16,0,0.0,1,0
125.95,3,49.2,0,16,9.47,0,0.0,0,0
122.21,4,235.0,0,16,69.09,0,0.547,0,0
100.48,2,246.6,0,11,10.21,0,0.563,0,0
117.49,6,279.4,0,3,10.47,1,0.235,1,0
30.75,3,87.7,0,4,31.29,0,0.593,1,0
76.99,2,193.7,0,19,28.62,0,0.475,0,0
104.35,3,2366.4,0,13,26.53,1,0.294,0,0
116.58,3,161.0,0,4,35.86,0,0.561,0,0
25.5,2,619.8,0,4,22.23,1,0.394,0,0
98.64,3,1884.2,1,23,43.73,0,0.309,0,0
190.02,2,713.7,0,21,18.64,0,0.552,0,0
53.49,3,117.5,0,8,30.64,0,0.501,1,0
42.89,2,319.6,0,2,11.97,0,0.272,0,0
431.67,1,158.2,1,19,71.67,0,0.61,0,1
124.14,2,1141.6,0,5,26.73,2,0.508,0,0
40.25,3,387.7,0,8,18.37,0,0.381,0,0
78.77,1,165.2,0,8,9.02,0,0.238,0,0
44.83,6,97.0,0,20,39.33,2,0.311,0,0
80.35,2,303.8,0,2,32.46,0,0.106,0,0
21.78,4,396.8,1,20,27.65,0,0.316,0,0
42.37,2,1340.3,0,14,28.64,0,0.126,0,0
28.13,4,95.9,0,0,13.83,0,0.196,0,0
176.06,4,914.1,1,1,60.34,0,0.688,0,0
152.38,7,1034.3,0,15,22.48,0,0.146,1,0
39.12,3,354.8,0,7,35.49,0,0.0,1,0
22.12,7,152.0,0,3,24.32,0,0.888,1,0
182.31,1,6.8,0,10,38.33,2,0.851,1,1
74.21,3,142.3,0,18,58.38,0,0.263,1,0
75.45,7,614.5,0,9,5.68,1,0.0,0,0
56.23,1,412.9,0,6,41.48,1,0.216,0,0
26.87,8,1668.7,0,19,17.03,0,0.107,0,0
366.04,3,7.0,0,9,159.48,1,0.536,1,1
180.44,4,2593.5,0,8,7.05,0,0.39,1,0
60.7,2,85.9,0,3,177.82,1,0.533,0,1
164.49,3,334.4,0,5,21.13,1,0.153,0,0
116.35,3,199.9,0,19,45.62,0,0.135,0,0
78.48,5,641.0,0,8,17.06,0,0.0,0,0
20.98,3,770.0,1,4,35.01,0,0.076,0,0
2.92,2,1278.6,0,14,34.42,0,0.244,1,0
226.28,5,140.4,1,4,141.28,0,0.53,0,1
149.1,3,671.6,0,16,22.59,0,0.244,0,0
78.19,8,1279.9,0,13,17.11,0,0.198,0,0
149.82,3,385.8,0,8,23.08,1,0.309,1,0
16.96,2,111.7,0,16,37.51,0,0.231,1,0
115.27,5,43.1,0,0,57.26,0,0.119,0,0
78.89,3,2997.8,1,8,44.54,0,0.318,1,0
182.02,2,210.4,0,16,58.4,0,0.062,1,0
20.33,5,303.5,0,3,15.78,0,0.158,0,0
205.46,2,725.9,0,6,0.48,0,0.334,0,0
47.04,3,1.0,1,2,2.52,0,0.415,0,0
55.37,2,21.2,0,8,65.65,0,0.306,1,0
13.74,2,621.8,1,12,34.5,0,0.28,1,0
63.69,3,1127.9,0,20,34.3,0,0.194,0,0
80.88,5,1134.1,0,10,1.67,0,0.0,1,0
5.73,5,1774.3,1,20,24.47,0,0.181,0,0
37.14,5,500.5,1,6,351.49,0,0.591,1,1
157.52,4,301.5,0,23,28.0,0,0.223,0,0
110.55,3,344.9,0,8,21.92,0,0.148,1,0
20.71,5,1139.0,1,23,18.71,0,0.293,0,0
107.47,4,2432.3,0,8,56.08,0,0.136,0,0
62.31,3,220.2,0,1,14.36,1,0.0,0,0
53.9,0,361.1,1,20,41.69,1,0.181,0,0
119.52,4,1176.0,0,0,29.95,0,0.468,1,0
167.64,6,431.6,0,2,90.49,0,0.215,0,0
135.43,2,97.5,0,8,81.92,0,0.0,0,0
55.3,2,43.1,0,11,110.33,1,0.394,0,0
178.83,3,1997.8,1,12,5.28,0,0.322,0,0
98.78,4,794.8,0,6,18.1,0,0.0,1,0
100.08,5,110.3,0,17,38.03,0,0.33,0,0
3.94,2,161.2,0,5,49.96,0,0.006,1,0
50.79,2,310.9,0,22,67.91,0,0.084,0,0
107.04,6,934.2,0,2,33.23,1,0.516,1,0
97.96,2,205.9,0,14,60.68,0,0.348,1,0
128.38,3,64.3,0,23,167.04,0,0.294,1,1
54.0,3,210.4,0,10,42.27,0,0.428,0,0
11.23,5,99.2,0,6,79.02,0,0.202,1,0
55.22,6,351.0,0,8,40.02,0,0.531,0,0
109.48,2,120.3,0,13,33.56,1,0.12,1,0
151.97,5,87.8,0,10,43.61,0,0.152,0,0
68.24,4,10.0,0,18,28.98,0,0.183,1,0
69.49,4,2021.7,0,4,54.08,0,0.46,0,0
98.54,5,999.8,0,20,10.08,0,0.71,1,0
78.34,8,247.5,0,2,2.81,0,0.399,1,0
242.92,1,20.6,0,22,226.62,0,0.752,0,1
116.99,6,962.0,0,20,31.79,1,0.121,0,0
29.5,5,367.3,1,9,21.86,1,0.111,0,0
149.98,3,76.4,0,5,28.6,0,0.419,0,0
58.38,1,2351.7,0,4,40.24,0,0.48,0,0
87.26,1,882.2,0,12,35.65,1,0.413,0,0
110.46,4,728.2,0,20,20.54,0,0.272,1,0
98.7,4,2272.2,0,16,58.57,0,0.341,0,0
262.26,4,193.4,0,15,201.04,1,0.805,1,1
280.07,3,166.5,1,6,159.71,0,0.559,1,1
70.17,1,628.0,0,12,47.95,0,0.336,1,0
194.45,2,1517.8,1,19,5.06,0,0.263,0,0
137.19,6,702.8,0,14,29.67,0,0.015,0,0
113.82,5,402.4,1,21,9.08,1,0.0,1,0
46.72,2,16.2,0,16,4.34,0,0.0,1,0
19.72,2,860.2,0,15,13.95,0,0.147,0,0
136.71,5,760.5,0,15,25.67,0,0.145,1,0
37.53,3,15.5,0,19,41.16,1,0.057,0,0
160.72,2,495.8,0,16,7.79,0,0.109,0,0
17.05,6,461.6,0,4,27.52,0,0.161,0,0
52.85,2,1609.9,0,9,33.97,0,0.518,1,0
87.01,2,918.5,0,15,34.98,0,0.408,0,0
218.42,2,594.4,0,8,76.16,0,0.0,0,0
188.58,6,77.2,1,18,78.89,1,0.0,0,0
412.19,3,130.5,1,11,383.71,1,0.569,1,1
123.14,3,603.8,0,19,53.7,0,0.405,1,0
58.03,2,42.3,0,11,66.25,2,0.176,1,0
83.05,5,565.6,0,21,89.78,1,0.006,1,0
133.12,2,584.9,0,8,20.26,0,0.16,0,0
29.11,4,353.5,0,2,48.41,0,0.14,1,0
109.21,5,353.8,0,5,5.42,0,0.315,1,0
127.45,6,723.3,1,8,1.06,0,0.209,0,0
45.14,5,805.9,0,5,55.69,0,0.432,1,0
117.26,2,399.9,0,12,47.41,0,0.062,0,0
83.78,2,151.9,0,17,9.68,0,0.506,0,0
133.36,5,81.1,1,10,,3,0.07,1,0
139.59,2,724.3,0,4,15.16,0,0.19,1,0
111.71,4,69.0,1,12,32.39,1,0.481,0,0
41.01,3,119.5,0,5,8.98,1,0.0,0,0
25.67,2,1100.5,0,3,29.39,1,0.378,0,0
23.61,6,1168.1,0,22,32.07,0,0.299,1,0
13.41,3,927.0,0,15,12.2,0,0.234,0,0
127.4,5,1069.7,0,20,41.46,0,0.577,0,0
2.28,2,2692.8,0,19,76.23,1,0.371,0,0
40.3,1,841.9,0,15,7.56,1,0.136,0,0
130.14,5,892.3,0,16,54.25,0,0.293,0,0
1.9,2,693.4,1,4,21.95,0,0.0,1,0
82.84,4,48.6,0,7,32.88,2,0.691,1,0
118.5,4,434.6,1,11,19.37,0,0.4,0,0
19.63,4,1298.1,0,20,55.79,0,0.039,1,0
3.86,8,642.4,0,14,46.59,0,0.469,0,0
33.07,4,361.2,0,4,50.01,0,0.195,0,0
320.29,3,849.1,1,17,199.52,0,0.364,1,1
202.13,5,474.8,0,11,234.87,1,0.742,1,1
132.63,3,176.3,0,2,128.35,0,0.334,0,0
150.72,3,156.4,0,18,27.39,0,0.338,0,0
120.75,1,391.9,0,14,79.9,0,0.565,1,1
94.72,3,326.5,0,4,56.54,1,0.443,0,0
12.5,1,431.5,0,1,12.13,1,0.414,0,0
32.55,5,3.0,0,3,30.01,0,0.673,1,0
101.22,2,2705.7,0,4,41.61,0,0.18,0,0
31.01,4,1071.9,0,0,42.28,0,0.435,0,0
104.38,5,210.8,0,14,47.48,0,0.436,0,0
0.4,4,352.3,1,6,25.9,0,0.396,0,0
61.74,6,276.9,0,21,111.63,0,0.688,0,0
415.54,3,777.2,0,7,50.95,2,0.587,0,1
86.01,0,183.7,0,8,2.72,0,0.466,1,0
0.39,2,686.0,0,19,53.18,1,0.164,1,0
80.64,5,236.6,0,5,29.98,0,0.326,1,0
172.31,1,423.1,0,3,62.14,0,0.108,0,0
17.07,6,815.4,0,1,141.59,0,0.455,1,0
38.16,3,1355.8,0,20,37.3,0,0.429,1,0
143.23,1,6.0,0,3,9.58,0,0.023,0,0
57.83,5,262.8,0,4,29.93,2,0.586,1,0
145.39,3,1102.8,0,8,32.95,0,0.366,0,0
46.46,2,233.8,0,5,54.96,0,0.193,0,0
69.24,7,669.3,0,10,39.76,0,0.486,1,0
14.01,4,115.1,0,10,98.13,0,0.519,1,0
98.47,4,32.3,0,19,43.15,3,0.705,0,1
59.65,2,1322.8,0,0,13.93,0,0.156,1,0
75.33,6,248.9,0,1,30.14,0,0.018,1,0
40.86,2,590.1,0,21,24.1,0,0.079,0,0
62.59,3,206.8,0,6,24.97,1,0.635,1,0
399.15,1,82.9,0,10,17.5,1,0.413,1,1
136.77,6,618.9,0,21,35.05,0,0.357,1,0
50.93,5,566.8,1,11,28.87,0,0.188,1,0
26.52,4,1123.5,0,2,53.14,1,0.396,0,0
124.04,6,1357.1,0,23,104.12,1,0.407,1,0
280.97,2,482.2,0,13,117.72,0,0.569,1,1
59.33,3,139.1,0,15,24.24,0,0.446,0,0
118.15,4,522.3,1,10,135.06,0,0.326,1,1
4.87,4,13.0,1,17,6.92,0,0.033,0,0
161.0,0,349.9,0,23,51.45,0,0.138,1,0
119.47,2,158.6,0,19,45.02,0,0.428,1,0
83.51,5,190.9,0,5,53.64,1,0.49,1,0
65.84,0,205.0,0,1,16.93,0,0.067,0,0
126.7,5,1257.9,0,14,31.0,0,0.464,0,0
85.03,2,238.6,0,15,16.95,0,0.214,0,0
170.4,4,2042.6,0,13,14.07,0,0.738,0,0
180.85,5,497.3,0,16,15.58,0,0.173,1,0
64.26,2,151.3,0,7,104.08,0,0.24,1,0
53.59,4,3352.3,0,4,27.82,1,0.0,0,0
84.29,6,65.5,0,10,13.49,0,0.0,0,0
19.57,1,729.4,0,13,26.21,1,0.0,1,0
27.98,2,356.7,0,9,4.39,0,0.019,1,0
24.49,5,588.7,0,16,24.59,0,0.125,0,0
54.34,3,428.6,0,22,36.62,2,0.198,1,0
10.21,4,33.1,0,2,88.17,0,0.219,1,0
46.45,7,1099.4,0,3,81.89,1,0.449,0,0
16.26,6,1706.3,0,23,50.36,1,0.589,0,0
36.39,6,684.5,0,17,3.08,0,0.379,0,0
99.96,2,1653.9,0,5,6.12,0,0.574,1,0
0.11,5,1661.6,0,14,14.2,0,0.162,0,0
163.08,2,313.8,0,17,76.2,0,0.213,1,0
48.3,7,2266.3,0,3,50.78,2,0.731,0,0
18.19,3,52.9,0,13,29.34,5,0.467,0,0
22.68,5,98.0,0,16,9.04,0,0.377,0,0
227.12,4,774.0,1,4,8.02,0,0.713,0,0
150.48,5,636.9,0,10,27.17,1,0.161,1,0
78.01,1,2695.8,0,16,6.17,0,0.003,0,0
104.51,5,62.8,0,17,35.3,0,0.182,0,0
7.85,6,159.6,0,19,27.18,0,0.579,0,0
65.17,1,364.9,0,11,13.58,0,0.0,0,0
170.75,3,1071.1,0,6,,0,0.215,0,0
102.57,5,443.2,1,17,15.2,1,0.473,1,0
118.41,3,20.8,0,22,47.61,0,0.337,0,0
127.66,2,308.6,0,13,19.51,0,0.436,0,0
47.44,4,108.4,0,7,24.24,0,0.44,1,0
10.6,5,2792.0,0,22,40.04,0,0.48,1,0
66.8,5,560.2,0,0,29.56,0,0.321,1,0
363.44,3,259.0,0,6,56.99,0,0.688,1,1
55.8,4,528.0,0,6,1.07,0,0.419,0,0
2.45,6,30.9,0,3,4.6,0,0.208,1,0
91.47,6,356.7,0,17,41.21,2,0.516,1,0
148.73,2,825.6,0,6,61.65,1,0.256,0,0
18.08,4,979.3,0,22,9.31,0,0.0,0,0
18.47,4,299.6,0,11,10.56,0,0.0,1,0
125.14,7,357.9,0,16,2.51,0,0.47,0,0
16.86,7,99.2,0,1,63.0,0,0.0,0,0
56.51,5,408.5,0,8,34.05,0,0.431,0,0
105.03,5,3053.3,0,7,33.23,0,0.608,1,0
133.14,6,551.3,0,22,19.38,0,0.025,1,0
35.22,4,1150.0,0,22,54.88,0,0.356,0,0
81.12,2,1427.5,0,22,68.6,0,0.013,0,0
138.75,2,143.8,0,14,23.83,0,0.453,0,0
146.41,5,5.4,0,20,68.68,0,0.256,0,0
99.91,3,39.0,0,5,47.43,1,0.061,1,0
57.69,2,83.3,0,2,92.89,0,0.486,0,0
51.69,0,296.8,0,1,51.16,0,0.361,1,0
16.99,5,307.9,0,12,24.82,0,0.038,0,0
14.03,1,667.8,1,15,60.29,1,0.204,1,0
12.11,5,168.8,0,10,16.51,1,0.168,1,0
28.37,4,530.5,0,7,67.95,0,0.0,0,0
34.13,4,78.0,0,21,39.48,0,0.0,0,0
13.87,3,3310.9,0,7,40.83,0,0.154,0,0
63.89,2,25.8,0,13,40.22,0,0.142,0,0
72.67,5,417.1,0,5,1.45,1,0.722,0,0
79.42,4,191.2,0,16,45.48,0,0.368,0,0
70.51,6,607.6,0,15,30.14,0,0.111,0,0
26.34,3,362.5,0,5,33.24,1,0.929,1,0
13.31,1,651.2,0,18,21.88,1,0.08,0,0
65.43,4,263.8,0,5,49.03,0,0.022,1,0
10.54,2,486.8,0,19,30.69,0,0.184,1,0
31.67,1,982.9,0,21,55.37,0,0.366,0,0
40.92,4,108.3,1,4,2.49,1,0.114,0,0
33.3,4,1686.8,0,15,57.54,0,0.34,0,0
298.74,1,150.8,0,19,165.51,0,0.573,0,1
454.83,2,836.4,1,1,167.84,0,0.567,1,1
81.14,5,1914.6,0,11,93.82,1,0.002,0,0
88.35,1,299.5,0,8,12.24,0,0.261,0,0
75.21,4,24.6,0,21,107.73,0,0.127,1,0
105.6,7,88.4,0,8,26.55,1,0.07,1,0
106.89,6,101.6,0,2,69.97,0,0.36,1,0
66.75,4,556.4,0,5,62.37,0,0.277,1,0
25.14,1,26.4,0,5,33.2,0,0.178,1,0
122.79,6,380.7,0,0,27.4,0,0.0,1,0
25.96,1,278.7,1,1,46.1,1,0.0,1,0
131.36,2,1563.4,0,5,28.9,0,0.371,0,0
120.78,1,733.7,0,15,5.35,0,0.0,0,0
53.05,1,1184.2,0,21,60.01,0,0.342,0,0
83.02,3,549.1,0,7,15.0,0,0.133,0,0
327.32,1,217.5,0,9,22.74,1,0.065,0,1
31.99,5,388.9,0,10,25.18,0,0.108,0,0
0.67,2,97.3,0,21,26.85,0,0.183,0,0
58.06,1,1008.1,1,12,37.14,0,0.329,0,0
192.04,1,454.4,0,16,44.27,0,0.483,1,1
40.17,2,287.9,0,8,41.63,3,0.324,0,1
197.26,8,202.9,0,11,24.16,1,0.079,0,0
92.32,2,410.6,0,17,27.64,0,0.0,0,0
19.48,10,257.6,0,0,29.71,0,0.64,0,0
56.72,5,132.0,0,5,0.19,0,0.532,0,0
356.5,2,777.3,0,4,81.59,1,0.658,1,1
82.59,9,1242.9,0,23,45.29,0,0.024,0,0
153.13,7,469.5,0,15,20.12,0,0.181,1,0
65.87,2,433.7,0,20,30.21,0,0.401,1,0
138.8,4,275.4,0,13,13.48,0,0.056,0,0
74.95,2,394.3,1,13,13.6,0,0.0,0,0
36.06,5,595.5,0,8,10.65,0,0.055,1,0
57.95,0,98.1,0,8,34.77,2,0.667,1,1
335.71,4,342.8,0,16,14.57,0,0.615,0,1
67.36,2,58.4,0,19,54.84,0,0.034,0,0
80.04,3,1349.1,0,8,53.45,1,0.439,0,0
35.4,4,31.9,1,18,,0,0.665,1,1
343.54,0,320.1,0,10,119.2,1,0.287,0,1
16.59,4,1516.7,1,14,35.82,1,0.0,0,0
30.46,4,82.6,0,2,43.03,1,0.234,1,0
105.2,2,1542.5,1,6,8.52,0,0.587,0,0
110.62,4,471.3,0,4,14.14,0,0.359,1,0
90.88,3,266.4,1,14,4.55,0,0.329,0,0
44.73,3,2726.5,0,10,25.77,0,0.424,0,0
22.42,2,132.8,0,18,4.31,0,0.406,0,0
67.61,2,145.6,0,7,6.22,1,0.337,1,0
6.99,2,178.7,1,0,1.2,1,0.009,0,0
37.63,1,2.9,0,17,73.7,1,0.104,1,0
62.24,4,155.0,0,4,4.27,0,0.911,0,0
173.56,2,499.7,0,20,54.43,0,0.603,0,0
212.05,4,20.5,1,14,223.16,1,1.0,1,1
304.15,6,36.7,1,18,72.15,0,0.304,1,1
12.89,3,82.5,1,23,4.69,1,0.03,1,0
42.88,6,125.4,0,15,49.39,0,0.0,1,0
64.93,5,243.8,0,7,0.21,0,0.24,1,0
11.05,0,111.9,0,4,83.37,0,0.042,0,0
96.65,2,135.9,1,16,105.68,0,0.738,1,1
19.44,1,1044.2,1,5,32.16,1,0.222,0,1
102.21,4,58.9,0,11,30.29,0,0.0,0,0
94.28,6,1001.3,0,2,61.72,0,0.253,1,0
70.64,0,1837.2,0,19,44.07,1,0.681,0,0
152.5,3,1758.3,0,4,22.81,0,0.368,1,0
6.35,4,53.7,0,8,52.37,0,0.681,0,0
88.01,6,120.4,1,2,31.21,0,0.587,1,0
91.05,1,255.3,0,12,14.38,1,0.072,1,0
63.94,5,112.1,0,10,33.23,0,0.408,0,0
137.97,2,786.9,0,3,18.2,0,0.012,1,0
138.95,2,454.8,0,15,38.8,3,0.198,0,0
21.25,3,1348.9,0,5,27.48,1,0.0,0,0
67.5,4,76.2,0,23,4.99,0,0.814,0,0
478.88,2,111.3,0,7,263.36,1,0.511,1,1
14.19,3,681.5,0,0,37.46,0,0.0,0,0
277.66,0,131.2,0,13,298.58,0,0.615,1,1
19.14,5,1978.5,1,7,31.99,0,0.046,0,0
14.27,3,886.5,0,20,2.52,0,0.302,0,0
30.99,3,111.3,0,17,19.26,0,0.296,1,0
5.75,1,4.2,1,13,18.7,0,0.665,1,1
131.1,2,2181.2,0,5,99.31,1,0.39,1,0
161.87,3,588.3,0,20,40.68,0,0.632,0,0
174.53,4,795.8,0,6,12.46,1,0.239,1,0
10.2,1,111.9,0,16,16.18,0,0.374,0,0
131.96,4,870.4,0,6,41.92,0,0.061,0,0
105.78,2,1331.0,0,17,6.39,0,0.306,1,0
127.71,4,321.5,0,14,105.04,0,0.29,0,0
475.87,2,1051.3,0,12,53.98,0,0.381,1,1
74.28,3,1783.0,0,7,34.31,0,0.069,1,0
20.58,2,296.2,0,0,25.66,0,0.156,1,0
88.95,8,834.2,0,15,4.13,0,0.718,1,0
35.88,6,1474.4,0,16,68.35,1,0.085,0,0
26.4,0,1008.6,0,14,2.96,0,0.358,0,0
2.55,3,479.4,0,19,39.19,0,0.148,0,0
122.94,7,1495.7,1,9,78.66,0,0.059,1,0
14.05,5,644.1,0,7,3.17,0,0.265,1,0
27.5,4,1331.9,0,0,11.11,0,0.523,0,0
479.41,1,301.7,0,21,28.58,0,0.826,1,1
87.56,7,791.2,0,13,76.85,1,0.437,0,0
71.37,2,80.0,0,15,30.48,0,0.0,1,0
160.66,4,1317.8,0,0,52.59,0,0.377,1,0
18.48,2,900.8,0,4,14.56,0,0.367,0,0
3.2,3,1002.6,0,19,17.27,0,0.396,1,0
71.42,2,568.9,0,16,26.73,0,0.409,0,0
157.24,4,587.3,1,17,179.5,2,0.628,1,1
27.51,2,881.2,0,23,26.93,0,0.476,1,0
168.13,4,330.6,0,18,27.49,0,0.351,0,0
45.17,4,376.0,0,15,71.02,0,0.467,0,0
95.65,4,169.9,0,8,17.36,0,0.0,1,0
89.91,5,377.2,0,15,46.58,1,0.52,0,0
1.31,6,2881.5,0,19,34.07,0,0.29,0,0
94.02,3,366.3,0,20,18.16,1,0.0,0,0
112.13,4,1322.8,0,23,70.53,0,0.087,0,0
45.71,4,640.7,0,15,17.21,0,0.305,0,0
20.57,4,78.2,0,6,52.84,0,0.206,0,0
172.52,0,646.5,1,4,57.65,0,0.456,0,0
43.51,4,30.2,0,7,66.76,0,0.334,1,0
121.43,5,633.7,0,9,34.76,2,0.524,0,0
47.28,5,411.7,0,21,12.43,0,0.306,0,0
141.19,5,1265.5,0,19,46.87,0,0.26,0,0
60.42,5,271.1,0,8,9.99,1,0.456,1,0
108.86,8,17.4,1,14,34.46,0,0.241,0,0
138.84,9,1145.6,1,5,6.52,1,0.002,0,0
58.14,5,31.9,0,14,82.83,0,0.612,1,0
115.3,5,33.8,0,0,23.43,0,0.323,0,0
81.18,5,733.4,0,5,9.01,0,0.053,1,0
145.63,2,97.4,0,11,50.27,0,0.429,0,0
45.09,4,985.2,0,22,27.4,0,0.0,0,0
47.95,4,1046.3,0,20,6.62,0,0.0,0,0
78.76,3,12.2,0,2,6.45,0,0.609,0,0
33.61,3,94.2,1,22,5.51,0,0.283,1,0
79.71,4,1487.3,0,10,15.96,1,0.212,0,0
111.55,3,70.7,0,10,86.35,0,0.056,1,0
149.09,5,1745.6,0,22,7.82,1,0.0,0,0
66.29,3,625.7,1,8,24.32,0,0.382,0,0
118.79,5,18.7,0,17,45.64,0,0.164,1,0
77.57,3,1681.9,0,21,20.61,0,0.134,1,0
62.68,1,30.9,0,5,32.99,0,0.279,0,0
142.8,3,547.8,1,8,17.55,0,0.415,1,0
160.68,3,549.8,0,9,64.06,2,0.492,0,0
125.4,5,266.0,0,0,61.4,0,0.372,1,0
99.03,5,76.3,0,16,15.67,0,0.019,1,0
19.25,4,289.2,0,13,4.37,0,0.48,1,0
121.94,5,1293.7,0,13,53.76,0,0.491,0,0
79.64,3,901.1,0,23,64.22,1,0.469,0,0
41.44,6,513.7,0,21,27.65,1,0.492,0,0
60.23,3,2083.4,1,14,34.65,1,0.158,0,0
81.01,2,346.0,0,2,23.16,0,0.546,0,0
164.4,1,200.0,0,5,63.91,0,0.025,1,0
46.98,5,345.2,0,23,37.88,2,0.038,1,0
87.77,5,582.4,0,5,58.81,0,0.408,0,0
94.24,3,642.7,0,1,3.74,0,0.18,0,0
110.86,5,922.1,0,18,72.54,0,0.549,0,0
118.56,8,424.9,0,2,35.2,0,0.204,0,0
49.88,4,307.9,0,13,41.89,0,0.185,1,0
4.96,4,981.7,0,14,69.77,0,0.008,1,0
220.37,2,93.6,0,13,226.78,1,0.763,1,1
123.98,4,683.8,0,21,49.7,0,0.072,1,0
2.2,2,2749.1,0,17,6.14,2,0.398,1,0
38.86,4,226.9,0,8,17.79,1,0.31,0,0
45.38,5,987.5,0,21,27.1,0,0.4,0,0
146.03,2,75.7,0,22,4.32,0,0.421,0,0
54.97,4,2018.8,0,14,16.82,0,0.249,0,0
132.26,2,499.4,0,20,53.55,0,0.277,0,0
42.94,2,1361.4,0,15,28.51,0,0.124,1,0
135.83,3,21.7,0,21,6.67,1,0.177,0,0
131.03,5,821.3,0,2,61.17,1,0.121,1,0
98.62,2,825.6,0,2,64.98,0,0.0,0,0
193.51,4,385.7,0,18,95.52,0,0.16,0,0
110.37,1,1609.5,0,13,6.84,0,0.501,1,0
44.78,3,70.2,0,7,28.81,1,0.25,0,0
158.27,1,640.1,0,13,58.79,0,0.306,0,0
103.24,4,1442.1,0,2,49.15,0,0.222,0,0
97.39,4,404.4,0,10,51.48,1,0.573,0,0
47.83,3,458.6,0,15,48.81,1,0.368,1,0
53.18,3,3547.7,0,7,27.92,0,0.394,1,0
55.74,2,94.0,0,20,50.02,1,0.12,1,0
9.78,3,389.0,0,5,2.53,0,0.276,1,0
95.82,2,584.0,1,11,17.75,0,0.015,0,0
30.89,1,163.4,0,8,27.46,0,0.432,0,0
81.67,2,327.2,0,0,5.3,0,0.301,1,0
43.31,4,543.2,0,8,70.89,0,0.086,0,0
32.2,2,164.9,1,4,37.08,2,0.568,0,1
13.69,1,1005.4,0,8,31.28,0,0.747,0,1
212.67,0,160.3,0,11,178.26,2,0.219,0,1
4.6,6,39.9,0,14,56.7,0,0.349,0,0
89.34,4,181.0,0,23,4.19,0,0.0,0,0
202.5,3,1723.3,0,10,,1,0.373,0,0
191.42,5,1807.9,0,9,19.16,0,0.719,0,0
30.37,6,51.9,0,1,10.49,0,0.461,0,0
63.13,2,634.1,1,13,11.99,0,0.0,0,0
116.0,2,1020.6,0,11,96.1,0,0.147,0,0
33.47,6,412.1,0,3,34.35,0,0.278,0,0
88.2,7,706.8,0,23,17.06,0,0.274,0,0
10.99,2,31.2,0,13,48.16,0,0.658,0,0
106.18,1,857.9,0,10,2.77,0,0.199,0,0
94.31,2,96.9,0,0,40.23,0,0.273,1,0
111.95,4,882.8,0,17,12.51,0,0.439,0,0
100.94,4,1085.3,0,11,69.57,0,0.186,0,0
75.85,4,423.8,0,14,35.98,0,0.229,1,0
42.47,6,415.9,0,20,38.42,2,0.23,0,0
63.22,4,607.0,0,14,36.13,0,0.229,1,0
157.75,5,531.4,0,20,8.8,0,0.134,0,0
76.78,2,1016.4,0,12,5.03,0,0.269,1,0
320.94,2,53.8,0,9,209.45,1,0.568,0,1
22.23,5,245.1,0,9,9.3,0,0.021,1,0
127.46,1,408.6,0,20,48.87,0,0.221,0,0
162.84,8,83.0,0,16,34.9,0,0.265,1,0
20.39,4,607.1,0,23,42.97,1,0.626,1,0
235.47,5,1839.4,0,2,52.29,0,0.0,1,0
74.44,1,54.1,1,19,13.17,0,0.229,0,0
35.58,4,469.6,0,2,60.99,0,0.251,1,0
99.11,6,389.1,1,19,38.54,0,0.575,1,0
148.49,3,223.5,0,7,,0,0.731,0,0
39.96,0,94.8,0,22,63.24,0,0.286,0,0
96.59,3,69.0,0,10,29.59,0,0.0,1,0
95.85,3,1.7,0,18,45.92,0,0.0,0,0
175.08,2,109.7,1,2,10.19,1,0.0,1,0
187.97,2,663.3,0,7,61.94,0,0.173,0,0
68.48,6,260.0,0,4,35.38,0,0.665,0,0
104.3,4,30.5,1,23,88.77,0,0.401,0,0
159.62,2,2807.3,0,17,9.64,0,0.439,0,0
103.17,8,322.6,0,13,12.56,0,0.43,0,0
14.86,3,1538.3,0,23,0.18,1,0.381,0,0
111.29,2,191.4,0,18,2.32,0,0.043,1,0
30.94,5,933.8,0,1,36.71,1,0.247,0,0
19.77,6,335.7,1,13,133.79,1,0.01,1,0
4.34,4,689.0,1,2,16.5,0,0.222,0,0
150.88,5,498.8,0,2,14.47,0,0.303,0,0
43.18,6,173.7,0,1,51.05,0,0.427,0,0
89.72,2,1118.4,0,14,32.51,0,0.39,1,0
48.8,5,1300.5,0,11,83.49,0,0.35,1,0
112.22,3,364.0,0,18,18.34,1,0.208,0,0
134.23,1,318.4,0,20,152.37,3,0.518,1,1
26.06,1,551.3,0,6,7.82,0,0.259,0,0
169.28,5,66.0,1,6,32.09,0,0.439,0,0
94.2,4,1423.7,0,16,61.37,0,0.245,0,0
62.75,5,44.1,0,11,83.86,0,0.157,0,0
52.95,2,1147.6,1,9,121.54,0,0.0,1,0
76.17,6,101.6,0,1,110.66,0,0.533,0,0
26.97,2,493.5,0,12,8.92,0,0.323,0,0
58.74,6,1050.9,0,23,22.67,0,0.33,0,0
105.24,4,400.0,0,1,30.31,0,0.118,0,0
98.21,7,229.0,0,12,10.01,0,0.583,0,0
187.95,3,79.0,1,5,0.38,0,0.23,0,0
87.46,2,163.8,0,9,18.33,0,0.469,0,1
104.77,5,1219.5,0,10,8.08,0,0.289,1,0
37.25,4,13.1,0,14,54.83,0,0.337,1,0
33.04,1,90.0,0,8,148.48,1,0.54,1,1
106.39,3,74.3,0,17,64.35,0,0.376,0,0
119.56,3,353.7,0,17,0.26,0,0.085,0,0
54.57,6,1224.5,0,7,23.96,0,0.588,1,0
143.21,2,540.2,1,15,48.08,0,0.458,1,0
62.86,0,57.4,0,7,18.49,0,0.286,0,0
59.79,4,86.5,0,7,12.18,0,0.33,1,0
55.61,5,446.8,0,8,38.89,0,0.217,1,0
43.21,2,42.0,1,10,49.61,1,0.354,1,1
70.8,4,438.4,0,5,91.25,0,0.05,1,0
63.39,1,524.3,0,22,0.58,0,0.0,1,0
96.41,3,358.7,0,19,22.6,0,0.303,1,0
67.31,2,113.6,0,14,32.16,0,0.037,1,0
70.08,4,1170.1,0,23,10.05,0,0.337,1,0
59.41,3,387.4,0,17,70.29,0,0.139,1,0
105.8,5,2713.3,0,11,41.94,0,0.654,0,0
37.73,1,259.3,0,16,36.08,1,0.254,0,0
114.74,8,1151.6,0,11,30.42,0,0.518,0,0
11.63,10,1881.9,0,1,47.06,0,0.185,0,0
54.98,1,344.8,0,9,46.68,0,0.347,0,0
45.29,1,627.3,0,14,37.2,0,0.378,0,0
66.11,1,249.7,0,16,0.4,0,0.335,1,0
122.29,3,372.9,0,12,12.14,0,0.355,0,0
168.94,4,912.1,0,2,6.68,0,0.502,1,0
88.16,1,1592.4,0,6,11.78,0,0.0,0,0
124.56,6,1018.9,0,23,76.44,0,0.1,1,0
89.94,1,197.2,0,20,10.49,0,0.578,0,0
27.18,4,54.8,0,7,41.61,1,0.099,1,0
224.86,4,95.2,0,1,182.55,1,0.735,1,1
67.98,1,519.8,0,11,18.43,0,0.403,0,0
128.64,6,532.9,0,1,44.28,1,0.629,1,0
46.65,3,756.5,0,8,55.68,0,0.155,1,0
57.33,4,91.6,0,3,161.36,0,0.492,1,1
164.63,3,292.4,0,13,3.06,0,0.43,1,0
36.16,3,730.4,1,8,36.33,0,0.173,0,0
39.14,2,260.7,0,14,23.63,0,0.306,1,0
99.28,3,41.9,0,10,55.77,2,0.082,0,0
128.01,3,60.9,0,12,7.93,1,0.402,0,0
49.56,5,881.8,0,19,3.32,0,0.539,0,0
117.01,4,1746.1,0,5,38.26,0,0.052,0,0
96.81,3,1364.2,0,17,11.55,1,0.003,0,0
25.44,6,1061.8,0,14,44.27,0,0.657,1,0
118.46,3,151.1,0,4,35.58,0,0.494,0,0
42.5,3,1283.6,0,18,50.18,0,0.462,0,0
128.19,2,941.8,0,9,25.61,0,0.796,0,0
99.18,4,502.1,0,23,78.66,1,0.06,0,0
102.24,3,594.5,0,8,32.89,1,0.544,1,0
171.38,5,1065.9,0,3,32.53,0,0.066,1,0
211.3,5,186.5,0,18,11.53,0,0.225,0,0
94.6,2,504.3,0,21,31.69,0,0.0,1,0
142.95,2,539.4,0,1,77.2,1,0.123,0,0
53.62,3,145.7,0,21,16.2,0,0.117,0,0
107.19,5,71.9,0,3,14.22,2,0.273,1,0
46.2,2,41.2,0,15,12.81,0,0.067,0,0
255.44,2,6.8,1,12,30.95,2,0.567,1,1
101.55,4,506.4,1,21,32.78,0,0.194,1,0
312.68,2,64.0,0,19,45.91,1,0.204,0,1
35.52,6,808.4,0,12,10.59,0,0.13,0,0
266.95,3,382.1,0,7,18.3,0,0.276,1,0
82.92,4,3871.1,0,13,57.76,0,0.354,0,0
59.68,5,335.2,0,12,3.33,1,0.192,0,0
33.94,1,1078.6,0,14,19.53,0,0.156,1,0
207.92,5,353.8,0,15,28.27,0,0.333,0,0
57.56,3,38.9,1,19,56.61,0,0.512,0,0
9.95,2,864.0,0,10,28.75,0,0.511,1,0
165.73,3,21.1,0,19,12.72,0,0.27,1,0
107.09,6,213.2,0,8,23.36,1,0.259,1,0
16.06,4,650.4,0,11,45.33,0,0.15,1,0
40.13,0,502.4,0,5,1.13,0,0.099,0,0
25.66,6,135.5,0,21,9.54,0,0.272,0,0
317.18,2,17.4,1,20,119.77,1,0.393,0,1
39.15,3,708.9,0,21,14.05,0,0.0,0,0
45.54,4,721.6,1,16,48.29,0,0.298,0,0
32.95,7,110.7,0,11,5.7,0,0.132,0,0
42.09,3,1038.3,1,20,4.01,0,0.33,0,0
86.42,4,5362.7,0,10,3.6,0,0.317,0,0
60.23,4,895.9,1,22,2.92,1,0.718,0,0
5.81,4,382.9,0,21,4.47,1,0.243,0,0
123.45,1,239.4,0,14,16.44,1,0.435,0,0
181.93,6,331.5,0,16,0.68,2,0.27,1,0
72.64,2,33.5,0,2,28.3,0,0.148,1,0
90.82,5,167.9,0,12,31.3,0,0.333,1,0
49.39,6,899.0,0,11,11.26,0,0.383,1,0
177.05,6,602.1,1,20,31.6,1,0.195,1,0
53.21,2,96.8,0,0,38.26,0,0.541,0,0
90.88,3,4.8,0,21,12.02,0,0.192,0,0
46.51,6,13.9,0,4,57.95,1,0.259,0,0
469.85,0,89.6,0,0,199.97,0,0.655,0,1
43.08,6,1026.3,0,11,33.41,0,0.0,0,0
97.38,4,1471.9,0,3,26.72,0,0.514,0,0
188.57,5,106.9,0,2,11.02,0,0.181,1,0
101.87,6,893.0,0,21,0.83,0,0.19,0,0
222.36,1,6.2,0,3,280.01,1,0.249,0,1
100.74,6,334.9,0,2,82.43,0,0.174,1,0
40.11,3,294.1,0,23,73.26,0,0.239,0,0
92.33,2,1416.6,0,4,,0,0.696,1,0
37.7,6,143.9,0,23,35.7,0,0.0,0,0
87.03,5,392.3,0,0,19.93,0,0.271,1,0
53.85,5,171.0,0,15,10.02,0,0.423,0,0
467.05,5,67.4,1,21,232.91,0,0.585,1,1
64.98,2,402.9,0,16,34.29,0,0.341,1,0
49.03,6,365.7,0,10,1.62,2,0.188,1,0
84.69,4,320.3,0,21,31.07,0,0.593,1,0
12.02,6,265.8,0,23,17.71,0,0.608,0,0
64.9,5,692.7,0,16,34.41,1,0.324,1,0
46.35,8,690.8,0,22,19.61,0,0.276,1,0
4.7,1,725.7,0,7,51.34,0,0.316,0,0
74.23,7,802.4,0,11,60.82,0,0.292,1,0
181.47,3,1418.4,0,9,12.41,0,0.125,1,0
115.31,3,168.3,0,8,260.77,0,0.738,1,1
136.12,5,639.8,0,18,28.48,0,0.283,1,0
46.71,6,15.4,0,0,69.86,0,0.472,1,0
83.87,1,741.9,0,17,27.59,1,0.659,1,0
127.84,5,330.3,0,9,35.82,1,0.0,1,0
70.29,7,699.0,0,22,31.73,1,0.007,1,0
86.8,4,606.7,0,17,8.31,0,0.342,0,0
191.86,3,382.2,0,5,97.37,2,0.658,0,1
139.95,3,726.1,1,4,14.64,0,0.325,1,0
77.34,4,594.7,0,20,25.78,0,0.176,1,0
107.85,4,1128.4,0,2,22.03,0,0.239,0,0
38.43,4,346.5,0,15,10.25,0,0.452,0,0
648.35,0,235.2,1,6,231.06,1,0.754,0,1
154.77,6,141.0,0,23,32.11,0,0.178,0,0
11.25,3,400.1,0,5,3.06,0,0.129,0,0
24.84,6,388.6,0,12,0.84,0,0.611,1,0
124.93,4,689.3,0,19,71.87,0,0.335,0,0
29.6,4,936.6,0,21,1.86,0,0.212,1,0
115.01,4,845.2,0,2,,2,0.324,0,0
187.81,4,1148.3,0,5,29.4,0,0.0,1,0
197.14,2,1665.2,0,4,32.54,0,0.251,0,0
107.21,3,16.8,0,19,33.57,0,0.457,0,0
40.96,7,163.1,0,17,42.05,2,0.009,1,0
167.0,7,2244.5,0,14,33.85,0,0.26,1,0
21.23,4,115.6,1,3,63.4,0,0.82,1,0
64.14,4,184.9,1,0,21.51,0,0.347,1,0
17.8,5,1083.1,0,19,20.9,0,0.418,1,0
84.89,9,1021.8,0,12,49.4,0,0.777,0,0
0.48,2,1580.3,0,23,0.11,0,0.281,0,0
155.92,2,540.0,0,20,22.08,0,0.379,0,0
179.09,3,308.9,0,13,8.79,0,0.327,0,0
57.99,1,333.0,0,1,46.13,1,0.555,0,0
104.87,3,119.4,0,4,6.99,0,0.353,1,0
100.81,3,571.7,0,4,1.76,1,0.403,1,0
30.46,2,735.2,0,3,64.86,0,0.123,1,0
95.51,4,110.4,0,18,63.35,0,0.07,1,0
25.08,2,537.0,0,18,33.31,0,0.226,0,0
71.09,2,1033.6,0,19,39.21,0,0.576,0,0
37.45,5,104.6,0,11,64.41,0,0.426,0,0
182.92,1,688.9,0,13,17.04,0,0.412,0,0
76.97,2,761.8,0,3,43.54,0,0.115,1,0
188.63,2,0.1,1,17,7.96,0,0.857,1,1
37.35,4,323.5,1,4,28.22,0,0.542,0,0
13.26,6,175.8,0,8,68.83,0,0.14,1,0
188.72,4,2098.2,0,15,20.2,0,0.13,0,0
72.27,3,1040.6,0,8,34.64,0,0.647,0,0
167.61,3,117.8,0,3,175.29,0,0.202,1,1
66.05,5,667.0,0,13,17.98,0,0.207,0,0
117.43,3,813.9,0,21,57.05,1,0.478,1,0
216.85,8,78.7,0,2,39.61,0,0.475,1,0
32.84,5,542.2,0,21,29.48,0,0.436,0,0
67.84,1,1028.8,1,12,34.36,0,0.0,0,0
2.25,3,553.6,0,17,38.42,0,0.464,1,0
636.21,3,0.6,1,11,102.87,2,0.618,1,1
24.26,3,556.2,0,9,69.18,0,0.217,1,0
4.9,0,93.8,0,23,84.75,2,0.313,0,0
76.62,3,1176.4,1,11,28.96,1,0.133,1,0
34.23,3,114.7,0,18,17.66,0,0.0,0,0
62.09,5,294.1,0,23,55.99,0,0.561,0,0
31.43,5,110.0,0,22,39.21,1,0.36,1,0
115.09,4,1299.1,0,5,1.56,0,0.316,1,0
91.94,4,1239.6,0,6,66.58,0,0.0,1,0
69.34,5,922.1,1,0,34.98,0,0.395,0,0
11.34,8,225.2,0,8,43.08,2,0.501,0,0
195.41,3,193.5,0,18,72.11,0,0.425,1,0
108.39,2,253.8,0,15,168.83,0,0.226,0,1
62.91,3,22.8,1,5,19.33,0,0.0,1,0
48.44,5,292.9,0,7,70.62,0,0.07,0,0
114.5,5,1449.2,0,22,58.78,1,0.365,0,0
109.21,4,318.8,1,4,37.86,0,0.437,0,0
43.53,4,1054.4,0,11,21.87,1,0.134,0,0
55.01,4,181.8,0,1,19.07,0,0.014,0,0
103.34,4,1073.7,0,13,14.6,0,0.204,0,0
156.1,4,1167.3,1,21,8.77,0,0.0,1,0
80.02,1,2822.7,0,9,14.54,0,0.088,1,0
45.55,2,378.4,0,0,189.68,1,0.691,1,1
117.45,1,897.0,0,15,8.26,1,0.062,0,0
20.38,4,266.0,0,20,12.81,0,0.071,1,0
63.11,5,1188.1,0,14,50.42,1,0.331,0,0
129.21,2,257.3,1,13,62.57,0,0.0,1,0
34.33,4,75.8,0,11,45.31,0,0.0,0,0
87.88,3,654.1,0,10,39.45,0,0.0,0,0
41.4,4,1725.6,0,15,14.98,0,0.387,0,0
32.91,2,10.7,0,3,67.55,0,0.552,0,0
109.03,9,567.3,1,17,111.14,0,0.274,1,0
141.84,4,971.9,1,4,30.23,1,0.23,1,0
71.96,4,26.2,0,8,3.28,0,0.871,0,0
89.12,3,8.1,0,0,23.77,0,0.0,1,0
271.4,3,939.7,0,1,235.31,1,0.34,0,1
90.78,8,354.6,0,17,9.91,0,0.486,1,0
118.26,7,100.8,0,21,14.59,0,0.244,1,0
144.34,3,2141.7,0,23,26.33,0,0.0,0,0
23.81,6,537.3,0,20,13.71,0,0.0,1,0
48.65,6,1599.1,0,23,19.1,0,0.049,0,0
30.56,5,778.4,0,23,44.06,0,0.449,1,0
12.85,1,834.0,0,20,13.41,3,0.177,0,0
58.82,4,213.4,0,13,1.92,0,0.271,0,0
122.42,3,204.3,0,4,9.97,0,0.624,0,0
107.19,3,284.0,0,14,8.7,0,0.0,1,0
42.18,4,1296.7,0,8,4.72,0,0.373,1,0
49.06,5,36.6,0,19,36.61,0,0.11,1,0
40.75,4,342.4,0,18,3.6,1,0.869,0,1
1.81,2,176.9,0,1,13.85,0,0.467,0,0
110.89,2,536.0,0,7,19.8,0,0.336,0,0
81.19,2,301.9,1,13,22.29,0,0.755,0,0
126.96,3,113.0,0,10,15.31,0,0.412,1,0
80.1,5,295.0,0,13,4.61,0,0.444,1,0
48.14,5,414.7,0,10,41.67,0,0.733,0,0
27.03,6,62.3,0,11,100.14,0,0.0,0,0
159.65,2,382.2,0,17,47.11,0,0.0,0,0
11.51,4,376.6,1,15,19.65,0,0.019,0,0
5.84,2,79.8,0,9,135.73,1,0.792,1,1
70.0,6,505.2,0,17,61.02,0,0.455,0,0
123.45,3,891.6,0,14,40.28,1,0.021,0,0
121.54,4,260.1,0,12,60.18,0,0.214,1,0
123.84,3,1353.5,0,20,31.24,0,0.214,1,0
52.41,5,2205.4,0,17,42.77,0,0.579,0,0
2.46,1,152.6,0,5,16.46,0,0.04,0,0
59.4,6,161.3,0,11,20.67,0,0.276,0,0
40.31,5,463.6,0,11,22.13,0,0.605,0,0
15.72,4,884.8,0,2,19.7,1,0.316,1,0
162.98,2,807.7,0,5,10.88,0,0.52,1,0
160.16,2,293.1,0,2,37.62,0,0.373,0,0
188.61,1,482.5,0,3,44.21,0,0.012,0,0
47.44,3,3.5,1,5,36.13,0,0.083,0,0
12.23,2,233.9,0,1,8.05,0,0.0,0,0
161.35,1,758.9,1,10,202.93,3,0.562,0,1
1.73,10,769.0,0,11,20.39,1,0.276,0,0
58.23,5,1282.2,0,19,3.57,0,0.486,1,0
93.94,4,499.3,1,14,76.52,0,0.626,1,0
38.02,5,957.0,0,15,18.89,0,0.102,1,0
100.06,7,1566.1,0,1,20.42,0,0.121,0,0
117.45,1,191.8,0,11,229.15,2,0.101,1,1
9.74,10,1497.7,0,3,22.02,0,0.0,1,0
164.22,0,108.9,0,15,63.98,1,0.15,0,0
88.51,2,722.7,0,11,16.21,0,0.192,1,0
41.51,8,170.2,0,21,24.77,0,0.337,1,0
499.17,0,79.3,0,12,3.03,0,0.618,0,1
28.1,4,981.8,0,6,48.36,0,0.485,0,0
92.26,6,909.8,0,19,13.67,0,0.187,0,0
12.99,3,569.8,0,16,2.66,1,0.485,1,0
11.44,2,156.9,0,8,24.94,0,0.278,1,0
110.24,4,583.4,0,3,24.62,0,0.219,1,0
46.35,6,33.8,1,15,7.98,0,0.221,0,0
184.58,2,296.8,0,13,148.39,1,0.384,1,1
253.6,4,952.4,0,18,52.67,0,0.337,0,0
34.66,5,26.8,0,17,67.83,0,0.336,0,0
84.25,1,217.3,0,9,66.96,0,0.104,0,0
237.09,4,2704.6,0,20,29.01,0,0.534,1,0
3.0,3,51.9,0,7,30.64,0,0.282,0,0
87.93,3,419.5,0,21,10.09,0,0.0,0,0
23.76,5,2078.0,0,1,62.74,1,0.369,1,0
36.03,4,160.6,1,22,2.02,0,0.216,0,0
95.19,3,204.1,0,3,6.55,0,0.489,1,0
159.05,1,1209.6,0,1,6.49,0,0.708,1,0
106.65,1,954.7,0,17,29.22,0,0.348,0,0
56.47,4,16.2,0,16,26.62,0,0.431,1,0
189.41,2,271.5,0,13,116.79,1,0.218,1,1
0.44,2,189.7,0,11,8.62,0,0.185,1,0
7.76,6,1798.5,0,19,17.92,0,0.418,0,0
31.46,3,306.1,0,7,0.42,0,0.474,0,0
127.89,3,592.8,0,14,35.84,0,0.267,0,0
131.75,3,712.9,0,5,48.83,0,0.063,0,0
119.8,3,238.1,0,14,43.0,0,0.527,0,0
170.29,1,46.6,0,10,2.13,0,0.286,1,0
86.72,2,333.8,0,20,11.59,1,0.276,1,0
344.16,1,110.0,0,4,82.64,0,0.608,0,1
113.95,2,292.9,0,14,20.75,0,0.134,0,0
138.46,4,922.7,0,10,19.16,2,0.0,0,0
140.86,3,85.1,0,18,23.65,0,0.081,0,0
0.73,2,48.2,1,17,57.03,0,0.444,1,0
12.01,4,245.0,0,17,40.22,0,0.241,0,0
113.16,2,1035.5,0,8,15.16,0,0.257,0,0
413.22,0,179.7,1,5,120.17,0,0.555,0,1
78.91,0,350.1,0,15,26.48,0,0.23,0,0
170.13,4,473.9,0,21,8.38,1,0.33,0,0
47.27,6,1565.8,1,22,75.79,0,0.445,0,0
5.37,5,50.1,0,3,53.22,1,0.013,0,0
58.4,5,1328.7,0,6,25.01,0,0.237,0,0
90.06,5,618.2,0,0,112.25,0,0.529,0,0
271.62,1,8.4,0,20,2.02,0,0.718,0,0
92.18,4,133.3,0,19,14.71,0,0.41,1,0
13.28,7,1577.6,0,12,14.46,0,0.278,1,0
159.29,6,122.9,0,12,35.38,1,0.09,0,0
131.12,1,1555.5,0,11,3.91,0,0.0,0,0
139.44,3,475.8,0,3,35.56,0,0.051,1,0
239.35,5,153.2,0,7,47.97,0,0.03,0,0
43.66,7,820.9,0,5,20.43,2,0.421,0,0
201.13,6,9.9,0,0,246.45,1,0.16,0,1
131.71,1,933.1,0,14,71.33,0,0.411,0,0
113.39,8,875.3,0,7,4.18,0,0.413,1,0
103.21,3,210.0,1,18,30.02,0,0.047,0,0
30.71,2,718.7,0,1,16.17,0,0.582,0,0
118.8,1,167.5,0,0,13.14,2,0.396,1,0
145.29,3,1278.8,0,0,26.81,0,0.0,0,0
159.8,3,466.9,0,9,43.98,0,0.86,0,0
525.27,4,1094.6,0,22,195.46,2,0.324,1,1
85.46,3,1635.9,0,8,41.63,0,0.363,1,0
24.9,2,915.4,0,12,50.08,0,0.167,0,0
104.71,8,2395.7,0,6,5.89,0,0.163,1,0
122.83,2,34.7,0,21,3.76,0,0.27,1,1
4.02,4,576.0,0,23,6.56,0,0.0,0,0
103.01,6,287.6,0,9,48.16,1,0.047,0,0
59.02,1,1709.7,0,12,3.72,0,0.4,0,0
138.77,4,3064.5,0,8,48.25,0,0.055,0,0
66.51,5,552.5,0,11,48.0,0,0.444,0,0
65.0,4,392.2,0,3,7.53,1,0.313,0,0
109.42,7,9.6,1,20,11.92,0,0.244,0,0
26.24,0,78.2,0,18,25.24,0,0.414,1,0
5.62,3,277.1,0,0,32.29,0,0.284,1,0
14.52,4,324.5,0,3,38.07,0,0.092,1,0
45.57,3,571.0,0,12,22.43,1,0.31,0,0
18.23,3,1220.8,0,8,21.4,0,0.435,1,0
41.51,11,253.2,0,2,79.11,0,0.134,0,0
58.08,5,1831.1,0,0,6.75,0,0.206,0,0
192.14,1,241.5,0,1,179.46,3,0.55,0,1
83.92,6,279.1,0,17,69.95,0,0.157,0,0
141.03,5,1101.6,1,15,60.23,0,0.613,0,0
1.05,2,438.2,0,3,51.57,0,0.281,0,0
130.83,2,534.0,0,8,72.46,1,0.031,1,0
51.73,5,556.8,0,8,29.58,0,0.608,1,0
24.45,3,369.3,1,18,73.47,0,0.195,1,0
89.99,5,238.4,0,14,72.98,1,0.276,1,0
13.24,4,154.4,0,16,34.54,1,0.211,0,0
82.89,2,152.7,0,6,20.16,1,0.497,1,0
99.6,4,963.4,0,17,49.04,0,0.158,1,0
15.04,2,762.3,0,15,33.61,0,0.113,1,0
150.16,7,266.4,0,17,7.54,0,0.116,1,0
38.92,3,103.5,0,10,56.32,0,0.075,1,0
90.07,2,537.4,0,15,29.18,0,0.122,1,0
107.57,4,6.3,1,8,120.86,0,0.333,0,0
172.95,4,206.3,1,18,43.16,1,0.453,0,1
4.98,3,865.7,1,10,60.42,0,0.31,0,0
25.15,4,67.8,0,20,24.69,0,0.197,1,0
76.87,6,3034.5,0,18,16.7,0,0.476,1,0
178.06,2,1151.6,0,11,73.77,1,0.0,0,0
77.72,7,873.4,0,0,6.88,1,0.0,0,0
158.97,8,1101.2,0,16,47.5,0,0.226,1,0
77.47,3,1301.8,0,20,54.0,0,0.13,1,0
25.18,9,489.5,0,14,27.13,0,0.307,0,0
117.96,4,1452.7,0,14,2.77,0,0.299,0,0
75.1,5,998.6,0,15,66.1,0,0.521,1,0
31.24,0,639.8,0,5,45.12,0,0.668,1,0
26.41,3,2003.0,0,0,16.72,0,0.081,0,0
240.22,2,534.2,0,10,31.63,0,0.453,1,0
12.01,4,96.5,0,15,41.07,0,0.377,0,0
160.89,3,530.1,0,6,75.49,0,0.659,0,1
91.29,0,69.3,0,16,38.6,0,0.332,1,0
20.89,4,843.6,0,1,24.16,0,0.422,0,0
77.39,4,88.5,0,7,24.03,1,0.194,1,0
61.92,3,575.7,1,4,47.5,0,0.153,0,0
126.34,2,276.3,0,21,29.46,1,0.132,1,0
55.17,6,879.3,0,10,,0,0.879,0,0
68.14,2,1873.4,0,17,21.81,0,0.597,1,0
95.66,5,205.4,0,18,24.44,0,0.173,0,0
76.55,1,253.5,1,9,66.19,0,0.403,1,1
127.28,3,48.2,0,5,42.04,0,0.083,1,0
42.46,4,4837.8,1,19,60.12,0,0.51,1,0
73.97,7,216.0,0,18,31.43,0,0.239,1,0
153.85,3,709.6,0,15,51.21,1,0.728,0,0
101.37,0,13.0,0,11,,0,0.247,0,0
11.18,4,656.6,0,1,34.6,0,0.407,0,0
96.03,0,1137.0,0,7,36.71,0,0.042,0,0
96.08,1,1078.7,1,16,61.56,0,0.354,0,0
122.0,4,1978.2,0,7,44.73,1,0.18,0,0
210.48,4,393.0,0,8,2.91,0,0.157,0,0
7.4,4,31.3,0,16,58.74,0,0.188,1,0
185.37,4,105.8,0,2,35.74,1,0.412,0,0
28.87,2,176.8,0,17,22.91,0,0.254,0,0
38.82,9,176.5,0,6,24.32,0,0.223,1,0
90.1,3,21.8,0,2,5.49,0,0.056,1,0
281.24,3,301.2,0,12,4.5,1,0.357,1,1
50.12,4,360.8,0,14,13.14,0,0.326,0,0
171.67,0,608.3,0,4,20.85,0,0.529,0,0
91.58,6,1268.8,0,2,35.0,1,0.195,1,0
83.04,3,261.8,0,8,32.93,1,0.223,0,0
10.6,4,3.6,0,8,13.32,0,0.052,0,0
207.31,2,25.3,1,22,164.04,1,0.891,1,1
127.34,3,503.6,0,0,24.42,1,0.28,1,0
212.24,3,347.3,0,6,,2,0.571,0,1
83.59,4,412.8,1,10,46.49,0,0.394,0,0
55.65,5,720.6,1,12,33.46,0,0.0,0,0
140.61,1,229.2,1,9,38.01,0,0.488,0,0
100.58,5,258.5,0,10,0.0,0,0.019,0,0
56.06,1,320.1,0,8,29.26,0,0.098,1,0
41.13,0,599.3,0,21,46.66,0,0.334,1,0
45.64,4,868.8,1,17,66.98,0,0.0,0,0
3.29,4,568.5,0,10,32.82,0,0.53,1,0
33.23,4,84.7,0,16,46.44,0,0.145,0,0
79.19,3,1288.3,0,16,8.29,0,0.443,0,0
80.71,3,1505.4,1,4,17.16,1,0.239,0,0
50.11,6,1140.8,0,2,1.37,1,0.234,1,0
9.44,5,1342.5,0,23,32.3,0,0.256,0,0
75.07,3,1276.9,0,5,8.75,1,0.182,0,0
172.34,5,219.4,0,21,,0,0.185,1,0
173.46,3,613.1,1,21,193.15,0,0.488,1,1
47.0,4,437.4,0,6,29.69,0,0.383,1,0
28.67,4,2246.3,0,3,56.05,0,0.093,0,0
106.46,3,1072.5,0,9,40.52,0,0.624,1,0
194.82,1,49.5,0,6,50.28,1,0.0,0,0
93.28,3,2242.8,1,18,88.65,0,0.427,1,0
33.36,5,901.2,0,9,1.85,0,0.34,1,0
88.23,4,419.3,1,9,1.1,0,0.689,0,0
246.28,0,424.6,0,5,284.61,0,0.523,1,1
63.19,4,182.6,0,3,13.18,0,0.49,0,0
142.59,2,470.4,1,0,7.94,0,0.393,1,0
179.07,5,1024.8,0,17,30.02,1,0.182,0,0
34.48,6,95.9,0,7,12.77,0,0.022,0,0
139.63,2,115.8,0,23,327.48,1,0.781,1,1
27.51,4,1271.7,0,4,22.63,0,0.265,1,0
95.73,2,33.9,0,1,38.83,0,0.0,1,0
56.9,4,246.8,0,13,77.24,0,0.0,0,0
53.15,4,374.3,0,7,3.08,0,0.562,0,0
114.79,8,143.9,0,6,29.09,0,0.425,1,0
48.11,8,500.7,0,20,100.24,0,0.559,0,0
65.55,1,1296.1,0,17,21.16,0,0.0,0,0
108.48,3,2045.9,0,16,24.37,0,0.317,0,0
60.48,2,351.5,0,18,19.88,0,0.0,1,0
83.02,4,249.2,0,10,7.15,0,0.0,0,0
15.34,5,505.6,0,6,19.01,0,0.0,1,0
32.29,2,1249.7,0,19,11.37,0,0.141,0,0
23.35,2,777.5,0,18,30.94,1,0.075,0,0
111.44,1,1167.7,0,15,0.74,0,0.329,1,0
77.8,3,564.9,0,7,4.45,2,0.0,1,0
123.05,5,274.5,0,12,12.49,0,0.4,0,0
21.16,4,1018.5,0,3,14.54,1,0.621,0,0
103.97,5,332.3,0,3,53.86,1,0.343,0,0
8.69,4,832.4,0,7,53.04,0,0.432,1,0
0.73,5,197.1,1,15,109.04,0,0.451,0,0
31.54,0,179.1,0,22,24.61,1,0.376,1,0
126.31,6,318.6,0,23,28.41,0,0.329,1,0
4.49,5,269.8,1,6,1.91,1,0.321,1,0
58.31,6,81.8,1,9,8.65,0,0.376,1,0
165.75,10,33.3,0,13,52.66,1,0.285,1,0
364.54,0,63.7,0,0,34.11,1,0.778,1,1
30.75,2,227.3,0,15,58.53,0,0.323,0,0
34.05,4,503.6,0,22,28.61,0,0.421,0,0
117.95,1,43.0,0,5,24.52,0,0.717,1,0
109.22,1,1614.5,0,22,73.19,1,0.051,0,0
20.14,6,247.6,0,4,49.98,1,0.121,0,0
8.21,2,298.9,1,13,39.25,1,0.396,1,0
36.56,3,136.3,0,9,57.82,1,0.241,0,0
26.41,3,469.9,0,17,1.12,0,0.101,0,0
129.87,7,305.9,1,2,44.75,0,0.601,0,0
7.68,1,569.2,1,18,43.48,0,0.431,1,0
120.08,1,369.1,0,7,8.17,0,0.164,1,0
259.55,1,118.3,0,6,54.32,1,0.57,0,1
199.89,3,205.3,0,0,12.04,0,0.349,0,0
9.49,2,136.7,1,11,157.33,0,0.596,1,1
66.24,3,118.1,0,4,41.89,0,0.143,1,0
107.02,6,533.9,0,12,70.42,1,0.219,0,0
78.81,4,1086.2,0,12,32.6,0,0.281,0,0
29.87,0,786.3,0,22,7.36,0,0.491,0,0
49.59,3,878.0,1,14,70.59,1,0.422,0,0
4.79,3,1902.8,0,2,71.99,0,0.238,1,0
37.38,2,68.2,0,22,64.38,0,0.049,1,0
36.95,2,1174.1,0,15,17.19,0,0.0,1,0
102.96,5,1183.3,0,5,48.29,0,0.468,0,0
54.72,2,1260.6,0,9,34.17,0,0.0,0,0
32.05,1,10.0,0,11,34.43,2,0.318,0,0
56.49,7,711.4,0,16,2.07,0,0.434,0,0
151.09,4,973.4,0,22,85.31,0,0.291,0,0
80.34,7,338.4,0,0,26.6,0,0.315,1,0
94.26,3,991.3,0,21,81.13,0,0.181,1,0
66.87,7,838.3,0,9,49.64,0,0.619,1,0
16.28,4,2974.0,0,23,24.62,0,0.652,1,0
105.31,4,452.4,0,0,54.88,1,0.063,1,0
43.38,6,510.8,0,9,11.71,1,0.0,0,0
73.51,4,1902.2,0,20,21.15,0,0.0,0,0
126.22,6,2668.8,0,0,25.18,0,0.488,0,0
113.27,5,108.6,0,1,27.59,0,0.239,0,0
108.65,8,210.5,1,8,4.12,1,0.221,1,0
39.1,4,758.8,0,18,65.62,0,0.319,0,0
48.06,3,85.4,0,18,49.61,0,0.513,0,0
120.51,4,1038.5,1,23,16.23,0,0.26,1,0
114.65,6,892.7,0,11,12.35,0,0.0,1,0
43.91,2,25.2,1,0,17.37,0,0.415,1,0
13.89,3,348.2,0,13,14.1,1,0.208,1,0
57.83,1,140.7,1,4,63.89,0,0.155,0,0
103.18,7,312.1,0,8,26.58,0,0.008,1,0
49.05,6,250.6,0,22,26.17,1,0.657,0,0
29.62,5,1428.9,0,11,50.86,0,0.127,1,0
99.81,3,1564.6,0,17,29.77,0,0.468,0,0
136.4,2,90.9,0,13,66.62,0,0.415,1,0
147.87,5,312.4,0,20,10.24,2,0.538,0,0
130.56,4,2334.7,0,11,3.6,1,0.313,0,0
65.5,2,792.3,0,13,32.55,0,0.457,1,0
88.85,5,810.4,0,20,9.87,0,0.242,0,0
198.7,3,32.3,0,11,180.55,1,0.717,1,1
139.76,5,821.3,0,20,68.13,0,0.033,1,0
23.81,4,5.9,0,6,0.22,0,0.226,1,0
147.02,3,105.1,0,9,5.22,0,0.055,0,0
22.42,2,167.0,0,10,27.06,0,0.783,1,0
68.94,5,1353.2,0,23,7.78,0,0.0,1,0
43.96,1,168.9,0,10,76.27,0,0.514,0,1
60.95,0,3555.7,0,0,7.51,0,0.469,0,0
169.18,2,1593.3,1,10,16.07,0,0.3,0,0
90.93,4,154.5,0,11,29.3,0,0.0,1,0
61.26,4,73.0,0,18,42.93,0,0.213,0,0
18.87,5,1174.2,0,9,3.99,0,0.322,0,0
115.36,5,880.9,0,7,7.11,0,0.438,0,0
36.27,5,1757.1,0,11,85.08,0,0.227,0,0
163.22,2,1464.5,0,1,66.37,0,0.686,0,0
419.21,1,743.4,1,15,125.17,0,0.51,0,1
1.79,5,824.1,0,10,23.62,0,0.001,1,0
65.21,3,205.4,0,11,53.49,0,0.322,1,0
52.67,2,652.1,0,2,10.38,1,0.17,1,0
78.15,3,934.3,0,22,51.19,0,0.311,1,0
38.22,4,676.9,1,20,53.53,0,0.087,0,0
169.25,4,19.9,0,16,31.1,0,0.55,0,0
58.68,4,368.8,1,2,41.96,0,0.58,0,0
83.26,6,86.0,1,21,45.09,0,0.222,0,0
47.51,2,746.4,0,4,27.92,0,0.151,0,0
14.69,1,733.1,0,13,16.07,0,0.0,1,0
36.18,0,1853.5,1,1,36.34,0,0.508,0,0
70.16,1,113.9,0,14,18.66,0,0.241,0,0
337.19,2,55.6,1,7,136.64,0,0.766,0,1
375.38,1,224.7,0,3,319.09,0,0.117,0,1
100.32,2,866.8,0,11,11.36,2,0.326,1,0
8.51,1,756.7,0,2,,0,0.113,1,0
28.57,6,307.0,0,10,31.57,0,0.689,1,0
65.92,3,34.5,0,21,30.49,0,0.192,0,0
20.24,4,580.6,0,0,46.06,0,0.119,1,0
157.66,5,1270.4,0,14,9.9,2,0.15,1,0
22.78,6,300.3,0,21,79.34,0,0.0,0,0
101.62,10,854.6,0,15,56.37,0,0.049,0,0
26.86,6,1108.1,0,11,2.16,0,0.429,1,0
68.62,2,5.0,0,8,52.8,0,0.018,1,0
149.83,6,1953.9,0,22,21.18,0,0.404,0,0
149.35,2,127.5,0,12,76.28,0,0.733,0,0
27.3,3,1103.5,0,21,23.24,1,0.531,0,0
85.42,4,1396.1,0,22,85.07,0,0.371,0,0
170.26,1,169.8,0,9,10.36,0,0.356,0,0
172.62,3,795.9,0,16,2.9,0,0.286,1,0
109.61,4,582.4,0,20,14.58,0,0.003,1,0
12.22,1,88.0,0,8,44.87,0,0.22,0,0
94.91,4,703.5,0,17,7.0,0,0.219,0,0
210.26,4,133.9,0,10,4.81,0,0.0,1,0
103.49,5,129.8,0,0,26.37,0,0.34,0,0
65.13,4,1890.1,0,3,39.27,0,0.036,1,0
141.12,6,167.8,0,23,17.03,0,0.259,1,0
96.67,5,3427.7,0,6,16.29,0,0.186,0,0
61.57,5,987.0,0,8,48.16,1,0.169,0,0
112.3,3,431.1,0,1,31.25,0,0.071,0,0
1.85,6,612.6,0,17,45.39,0,0.092,1,0
86.88,2,38.4,0,7,79.86,0,0.053,1,0
37.46,4,1081.6,0,4,17.0,1,0.362,0,0
153.79,0,125.0,1,20,106.15,1,0.153,1,1
28.5,2,138.8,0,5,10.13,0,0.39,0,0
170.88,1,469.4,0,21,56.68,1,0.29,1,0
50.37,4,22.5,0,8,26.16,0,0.094,1,0
82.83,6,353.2,0,18,13.36,0,0.285,1,0
183.96,5,395.7,0,18,3.91,0,0.039,0,0
263.24,1,479.8,0,2,114.91,1,0.41,1,1
182.41,2,317.1,0,8,41.96,2,0.489,1,1
91.27,4,252.9,0,8,31.63,0,0.0,1,0
36.16,8,208.4,0,0,36.92,0,0.548,1,0
32.53,4,979.2,0,15,109.98,0,0.58,1,0
39.94,4,170.0,0,0,,0,0.0,1,0
38.93,1,105.6,0,19,58.67,0,0.411,0,0
97.64,5,207.5,0,4,14.63,0,0.122,0,0
16.94,1,800.7,0,10,5.6,1,0.0,1,0
23.84,2,898.7,0,11,108.03,0,0.657,0,0
25.76,6,188.9,0,22,25.87,1,0.0,0,0
116.41,3,839.9,0,5,7.52,0,0.43,1,0
11.58,6,91.2,0,7,28.01,0,0.319,0,0
15.81,4,934.7,0,6,11.63,0,0.303,0,0
42.34,4,872.1,1,5,48.52,1,0.358,0,0
384.05,3,84.9,0,15,272.26,0,0.714,0,1
124.19,5,165.6,0,2,29.85,0,0.22,1,0
119.54,2,668.6,0,5,38.28,0,0.277,0,0
165.0,6,219.8,0,1,14.54,0,0.217,0,0
44.75,3,100.4,0,12,47.46,0,0.094,1,0
63.8,7,270.8,0,11,3.03,0,0.399,1,0
9.28,1,445.0,0,14,3.51,0,0.046,0,0
129.7,4,1040.9,1,19,17.5,1,0.0,1,0
115.39,4,458.1,0,4,74.7,1,0.322,0,0
56.59,5,67.9,0,12,34.36,0,0.0,1,0
35.69,2,2663.2,1,10,42.21,0,0.17,0,0
58.9,0,3112.6,0,14,40.39,0,0.2,1,0
195.74,2,352.8,0,11,225.33,0,0.766,1,1
3.65,1,55.2,0,0,46.0,1,0.625,1,1
2.4,10,332.6,0,20,39.63,0,0.26,0,0
60.97,4,363.9,0,19,13.92,0,0.239,0,0
88.38,1,678.5,0,6,3.29,2,0.59,0,0
16.19,4,90.7,1,9,20.02,2,0.289,0,0
34.54,3,124.5,0,18,82.68,0,0.324,0,0
63.12,1,1583.8,0,17,23.56,0,0.0,1,0
29.37,2,2474.4,0,8,8.27,0,0.604,0,0
86.18,5,271.9,0,2,29.28,0,0.0,1,0
40.17,4,189.7,0,8,21.56,0,0.388,0,0
98.97,6,134.6,0,22,27.66,1,0.197,1,0
137.72,3,0.9,0,7,27.89,0,0.636,1,0
30.01,4,402.9,1,8,18.17,1,0.47,1,0
213.63,0,60.7,0,14,20.8,1,0.654,0,0
126.03,2,551.5,0,1,16.89,0,0.344,0,0
284.26,4,467.6,0,7,107.03,0,0.63,1,1
44.17,2,17.9,0,3,32.36,0,0.129,1,0
27.11,3,1978.1,0,21,29.12,0,0.492,1,0
36.39,6,466.2,1,15,,0,0.182,0,0
199.44,1,687.5,0,6,25.47,0,0.0,0,0
61.34,2,96.0,0,19,44.1,0,0.049,1,0
41.62,4,420.0,0,7,9.27,1,0.356,0,0
61.75,5,1058.1,0,20,23.93,0,0.0,1,0
53.2,6,227.9,1,1,83.64,1,0.318,1,0
8.49,4,81.3,0,15,56.22,1,0.167,0,0
17.54,4,1481.4,0,19,7.95,0,0.103,1,0
159.25,4,439.6,0,2,24.21,0,0.2,0,0
157.1,6,232.3,0,23,3.58,0,0.236,1,0
103.1,2,510.5,0,9,10.33,0,0.473,1,0
0.07,4,273.1,0,14,11.13,1,0.112,1,0
72.68,5,196.0,0,21,91.7,0,0.378,1,0
124.4,4,1414.5,0,0,38.39,0,0.523,0,0
151.9,5,202.0,0,15,10.57,0,0.121,0,0
132.12,4,1028.0,0,14,16.24,0,0.382,1,0
31.54,5,202.7,1,2,3.1,0,0.0,1,0
27.72,9,514.8,0,4,0.59,0,0.502,1,0
130.82,4,1244.5,0,19,32.53,0,0.431,0,0
124.22,7,525.7,0,14,2.55,1,0.272,0,0
144.87,2,419.6,1,4,40.79,1,0.245,1,0
92.02,2,813.7,0,16,70.62,0,0.561,0,0
130.22,2,1899.1,0,2,68.26,2,0.227,0,0
25.21,3,1259.5,0,7,96.56,0,0.189,1,0
64.22,7,12.7,0,1,80.99,0,0.177,1,0
103.47,2,442.5,0,22,7.49,0,0.171,1,0
62.23,0,75.0,1,11,65.88,0,0.459,1,1
1.12,3,79.7,0,17,61.2,0,0.381,1,0
101.85,4,753.2,0,15,8.59,0,0.0,0,0
111.81,2,672.8,1,2,50.46,0,0.884,1,0
96.21,3,702.0,0,23,4.24,0,0.243,0,0
102.74,2,991.1,0,19,12.32,0,0.35,0,0
137.66,2,1281.1,0,7,11.77,0,0.409,0,0
114.76,1,532.4,0,19,38.56,0,0.0,0,0
168.51,4,832.1,1,17,29.25,0,0.042,0,0
139.75,3,351.1,0,23,5.37,0,0.0,0,0
120.97,4,1475.1,0,14,4.21,0,0.164,1,0
63.89,4,76.9,0,4,68.42,0,0.448,0,0
156.8,3,1384.1,0,8,41.3,0,0.291,0,0
160.1,1,790.0,1,17,182.41,1,0.531,0,1
365.8,2,184.2,1,18,34.36,4,0.661,1,1
29.89,2,46.2,0,5,27.16,1,0.041,0,0
46.73,4,152.3,0,22,28.23,0,0.036,1,0
203.05,4,10.2,0,1,48.38,0,0.435,1,0
95.14,9,790.9,0,21,27.53,0,0.399,1,0
103.51,4,17.7,0,21,1.27,0,0.064,1,0
86.65,1,117.6,0,10,22.49,0,0.152,1,1
19.12,4,807.7,1,18,56.5,1,0.148,1,0
38.25,8,203.6,1,9,17.58,0,0.157,1,0
109.77,1,64.2,1,19,9.76,0,0.463,0,0
47.65,2,1420.5,0,16,57.72,0,0.0,1,0
24.66,1,736.4,0,6,20.81,0,0.205,1,0
209.35,7,4356.6,0,11,32.71,0,0.56,0,0
38.58,9,935.2,0,16,59.36,0,0.571,0,0
98.92,3,287.6,1,1,6.72,0,0.129,1,0
104.0,3,1208.8,0,22,9.73,0,0.168,0,0
162.7,3,991.5,0,2,92.64,0,0.176,1,0
158.87,6,263.4,0,2,42.03,0,0.358,0,0
46.14,1,1105.8,0,3,23.92,1,0.514,0,0
134.0,3,226.1,0,11,9.79,0,0.353,0,0
64.5,3,1759.0,0,20,58.12,0,0.116,0,0
99.83,8,74.0,1,10,5.71,0,0.032,0,0
30.45,4,266.9,0,10,2.3,0,0.421,0,0
243.58,2,239.4,1,6,90.63,0,0.717,0,1
272.7,3,131.6,1,12,230.44,0,0.666,1,1
7.9,2,116.1,0,3,16.56,0,0.276,0,0
25.95,4,610.3,0,11,19.1,2,0.315,0,0
286.44,2,312.9,0,20,0.29,2,0.567,0,1
0.77,2,624.3,0,19,74.35,0,0.0,0,0
14.13,4,39.2,0,14,9.86,0,0.584,1,0
63.01,1,184.1,0,20,83.18,0,0.094,0,0
221.95,5,45.8,0,21,176.81,1,0.158,1,1
139.49,2,357.0,0,13,51.21,0,0.058,0,0
107.61,1,453.0,0,5,14.86,0,0.423,0,0
235.46,1,56.3,0,21,24.64,1,0.31,0,0
93.12,7,911.8,0,0,23.48,0,0.151,1,0
22.75,1,84.0,0,4,19.51,0,0.698,1,0
134.2,3,438.4,0,9,10.01,1,0.127,1,0
126.22,2,515.1,0,21,3.76,0,0.0,1,0
66.81,4,288.5,0,8,14.91,0,0.331,0,0
84.77,4,3394.5,0,6,34.82,0,0.516,1,0
119.82,6,722.9,0,20,23.34,0,0.398,1,0
51.4,4,1589.2,0,0,45.52,0,0.604,0,0
159.93,3,88.4,0,2,33.09,1,0.279,0,0
45.22,2,2960.1,0,17,16.99,0,0.512,0,0
0.31,4,280.1,0,21,13.61,0,0.177,0,0
20.06,6,110.4,0,7,47.05,1,0.798,0,0
87.12,4,248.8,1,21,35.85,0,0.513,1,0
66.55,3,884.7,1,14,18.61,0,0.279,1,0
10.75,8,136.6,0,3,13.55,0,0.268,0,0
373.89,1,596.6,0,9,33.4,2,0.874,0,1
103.58,2,543.4,0,5,58.77,1,0.29,1,0
47.81,3,128.6,0,0,60.14,0,0.18,0,0
102.85,5,24.2,0,4,68.58,0,0.213,0,0
93.94,2,865.2,0,5,49.76,0,0.277,0,0
151.72,4,908.7,0,1,,0,0.229,1,0
11.94,9,454.0,0,19,,0,0.336,0,0
138.22,1,238.2,0,16,3.4,0,0.378,1,0
60.39,4,1237.4,0,9,102.77,0,0.341,0,0
5.13,3,1649.6,0,14,35.35,1,0.456,1,0
33.55,1,102.2,0,22,101.72,1,0.393,0,1
89.26,3,265.6,1,11,59.61,0,0.104,0,0
70.18,3,323.2,0,17,36.39,0,0.093,0,0
53.84,5,1427.8,0,12,30.67,1,0.08,1,0
59.99,4,1297.2,0,21,54.3,0,0.276,1,0
21.66,5,361.3,1,21,17.26,0,0.181,1,0
52.51,4,199.9,0,5,19.62,1,0.218,0,0
8.23,3,449.7,0,19,8.74,0,0.223,0,0
112.2,5,2048.7,0,5,29.25,0,0.268,0,0
131.1,4,635.5,0,10,10.38,0,0.349,0,0
82.55,1,390.7,0,18,11.91,0,0.002,1,0
37.35,2,1197.8,1,5,47.63,0,0.084,0,0
53.88,7,419.2,0,5,43.73,0,0.149,1,0
89.14,5,1929.2,0,18,53.59,0,0.371,0,0
1.16,4,509.0,0,11,41.07,0,0.0,0,0
55.12,4,1015.3,0,5,1.39,1,0.433,0,0
91.97,4,1643.3,0,21,33.35,1,0.497,1,0
80.99,3,2105.2,0,2,49.42,0,0.598,1,0
5.18,2,812.9,0,11,24.52,1,0.47,1,0
9.86,6,2389.4,1,9,34.36,0,0.308,1,0
435.79,1,202.1,0,18,69.38,1,0.202,1,1
67.94,2,1525.5,0,20,12.54,0,0.284,1,0
181.38,2,1577.3,0,23,35.51,0,0.049,0,0
404.78,0,203.7,0,6,75.02,1,0.604,0,1
34.26,6,217.1,0,13,7.84,0,0.0,1,0
63.23,2,128.0,1,22,36.7,0,0.24,0,0
23.84,2,445.7,0,17,54.55,0,0.231,0,0
74.13,4,857.6,0,2,13.2,0,0.571,1,0
43.82,5,68.1,0,13,3.87,0,0.638,0,0
218.21,4,424.6,0,0,42.97,0,0.0,0,0
65.48,2,777.8,0,19,1.46,0,0.365,0,0
46.32,3,134.4,0,6,3.12,0,0.317,0,0
42.31,3,684.1,0,2,40.33,1,0.395,0,0
18.77,0,1322.7,0,3,,0,0.145,0,0
115.25,3,1782.7,0,4,75.4,0,0.458,0,0
110.01,3,2080.3,0,15,58.25,0,0.419,0,0
64.78,4,196.7,0,7,40.9,2,0.63,1,0
2.85,2,151.0,0,6,72.55,0,0.0,1,0
148.67,2,103.6,0,23,122.38,0,0.617,1,1
41.8,3,612.1,0,17,10.12,0,0.623,0,0
189.45,3,54.0,0,4,26.13,0,0.0,0,0
63.48,3,1016.9,1,6,37.12,1,0.452,1,0
98.94,6,850.7,0,6,40.11,1,0.185,0,0
98.99,4,698.3,0,17,26.58,1,0.2,0,0
41.45,5,464.6,0,3,93.94,0,0.267,1,0
10.59,3,98.7,0,12,17.1,0,0.0,0,0
13.76,3,824.3,0,9,27.33,0,0.3,1,0
20.36,4,1210.2,0,11,68.42,0,0.372,1,0
45.16,1,1394.9,0,13,38.06,0,0.383,1,0
143.02,0,13.5,0,13,49.73,1,0.0,0,0
208.53,3,110.5,1,16,37.1,0,0.478,1,0
459.13,5,249.9,0,6,69.36,2,0.684,1,1
12.75,2,232.0,0,20,11.48,0,0.448,1,0
104.38,3,94.5,0,5,36.27,0,0.378,0,0
53.7,2,118.6,0,7,79.6,0,0.453,0,0
84.38,1,331.0,0,22,102.52,0,0.079,1,0
88.94,3,844.7,0,22,9.41,0,0.194,0,0
346.74,1,403.6,0,10,150.95,1,0.274,0,1
64.03,3,233.8,0,4,46.53,0,0.486,1,0
28.04,1,1348.0,0,2,30.61,0,0.042,1,0
80.72,3,265.7,0,10,29.13,0,0.0,0,0
79.32,2,408.0,0,17,48.41,0,0.0,1,0
57.22,1,186.3,0,13,17.05,1,0.358,1,0
106.28,1,2.3,1,6,38.0,0,0.11,0,0
47.14,3,561.0,1,4,40.34,0,0.332,0,0
130.68,5,34.5,0,16,7.5,1,0.688,0,0
64.38,1,608.8,1,6,124.17,2,0.308,0,1
91.85,7,300.4,0,3,29.72,0,0.594,1,0
18.64,2,105.3,0,4,10.13,0,0.285,0,0
20.76,2,763.0,0,20,23.65,0,0.014,0,0
136.27,3,166.3,1,0,55.45,2,0.0,1,0
50.82,2,528.5,0,11,23.27,1,0.329,0,0
147.85,3,442.5,0,15,2.62,1,0.449,1,0
107.81,1,223.9,1,3,65.22,1,0.615,0,1
100.8,3,316.3,0,3,5.47,0,0.2,1,0
104.15,3,2784.0,0,5,23.8,0,0.122,1,0
5.54,3,163.0,0,23,42.8,0,0.173,1,0
25.79,3,8.4,0,10,1.19,0,0.61,0,0
140.5,7,399.8,0,23,40.37,0,0.506,0,0
114.64,1,319.1,0,15,26.63,0,0.0,0,0
42.55,1,34.1,1,12,8.8,0,0.234,1,0
72.85,3,2514.1,0,13,31.22,1,0.251,0,0
7.97,5,84.7,0,3,42.77,0,0.334,1,0
5.97,5,1295.8,0,17,14.38,0,0.721,0,0
39.92,4,353.0,0,9,26.92,0,0.043,0,0
22.07,8,905.5,0,22,14.48,0,0.0,1,0
158.07,6,565.9,0,17,8.04,0,0.344,0,0
229.84,4,627.4,0,4,99.21,1,0.296,1,1
132.94,2,271.7,1,16,31.94,0,0.029,1,0
260.31,1,17.5,1,4,222.64,1,0.548,1,1
117.73,4,1092.2,0,21,20.71,0,0.472,1,0
57.01,5,1393.5,1,15,11.06,0,0.113,1,0
42.93,2,40.6,0,17,79.75,2,0.439,1,1
9.36,0,505.4,0,23,19.72,0,0.509,1,1
19.31,1,848.7,0,10,7.29,0,0.447,0,0
16.44,4,627.1,0,20,13.43,0,0.875,0,0
70.2,0,218.6,0,17,28.87,0,0.427,0,0
8.46,4,266.5,1,16,42.68,0,0.253,0,0
83.69,1,96.9,0,17,31.26,0,0.67,0,0
10.31,1,37.3,0,3,2.78,0,0.61,0,0
3.38,5,699.0,0,7,112.09,1,0.468,1,0
119.4,1,365.4,0,12,43.08,0,0.34,1,0
121.22,3,305.0,0,1,272.26,0,0.499,1,1
47.97,3,61.8,0,18,16.47,0,0.042,1,0
19.59,3,112.4,0,17,37.51,0,0.298,1,0
90.68,5,751.1,0,0,22.92,0,0.758,1,0
108.3,3,666.8,1,8,37.07,1,0.41,0,0
47.11,3,232.9,0,8,35.74,0,0.36,0,0
160.06,3,420.8,0,21,48.13,1,0.0,1,0
32.48,6,196.7,0,16,31.64,0,0.0,0,0
49.76,6,630.5,0,14,31.04,2,0.0,1,0
53.31,1,403.7,0,13,9.69,0,0.071,0,0
56.17,2,1301.1,0,8,0.1,1,0.43,0,0
57.91,5,49.6,1,6,18.74,0,0.338,1,0
47.89,6,1182.4,0,12,24.14,0,0.418,0,0
45.12,2,158.9,0,0,25.76,0,0.437,0,0
53.92,3,753.2,0,20,14.8,0,0.469,0,0
312.39,2,50.6,0,13,129.51,1,0.304,0,1
110.81,5,1997.0,1,20,8.27,1,0.507,0,0
81.31,1,264.4,0,8,8.15,0,0.257,0,0
95.21,5,279.0,0,17,46.75,0,0.0,0,0
74.22,2,255.1,0,13,34.54,1,0.0,0,0
70.02,3,1735.0,0,2,10.82,0,0.466,0,0
16.77,0,1006.5,0,7,26.23,0,0.369,0,0
82.92,2,313.0,0,12,,0,0.342,1,0
121.85,4,892.4,0,20,30.6,1,0.296,1,0
87.76,2,227.4,0,4,11.51,0,0.004,1,0
53.17,2,180.5,0,13,0.44,0,0.548,1,0
2.31,5,438.3,0,1,7.2,1,0.31,0,0
92.35,4,1646.3,0,5,11.08,1,0.308,0,0
37.16,3,531.6,0,4,45.09,0,0.0,0,0
16.21,6,252.5,0,7,22.21,2,0.213,1,0
115.97,5,740.9,0,15,7.34,0,0.433,1,0
30.14,4,580.2,0,20,22.33,0,0.033,1,0
47.17,2,596.4,0,14,47.68,0,0.144,0,0
111.29,3,1714.0,0,11,50.9,0,0.326,0,0
26.28,3,456.3,0,8,49.95,0,0.174,0,0
107.92,5,281.6,0,13,41.04,0,0.653,0,0
50.98,5,323.1,0,0,11.75,0,0.105,0,0
8.96,2,39.6,0,13,22.6,0,0.0,0,0
44.01,3,401.0,0,6,0.76,0,0.258,0,0
122.35,2,164.1,0,15,20.36,0,0.4,0,0
87.76,4,3.0,1,15,48.09,1,0.039,1,0
112.36,5,966.9,0,12,22.9,0,0.431,0,0
327.04,2,493.1,0,23,66.04,0,0.753,1,1
199.49,3,231.3,1,7,176.73,2,0.57,1,1
73.86,2,371.7,0,19,2.67,0,0.271,1,0
119.38,5,303.4,0,21,52.35,0,0.095,0,0
174.81,5,967.0,0,0,37.79,0,0.355,0,0
184.42,6,736.1,0,20,20.45,0,0.237,1,0
41.25,5,105.0,0,2,9.12,0,0.556,0,0
102.83,5,17.7,0,2,68.21,0,0.038,1,0
13.1,6,1282.7,0,6,5.32,2,0.294,0,0
16.14,6,1050.1,0,17,4.63,0,0.397,1,0
80.37,3,299.0,0,12,21.19,0,0.598,0,0
47.45,4,406.9,0,12,11.79,0,0.157,0,0
35.4,4,16.1,0,14,33.7,0,0.112,0,0
137.8,2,441.0,0,21,119.66,0,0.441,1,1
173.73,7,243.0,0,3,0.16,0,0.339,1,0
167.28,7,8.1,1,22,1.88,1,0.309,0,0
24.95,1,2033.4,1,16,83.32,0,0.338,0,0
260.82,2,67.2,0,18,117.15,3,0.477,0,1
35.39,2,127.1,1,19,15.43,0,0.082,1,0
174.88,3,27.8,0,1,31.07,0,0.338,0,0
120.12,1,4167.6,0,17,16.73,0,0.0,1,0
118.15,1,1454.0,0,16,51.64,0,0.0,0,0
126.48,0,30.0,1,18,140.93,2,0.763,1,1
27.1,2,300.4,0,2,25.45,0,0.474,0,0
98.68,4,1257.8,0,6,2.02,0,0.747,0,0
134.34,2,643.6,0,10,15.63,0,0.137,0,0
66.62,5,561.4,0,21,12.27,0,0.174,0,0
25.83,5,251.9,0,23,8.8,0,0.124,0,0
92.5,2,31.4,0,18,2.18,0,0.39,1,0
38.97,4,252.1,0,6,27.75,1,0.443,0,0
130.34,4,133.3,0,18,48.02,0,0.222,1,0
12.07,6,128.5,0,17,5.12,1,0.39,1,0
103.01,7,68.3,0,14,18.28,0,0.435,0,0
83.5,4,91.2,0,16,28.94,0,0.612,0,0
66.18,3,522.1,0,20,8.05,0,0.416,0,0
115.78,3,57.8,0,10,20.34,0,0.551,0,0
150.08,1,1182.1,0,18,13.26,0,0.061,0,0
158.42,4,1145.0,0,20,5.55,0,0.197,0,0
493.65,1,66.7,0,7,9.14,1,0.864,1,1
341.96,1,616.2,0,19,165.52,0,0.69,1,1
119.62,4,1080.7,0,1,22.22,2,0.595,0,0
28.85,5,691.7,1,1,68.74,0,0.174,0,0
46.72,3,990.2,0,1,44.24,1,0.217,0,0
141.16,1,421.2,0,18,19.35,0,0.149,1,0
41.36,5,360.3,1,23,30.93,0,0.54,1,0
1.23,4,120.4,0,11,34.84,0,0.125,1,0
35.91,1,249.5,0,1,75.62,1,0.822,0,1
95.7,5,413.7,0,23,246.14,1,0.619,1,1
76.43,4,103.8,0,18,29.26,0,0.315,0,0
82.19,11,135.6,0,8,17.38,0,0.0,1,0
46.35,3,221.4,0,18,49.56,0,0.0,1,0
66.58,3,973.9,0,3,6.07,0,0.118,1,0
82.75,4,2846.4,0,2,14.49,1,0.056,1,0
511.66,0,230.2,0,2,124.88,0,0.522,1,1
132.01,4,658.9,0,10,44.71,0,0.101,0,0
6.66,2,228.5,0,6,60.14,2,0.408,0,0
69.1,4,844.2,0,7,37.33,0,0.041,0,0
114.81,5,369.6,0,22,37.11,0,0.204,0,0
72.15,3,1220.7,0,1,0.56,0,0.361,0,0
136.59,3,3199.7,0,18,14.59,0,0.164,0,0
80.07,4,1154.1,0,18,38.11,0,0.303,0,0
87.14,6,29.8,0,14,31.24,1,0.0,1,0
18.05,2,1253.3,0,2,32.18,0,0.303,0,0
48.89,5,1466.1,0,11,9.88,0,0.52,0,0
71.37,4,2868.0,0,12,7.14,0,0.401,1,0
85.43,5,508.3,0,8,4.31,0,0.381,1,0
10.3,5,509.3,0,1,29.26,0,0.353,0,0
115.33,1,73.2,0,23,25.47,1,0.583,1,0
14.58,1,928.9,0,8,45.91,0,0.477,0,0
79.58,2,323.4,0,3,3.21,0,0.243,0,0
81.26,6,1595.6,0,10,80.43,0,0.239,1,0
67.75,6,1158.6,0,13,34.34,1,0.09,0,0
28.65,4,398.8,0,22,21.88,1,0.288,0,0
94.7,2,1179.7,0,1,6.5,0,0.0,0,0
2.26,5,84.0,0,12,45.59,0,0.463,0,0
172.01,2,18.9,0,0,29.47,1,0.15,1,0
50.01,5,746.3,0,11,34.42,0,0.139,0,0
149.83,1,323.8,0,23,5.97,0,0.0,0,0
29.99,9,174.2,1,2,37.86,0,0.697,1,0
73.62,2,42.4,0,3,6.09,0,0.056,1,0
89.15,3,262.3,0,3,104.29,0,0.395,0,0
176.07,2,764.5,0,8,3.65,1,0.402,1,0
37.89,3,82.0,1,4,1.58,1,0.453,1,1
96.16,5,147.8,0,0,16.21,0,0.212,1,0
103.34,1,726.3,0,11,26.68,1,0.432,1,0
16.45,5,34.4,0,9,22.96,2,0.047,1,0
15.34,8,286.0,0,0,6.28,1,0.251,0,0
79.48,5,34.3,0,3,42.52,0,0.494,0,0
160.55,4,319.6,0,9,16.47,1,0.0,1,0
83.05,7,1257.7,0,8,28.77,0,0.325,0,0
40.83,2,1919.9,0,19,10.72,1,0.315,1,0
65.4,4,30.4,0,6,15.34,0,0.493,0,0
130.95,4,1119.2,0,5,57.66,0,0.4,0,0
33.07,5,348.5,0,3,67.06,0,0.129,1,0
224.9,0,8.7,1,21,50.25,3,0.153,1,1
213.02,5,1273.3,0,15,55.5,0,0.175,1,0
114.81,1,490.1,0,12,39.61,1,0.29,1,0
55.93,3,600.4,1,0,57.41,0,0.32,0,0
13.92,3,978.4,0,3,45.65,0,0.417,1,0
75.68,0,1411.2,0,21,44.06,1,0.091,1,0
86.14,2,122.5,0,1,73.79,5,0.588,1,1
56.22,2,1169.8,0,9,,0,0.151,1,0
95.89,1,1000.9,0,23,18.05,1,0.469,1,0
83.27,5,168.8,0,9,67.45,0,0.247,1,0
222.98,2,1113.1,0,11,4.27,1,0.694,0,1
590.31,0,18.7,0,3,281.47,1,0.738,0,1
157.89,4,296.1,0,3,18.74,0,0.0,0,0
141.71,6,2550.1,0,17,53.85,0,0.316,0,0
13.06,1,1846.5,0,12,8.67,0,0.0,1,0
80.97,5,1368.1,0,7,50.82,0,0.794,0,0
211.22,1,840.4,0,13,16.09,0,0.243,0,0
6.47,4,206.7,0,5,35.53,0,0.542,1,0
3.21,1,37.3,0,17,58.84,1,0.11,1,0
138.28,1,430.0,0,11,34.82,0,0.448,0,0
217.79,7,2073.7,0,16,24.54,0,0.065,0,0
46.58,2,304.9,0,17,3.18,0,0.527,0,0
112.35,6,462.1,0,8,52.48,1,0.239,1,0
274.2,3,132.8,0,18,34.33,0,0.118,0,0
39.62,6,68.1,0,6,34.16,1,0.338,0,0
39.23,3,1013.6,0,20,49.77,0,0.501,0,0
28.36,3,331.3,0,20,34.67,1,0.131,0,0
143.71,4,237.3,0,16,9.75,1,0.337,0,0
114.2,5,200.3,0,18,28.8,1,0.257,1,0
124.23,2,97.6,0,0,270.41,1,0.313,0,1
132.38,1,4.7,0,15,35.21,0,0.0,0,0
112.68,8,1194.5,0,21,51.14,1,0.709,1,0
91.72,5,188.1,0,2,66.4,0,0.242,0,0
34.19,6,1190.5,0,2,11.4,0,0.567,1,0
53.54,1,1384.6,0,4,69.6,0,0.169,0,0
104.9,1,319.3,0,3,1.45,0,0.271,0,0
49.69,3,973.9,0,11,66.86,0,0.405,0,0
129.82,4,1768.8,0,22,2.26,0,0.396,0,0
77.05,2,1319.6,0,14,27.68,0,0.344,0,0
60.04,6,342.5,0,3,75.25,1,0.032,0,0
95.98,0,454.7,0,17,55.06,1,0.0,0,0
65.41,5,1078.5,0,3,19.97,0,0.0,0,0
43.09,1,2015.0,0,5,18.01,1,0.188,0,0
46.69,2,78.6,0,4,9.1,1,0.286,0,0
109.85,7,207.0,0,15,0.35,0,0.312,1,0
78.68,4,607.7,0,18,14.23,1,0.396,0,0
5.48,6,47.0,0,11,55.54,0,0.004,0,0
216.55,2,881.4,0,13,3.53,0,0.995,1,0
43.14,2,1617.1,0,20,30.02,0,0.165,0,0
117.36,0,339.9,0,12,56.47,1,0.226,0,0
71.93,5,367.9,0,4,5.4,1,0.0,0,0
73.6,1,268.2,0,8,15.31,0,0.033,1,0
35.0,4,878.9,1,2,67.59,1,0.032,0,0
155.57,2,3798.9,0,15,64.73,1,0.334,0,0
306.42,1,97.8,0,8,151.44,0,0.483,1,1
105.92,5,23.6,1,14,4.1,0,0.442,0,0
142.01,5,201.9,0,19,23.73,0,0.446,1,0
66.65,4,953.8,0,11,60.4,0,0.0,0,0
247.2,1,271.4,0,14,9.1,0,0.548,0,0
84.81,4,768.2,0,11,70.86,0,0.363,0,0
102.21,3,1191.9,0,16,5.04,0,0.237,1,0
145.97,5,328.7,0,6,6.14,1,0.468,1,0
94.44,5,850.5,0,9,1.82,1,0.132,0,0
25.84,6,2211.8,0,2,34.76,0,0.108,1,0
24.46,4,2427.6,0,11,33.86,0,0.131,0,0
48.95,1,768.5,0,5,69.77,0,0.749,1,0
35.4,7,249.0,0,11,13.54,0,0.496,0,0
145.52,5,143.9,0,7,76.04,1,0.204,0,0
28.34,2,412.9,0,21,14.02,0,0.088,0,0
85.15,1,1241.3,0,19,37.84,1,0.246,0,0
10.23,1,477.9,0,5,6.05,0,0.533,1,0
128.81,5,1235.1,0,23,41.48,0,0.036,1,0
20.81,5,176.7,0,5,10.98,1,0.232,1,0
6.49,2,450.1,0,6,5.68,2,0.676,0,0
214.02,1,607.0,1,4,48.49,1,0.39,0,0
76.9,9,514.7,0,17,32.17,0,0.398,1,0
167.94,3,3725.8,0,23,37.22,0,0.249,0,0
22.57,5,181.3,1,13,56.73,0,0.577,0,0
136.21,5,3427.8,0,18,27.51,0,0.0,0,0
204.8,3,1563.5,0,9,23.43,1,0.1,1,0
203.46,2,174.6,0,22,77.67,0,0.33,0,0
112.3,5,36.6,0,9,29.28,0,0.3,0,0
27.64,0,295.2,0,7,15.91,0,0.0,1,0
29.94,4,406.1,0,19,,0,0.608,0,0
131.31,2,451.1,0,10,42.19,0,0.504,0,0
67.2,5,1395.4,0,12,16.01,0,0.079,1,0
225.07,4,388.9,0,14,56.12,0,0.103,0,0
65.45,4,847.1,0,10,38.54,0,0.269,1,0
53.73,6,590.5,0,18,24.66,0,0.264,0,0
68.74,4,130.9,0,18,7.98,0,0.321,0,0
1.55,3,419.1,0,5,10.81,0,0.0,0,0
28.05,2,569.8,0,19,50.63,0,0.254,0,0
99.58,4,1810.5,0,15,1.61,0,0.0,1,0
120.47,2,147.5,0,15,56.43,0,0.18,1,0
90.77,2,2323.9,0,18,38.73,0,0.0,0,0
105.31,3,332.3,0,15,9.6,0,0.56,0,0
43.43,3,239.3,0,12,95.35,0,0.156,0,0
102.22,5,380.8,0,7,47.7,1,0.038,1,0
4.4,7,1144.8,0,23,45.47,0,0.827,0,0
496.55,2,283.0,0,18,187.01,0,0.671,1,1
149.25,4,156.0,0,13,45.31,0,0.089,0,0
9.3,3,433.6,0,11,18.86,0,0.291,1,0
92.11,1,1485.2,0,23,4.61,0,0.636,0,0
433.09,3,634.2,1,18,109.73,0,0.636,1,1
48.99,6,2167.5,0,18,43.37,0,0.192,1,0
16.44,7,399.2,0,19,14.0,1,0.634,0,0
41.26,2,2283.9,0,7,28.19,0,0.463,1,0
89.69,3,13.0,0,21,13.03,0,0.188,1,0
60.08,5,416.7,0,21,93.82,1,0.17,1,0
216.53,2,786.1,0,1,58.25,0,0.69,1,0
129.5,2,429.8,0,14,14.33,0,0.0,1,0
58.58,3,406.1,0,15,76.09,0,0.341,1,0
13.93,4,2000.2,0,10,59.77,0,0.147,0,0
1.63,1,575.7,0,5,38.03,1,0.13,1,0
49.72,1,110.2,0,4,61.7,0,0.634,0,0
3.68,4,605.9,0,15,3.63,0,0.356,0,0
148.57,3,293.9,0,12,2.71,0,0.38,1,0
100.66,2,283.7,0,3,55.8,0,0.077,0,0
221.14,0,218.7,1,16,220.19,1,0.934,1,1
88.97,6,789.9,0,2,46.17,0,0.666,0,0
88.08,3,300.1,1,5,23.51,1,0.466,1,0
112.52,3,114.3,1,4,50.44,0,0.351,1,0
24.27,2,739.6,0,15,24.05,1,0.038,1,0
167.46,4,1000.1,0,4,36.39,0,0.139,1,0
22.55,2,154.9,0,2,61.55,0,0.0,0,0
111.96,2,121.0,0,13,47.78,1,0.577,0,0
339.53,5,86.8,0,16,168.25,1,0.482,1,1
111.72,0,673.2,0,0,18.6,0,0.763,1,0
19.48,7,129.5,0,12,34.09,3,0.27,1,0
124.86,7,310.1,0,14,10.35,0,0.117,0,0
153.65,5,172.9,0,1,79.86,0,0.487,1,0
88.3,2,546.5,0,0,34.32,0,0.305,0,0
79.12,3,79.8,0,17,5.4,0,0.399,0,0
19.88,8,2234.1,0,23,26.82,1,0.228,0,0
148.67,0,31.0,0,12,38.63,0,0.184,1,0
30.36,5,394.1,1,18,46.26,0,0.261,1,0
194.3,3,254.6,0,8,21.97,1,0.334,0,0
154.62,6,498.0,0,20,35.09,0,0.389,1,0
127.65,1,268.5,0,3,73.16,0,0.271,0,0
20.72,1,123.2,0,15,31.93,0,0.0,1,0
1.43,3,322.1,0,16,65.21,0,0.483,0,0
107.06,7,191.7,0,10,15.56,0,0.0,1,0
133.57,1,2965.7,0,17,53.04,0,0.202,0,0
26.88,7,348.2,0,14,37.43,2,0.382,0,0
83.14,4,15.5,1,1,18.58,0,0.0,0,0
63.54,3,692.5,0,13,36.93,0,0.694,0,0
94.91,3,1020.2,0,19,23.83,0,0.643,1,0
95.45,4,55.6,0,20,42.86,0,0.233,0,0
40.76,3,57.9,0,1,15.48,1,0.517,0,0
115.17,1,871.9,0,17,58.25,0,0.593,1,0
88.14,7,89.8,0,20,24.92,0,0.445,1,0
84.51,2,107.2,0,1,19.83,0,0.381,1,0
183.58,1,5.6,0,6,89.28,1,0.816,0,1
41.45,1,1062.5,0,17,5.37,0,0.235,0,0
63.34,7,481.3,0,16,32.15,1,0.451,0,0
65.88,3,551.7,0,6,27.9,0,0.422,0,0
176.15,3,229.6,0,8,39.96,0,0.0,1,0
190.57,1,1180.0,0,13,100.58,0,0.198,0,0
81.39,4,1222.3,0,16,35.11,0,0.414,0,0
240.59,2,338.0,1,0,137.43,2,0.397,1,1
87.24,3,238.4,0,2,,0,0.373,0,0
71.15,2,605.5,0,16,11.12,0,0.111,0,0
41.3,3,2208.5,0,11,12.29,0,0.131,1,0
7.76,6,333.4,0,8,69.38,0,0.0,0,0
46.69,3,4711.8,0,19,60.65,0,0.519,1,0
140.72,3,269.8,0,7,35.16,0,0.0,0,0
68.03,2,4113.4,0,1,37.73,0,0.0,0,0
79.41,3,318.4,0,17,7.52,0,0.485,1,0
94.6,3,302.4,1,7,38.51,0,0.579,1,0
120.12,3,688.7,0,21,41.98,0,0.216,0,0
372.3,3,308.9,0,10,182.28,1,0.744,0,1
212.45,2,347.1,1,21,9.04,0,0.41,1,0
20.18,8,737.5,0,8,21.82,1,0.292,0,0
440.79,2,468.6,1,23,23.61,0,0.479,0,1
36.73,7,1537.6,0,9,42.06,0,0.0,1,0
21.01,0,488.6,1,2,15.84,0,0.423,1,1
122.92,5,1150.6,0,16,2.64,0,0.221,1,0
47.55,4,275.3,0,14,61.16,0,0.326,1,0
141.28,3,380.0,0,22,55.75,0,0.481,0,0
187.33,3,888.9,0,12,64.98,0,0.08,0,0
12.31,5,268.8,0,19,10.94,0,0.172,0,0
151.71,2,405.5,1,2,51.39,0,0.491,1,0
84.03,3,657.7,0,21,27.72,0,0.428,1,0
89.49,6,323.3,0,10,20.2,0,0.0,1,0
132.39,3,680.4,0,19,117.24,1,0.307,1,0
105.58,5,1410.2,1,18,83.53,0,0.518,1,0
69.24,2,2566.6,0,7,45.32,1,0.62,1,0
41.05,3,139.0,0,0,8.84,0,0.344,0,0
66.46,6,318.3,0,10,4.77,0,0.237,0,0
156.33,6,312.2,0,4,51.89,0,0.217,0,0
82.06,6,644.2,0,15,8.09,0,0.137,1,0
53.11,3,928.9,0,21,6.86,1,0.0,1,0
158.97,4,78.8,0,15,75.33,0,0.0,0,0
76.78,5,188.7,0,21,64.59,2,0.106,0,0
96.21,2,624.6,0,22,5.57,0,0.515,1,0
72.84,8,2658.2,0,22,23.65,0,0.139,1,0
53.34,5,152.1,0,3,6.39,0,0.085,0,0
83.38,5,91.5,0,20,21.89,2,0.457,0,0
14.67,1,687.1,0,9,38.74,0,0.464,0,0
122.93,2,378.9,1,20,,1,0.452,0,0
64.72,4,1857.7,0,17,8.27,2,0.484,0,0
129.77,4,1660.0,0,19,82.08,0,0.535,0,0
97.25,3,110.2,0,16,29.25,1,0.709,0,0
83.91,5,11.3,0,5,12.96,0,0.384,1,0
107.28,2,687.7,0,13,6.23,0,0.458,1,0
0.23,0,846.3,0,9,50.43,0,0.0,0,0
154.25,2,78.4,0,16,14.94,0,0.466,0,0
148.1,2,143.0,0,10,89.63,0,0.292,1,0
34.91,4,1315.4,0,2,9.19,0,0.0,0,0
23.81,3,1787.2,0,22,30.21,0,0.187,1,0
38.13,1,140.7,0,7,56.66,0,0.204,0,0
52.96,5,149.6,0,7,11.32,1,0.0,0,0
53.35,4,1448.1,0,2,95.73,1,0.56,0,0
58.06,3,79.9,0,3,53.6,0,0.0,0,0
29.5,4,1082.3,0,11,25.81,0,0.142,0,0
60.23,3,587.8,0,17,28.01,0,0.428,0,0
91.06,2,760.9,0,22,16.17,0,0.302,1,0
115.46,3,2007.8,0,11,3.34,0,0.78,0,0
55.36,1,302.8,1,1,8.04,0,0.294,1,0
80.87,6,1229.6,1,16,39.44,1,0.0,1,0
5.31,3,1364.8,0,2,16.55,0,0.342,1,0
145.76,4,732.3,0,3,30.85,0,0.0,1,0
31.75,4,906.8,0,1,7.02,0,0.088,0,0
73.28,5,4110.2,0,16,78.05,0,0.477,0,0
132.3,1,822.2,0,3,193.03,0,0.223,1,1
162.4,5,147.3,0,11,90.06,1,0.444,0,0
371.87,5,147.6,1,9,224.38,1,0.771,1,1
15.45,0,388.6,0,10,21.36,0,0.891,1,0
193.16,1,1505.7,0,22,33.35,1,0.394,0,0
21.8,2,573.9,0,0,20.94,0,0.726,0,0
116.87,0,250.6,0,1,10.92,0,0.409,0,0
20.37,1,480.8,0,13,18.28,0,0.358,0,0
20.5,3,472.7,0,2,19.55,0,0.029,0,0
58.93,2,77.1,0,10,8.3,0,0.344,0,0
51.58,5,170.8,0,11,13.82,1,0.932,0,0
115.26,3,109.0,0,12,11.05,2,0.309,0,0
26.27,6,287.2,0,18,55.19,0,0.162,1,0
128.05,0,3466.8,0,16,0.86,0,0.476,1,0
32.11,2,725.2,0,9,37.7,1,0.419,0,0
330.16,2,370.7,0,18,268.73,2,0.324,1,1
133.28,2,113.2,0,23,31.27,0,0.33,1,0
129.24,6,324.8,0,13,23.19,0,0.403,0,0
78.71,3,326.3,0,0,32.19,1,0.465,0,0
103.8,3,48.9,0,12,115.14,1,0.87,1,1
123.13,4,771.3,0,18,76.58,0,0.202,0,0
16.66,2,1877.2,0,11,8.32,1,0.0,1,0
84.37,4,1723.7,0,10,31.66,2,0.0,0,0
71.1,3,13.0,0,4,87.52,1,0.365,1,0
138.13,6,38.8,0,1,36.4,0,0.054,1,0
262.37,0,381.8,0,1,63.13,2,0.887,1,1
71.26,7,543.0,0,17,25.02,0,0.205,1,0
132.8,2,392.7,0,17,2.71,0,0.479,1,0
12.83,2,237.2,0,8,28.73,0,0.478,1,0
50.22,1,2915.2,0,2,53.2,0,0.568,1,0
185.97,4,1615.0,0,2,20.14,1,0.244,0,0
112.41,3,321.3,0,12,69.28,2,0.718,1,1
15.39,2,150.1,0,8,25.22,0,0.198,0,0
35.18,5,4.9,0,2,96.51,1,0.287,0,0
34.04,2,611.0,0,6,58.64,1,0.251,1,0
378.8,1,54.9,0,12,144.31,0,0.553,1,1
118.49,4,2029.5,0,10,18.89,0,0.283,0,0
120.31,2,72.4,0,9,3.4,0,0.281,1,0
75.4,5,375.1,0,10,49.82,0,0.318,0,0
67.47,3,32.5,0,21,12.75,1,0.455,0,0
131.7,0,1163.7,1,18,26.4,2,0.923,1,1
28.39,3,527.4,0,17,18.42,0,0.296,0,0
54.6,4,899.9,0,5,67.82,0,0.186,0,0
79.21,3,338.6,0,6,11.4,0,0.048,0,0
109.94,3,137.7,1,3,271.47,2,0.837,1,1
211.29,5,98.4,0,22,35.7,2,0.383,0,0
137.77,4,969.2,0,20,34.3,0,0.213,1,0
41.28,5,795.6,1,16,48.31,0,0.116,1,0
64.97,1,466.6,0,10,4.38,0,0.247,1,0
34.51,4,112.7,0,3,0.94,0,0.358,0,0
159.9,7,644.2,1,15,64.78,0,0.44,1,0
8.52,4,129.7,0,0,68.77,0,0.689,0,0
77.43,4,945.9,0,1,32.24,0,0.436,0,0
113.63,4,71.6,0,18,32.87,0,0.0,1,0
103.51,1,1319.8,0,15,55.56,0,0.033,0,0
75.27,9,615.2,1,17,119.02,0,0.121,0,0
21.98,4,772.8,1,9,1.69,0,0.28,1,0
10.45,3,1182.2,0,12,28.54,0,0.488,0,0
110.79,1,336.9,0,7,11.55,0,0.487,0,0
74.73,1,74.8,0,10,30.09,0,0.72,0,0
408.76,2,267.0,0,23,241.09,1,0.641,1,1
5.87,1,2265.6,0,7,28.76,0,0.368,1,0
44.59,7,1037.2,0,6,7.23,0,0.233,0,0
89.54,3,2010.8,0,17,84.81,0,0.683,0,0
22.52,5,32.6,0,22,23.24,0,0.214,0,0
151.31,1,608.9,0,5,56.48,0,0.355,0,0
72.92,0,1730.5,0,11,25.03,0,0.292,1,0
15.17,8,968.5,0,1,20.06,1,0.398,0,0
137.21,1,1425.0,0,1,45.6,0,0.255,0,0
1.03,2,94.5,0,5,33.14,0,0.299,0,0
38.14,2,1134.4,0,17,2.18,0,0.438,0,0
19.16,4,892.7,0,17,69.43,0,0.0,0,0
183.04,2,789.0,0,12,11.01,0,0.208,0,0
78.51,4,114.8,0,2,18.2,1,0.447,0,0
154.4,4,424.0,0,14,65.16,1,0.665,0,0
18.61,5,503.4,0,6,78.79,1,0.122,1,0
203.82,2,67.6,1,11,301.26,0,0.954,0,1
93.67,6,671.0,0,0,27.97,1,0.533,1,0
129.92,0,228.0,0,7,10.17,0,0.473,1,0
46.14,6,148.5,0,7,20.27,0,0.0,1,0
81.11,8,8.3,0,14,1.61,0,0.318,0,0
43.67,1,125.7,0,22,394.0,1,0.459,0,1
88.3,4,1242.2,1,18,23.15,1,0.0,0,0
42.33,6,724.1,0,2,80.68,0,0.318,0,0
68.57,6,1192.3,0,6,39.93,1,0.445,1,0
30.11,10,3.1,0,16,29.97,0,0.306,0,0
146.05,6,746.0,0,5,18.7,0,0.0,0,0
56.39,2,904.7,0,6,42.14,1,0.368,0,0
1.39,6,1486.4,0,20,18.79,0,0.325,1,0
168.71,0,206.1,0,0,145.39,0,0.167,1,1
9.62,2,1743.2,0,14,73.12,1,0.083,1,0
161.43,3,438.9,0,10,43.8,1,0.129,1,0
126.79,1,1173.6,0,5,79.87,0,0.39,1,0
35.85,5,1.4,0,22,34.43,0,0.638,0,0
10.69,6,343.2,0,3,53.62,0,0.449,0,0
290.77,0,129.1,0,8,79.46,0,0.255,1,1
59.82,2,38.7,1,8,25.06,0,0.414,0,0
7.79,2,572.6,0,19,23.42,0,0.575,0,0
52.03,3,157.9,0,9,39.4,0,0.129,1,0
136.23,2,48.8,0,11,,0,0.297,0,0
9.36,1,1516.1,0,7,21.26,0,0.649,0,0
144.17,4,486.4,0,3,23.58,0,0.32,1,0
114.87,0,435.6,0,13,21.56,0,0.526,1,0
43.31,2,936.4,0,18,2.8,0,0.417,0,0
138.87,6,233.6,0,11,42.37,0,0.0,1,0
141.4,3,2587.1,1,19,16.82,0,0.344,0,0
15.23,4,781.7,0,22,44.68,0,0.022,1,0
105.75,4,98.6,0,15,29.67,0,0.377,0,0
26.39,4,134.8,0,23,31.81,0,0.383,1,0
33.02,1,264.5,0,14,30.41,0,0.476,0,0
36.57,5,1191.3,0,10,14.96,0,0.183,1,0
85.46,4,255.9,0,7,66.04,0,0.295,1,0
95.06,2,819.8,0,15,30.32,0,0.258,1,0
78.51,6,401.9,0,23,88.33,0,0.0,0,0
65.56,6,578.3,0,4,19.78,1,0.2,0,0
130.57,3,3124.0,0,14,61.2,0,0.121,1,0
78.58,3,1071.4,0,11,56.99,0,0.184,0,0
54.84,3,182.7,0,12,3.99,1,0.285,1,0
200.37,3,401.8,0,8,1.03,1,0.0,1,0
120.71,5,455.9,1,18,30.65,0,0.35,0,0
49.14,4,1388.3,0,17,32.9,0,0.168,0,0
14.63,4,14.7,0,4,16.76,1,0.488,0,0
192.36,1,17.5,1,11,18.01,2,0.78,1,1
0.61,2,1427.6,0,16,16.02,0,0.302,1,0
268.94,1,1843.5,0,9,32.27,0,0.099,1,0
36.26,2,1356.9,0,13,12.65,0,0.0,1,0
119.95,3,995.2,0,21,13.69,0,0.309,1,0
85.41,1,192.6,0,5,40.81,0,0.394,0,0
169.72,4,1233.1,0,18,81.42,1,0.479,1,0
73.94,1,870.0,0,0,43.43,0,0.222,0,0
45.81,3,434.6,1,21,66.59,0,0.699,1,0
438.51,0,30.0,1,21,42.7,1,0.781,0,1
61.2,4,476.0,0,15,12.63,0,0.196,0,0
22.0,2,1502.3,0,15,31.27,1,0.597,0,0
136.61,2,1782.7,0,0,33.05,0,0.039,0,0
15.47,2,721.4,0,16,58.04,0,0.335,0,0
118.02,5,459.0,0,16,86.76,0,0.395,0,0
201.89,7,268.4,0,16,13.11,1,0.0,1,0
123.81,3,687.3,0,19,47.9,1,0.381,0,0
16.83,4,846.2,0,21,7.6,0,0.584,0,0
20.86,3,532.1,0,5,6.98,0,0.25,1,0
69.38,4,1087.1,0,10,3.1,0,0.425,1,0
87.75,3,410.0,0,13,33.84,1,0.39,0,0
16.54,1,142.0,0,23,48.37,0,0.783,1,0
115.08,2,45.3,0,17,105.88,0,0.0,0,0
148.59,2,213.0,0,21,61.85,0,0.231,1,0
121.97,4,349.3,0,9,73.13,0,0.329,1,0
9.48,3,1332.9,0,3,35.93,0,0.396,1,0
95.81,4,1315.6,0,22,29.2,0,0.604,0,0
28.72,6,126.9,0,15,6.21,0,0.0,1,0
93.87,4,543.4,0,17,2.3,0,0.342,0,0
168.09,5,26.4,0,11,9.17,0,0.401,0,0
174.24,9,390.5,0,23,19.53,0,0.245,0,0
80.38,4,25.8,0,13,29.01,2,0.18,1,0
96.25,1,351.7,0,10,3.8,0,0.285,1,0
54.08,2,980.4,0,5,,0,0.273,1,0
80.36,4,3374.5,0,2,3.31,0,0.177,0,0
79.09,5,17.1,0,19,46.25,0,0.231,1,0
151.76,2,1462.6,0,5,20.07,1,0.193,1,0
30.93,0,220.9,0,7,27.7,0,0.376,1,0
118.34,9,679.7,0,0,,0,0.534,0,0
43.56,4,7.0,0,11,60.91,1,0.36,0,0
16.22,2,526.3,0,21,17.98,0,0.597,0,0
26.18,7,172.9,0,23,1.16,0,0.339,1,0
44.07,5,1114.4,0,18,66.27,0,0.041,1,0
121.16,4,1164.8,0,20,38.66,0,0.262,0,0
69.32,3,874.0,0,1,19.23,0,0.631,1,0
110.16,2,871.8,0,12,21.51,0,0.052,0,0
82.41,0,535.8,0,21,0.89,0,0.255,0,0
51.55,5,979.5,0,20,48.91,0,0.272,0,0
15.93,7,1698.8,0,8,42.6,0,0.016,0,0
13.56,6,621.2,0,6,45.95,0,0.309,1,0
232.05,0,1115.0,0,14,40.07,1,0.33,1,1
27.16,3,1101.9,0,9,53.8,0,0.143,1,0
19.32,7,360.4,0,23,36.04,0,0.0,0,0
76.01,3,1621.5,0,10,5.84,0,0.161,0,0
25.28,2,525.8,0,3,19.25,0,0.659,0,0
95.49,5,79.1,0,1,,0,0.37,0,0
8.58,7,616.5,0,14,14.74,0,0.391,0,0
27.49,4,116.6,0,5,15.96,0,0.161,1,0
74.07,2,1482.8,0,18,5.46,0,0.078,0,0
54.72,0,201.1,0,2,,0,0.437,1,0
55.09,4,159.6,0,0,2.57,0,0.603,1,0
116.18,2,145.2,0,23,13.61,1,0.402,1,0
17.91,4,597.9,0,20,34.73,0,0.127,0,0
362.61,3,499.5,1,6,174.05,0,0.636,1,1
158.86,2,676.6,1,6,167.81,0,0.491,1,1
15.03,2,584.5,0,4,38.15,0,0.258,0,0
52.04,2,1617.3,0,7,1.28,0,0.165,0,0
126.21,5,456.1,0,12,20.98,0,0.125,1,0
142.32,5,51.6,0,22,13.77,1,0.731,0,0
110.82,4,1110.1,0,10,27.07,1,0.432,1,0
53.16,3,163.1,0,19,3.8,0,0.633,0,0
74.16,4,140.9,0,10,8.37,0,0.535,1,0
165.77,7,912.7,0,18,3.68,0,0.066,0,0
87.21,2,228.6,0,21,30.73,0,0.0,1,0
145.7,5,612.8,1,8,50.89,0,0.389,1,0
366.99,2,176.4,0,7,98.67,0,0.503,1,1
62.12,2,781.1,0,10,36.28,0,0.199,0,0
62.05,3,2956.1,0,6,42.73,0,0.453,0,0
200.85,6,34.3,0,3,16.13,0,0.763,1,0
192.1,5,1395.9,0,6,35.34,0,0.246,0,0
354.69,5,126.4,1,19,118.5,1,0.424,1,1
5.53,2,35.8,0,18,40.61,0,0.422,1,0
10.58,3,654.9,1,21,35.41,0,0.301,0,0
65.94,5,281.6,0,0,75.89,0,0.221,0,0
149.33,1,494.6,0,23,103.24,3,0.856,1,1
49.6,5,1013.9,0,22,25.38,0,0.0,0,0
0.05,4,1065.1,0,20,46.76,0,0.523,1,1
169.16,1,1102.1,1,22,77.69,0,0.353,1,1
127.62,3,987.0,0,19,2.62,0,0.156,0,0
104.52,6,299.4,0,4,49.38,0,0.543,0,0
83.33,3,70.6,0,7,8.1,0,0.654,1,0
157.7,5,572.7,0,22,17.02,0,0.174,1,0
130.22,1,175.6,0,3,9.83,0,0.329,1,0
22.39,3,307.0,0,18,8.21,0,0.0,1,0
27.8,5,363.6,0,2,183.8,0,0.144,1,0
140.75,2,189.9,1,16,1.59,0,0.768,0,1
106.03,5,155.7,0,23,9.35,0,0.495,0,0
239.93,5,362.7,1,18,334.89,1,0.54,0,1
60.09,3,1760.4,1,16,34.06,0,0.053,0,0
144.5,3,1385.7,0,10,16.68,0,0.158,0,0
85.55,5,2142.2,0,5,14.36,0,0.246,0,0
13.06,4,546.4,0,14,21.58,0,0.247,0,0
19.91,1,1903.6,0,12,6.68,0,0.0,0,0
72.19,3,273.3,0,7,70.09,1,0.319,1,0
213.18,5,1119.5,0,23,9.7,0,0.459,0,0
108.48,4,1492.6,0,6,54.6,0,0.605,1,0
143.71,3,213.0,0,6,77.27,0,0.0,0,0
165.56,3,121.2,0,8,21.27,1,0.0,0,0
39.34,4,189.9,0,17,52.43,1,0.324,0,0
6.5,3,80.6,0,18,73.65,1,0.0,1,0
90.38,4,959.2,0,3,54.59,0,0.099,1,0
134.21,3,602.2,0,23,61.37,0,0.201,0,0
76.94,4,602.7,0,9,28.17,2,0.522,0,0
115.0,6,821.7,0,12,67.93,0,0.67,1,0
152.12,4,690.0,0,19,11.66,0,0.223,1,0
144.81,4,151.4,0,7,17.17,0,0.429,0,0
18.96,5,106.9,1,22,72.35,0,0.0,0,0
21.52,3,329.1,0,1,25.09,0,0.133,0,0
28.62,3,180.5,0,12,99.01,0,0.514,0,0
30.71,3,564.1,0,2,24.88,0,0.017,0,0
22.02,0,740.1,0,11,17.04,2,0.255,0,0
152.49,3,313.2,0,6,2.04,0,0.235,0,0
12.22,6,1297.1,0,13,47.21,0,0.359,1,0
54.66,1,237.1,1,23,61.93,0,0.455,1,0
135.84,3,159.9,0,2,38.56,0,0.139,1,0
25.78,4,33.6,0,8,3.91,0,0.456,1,0
162.13,1,913.7,0,21,19.41,0,0.282,1,0
61.36,4,1117.9,0,0,42.04,0,0.224,1,0
40.66,0,118.1,0,2,51.77,0,0.405,1,0
9.85,6,1535.5,0,19,9.75,1,0.305,1,0
199.72,2,803.0,0,12,138.7,0,0.387,1,1
2.25,2,201.2,0,15,18.6,0,0.0,0,0
133.56,5,160.4,0,8,23.49,0,0.485,0,0
50.65,4,2503.7,0,8,88.01,0,0.014,0,0
83.09,1,494.0,1,9,89.64,0,0.474,1,0
82.88,5,846.5,1,10,35.22,0,0.6,1,0
27.26,2,1488.1,0,9,61.01,0,0.225,0,0
178.28,1,3912.6,0,17,49.49,0,0.425,0,0
53.16,1,815.2,0,1,45.83,0,0.461,1,0
52.42,2,2373.5,0,10,33.89,0,0.487,1,0
21.89,6,213.9,0,5,56.54,0,0.402,1,0
5.86,4,593.7,0,14,21.92,0,0.325,0,0
210.44,5,366.8,0,16,20.85,0,0.272,1,0
76.75,2,413.9,0,4,70.13,2,0.488,0,0
58.55,5,383.5,0,18,4.05,0,0.187,1,0
118.48,7,764.5,1,13,39.0,0,0.0,0,0
72.78,4,333.5,0,1,6.31,0,0.487,0,0
4.63,5,514.6,0,13,56.16,0,0.549,0,0
22.91,5,216.0,0,10,40.32,0,0.097,1,0
27.12,5,69.1,0,12,25.42,0,0.187,0,0
71.12,7,500.9,0,6,5.68,0,0.765,0,0
101.54,2,136.3,0,9,1.04,3,0.822,1,1
46.4,5,762.9,0,6,40.77,1,0.0,0,0
108.95,2,3492.2,0,17,24.84,0,0.238,0,0
41.89,5,1215.9,0,22,81.36,2,0.652,1,0
92.93,4,1191.5,0,16,7.44,0,0.484,0,0
42.57,4,35.2,0,18,32.28,2,0.467,0,0
32.37,9,536.0,0,17,28.11,0,0.624,0,0
44.01,4,261.7,0,19,54.4,1,0.431,1,1
8.59,2,724.7,0,2,69.19,0,0.0,0,0
50.65,3,172.5,0,16,34.06,0,0.268,0,0
14.3,5,352.2,0,1,14.5,0,0.416,1,0
121.7,3,439.4,0,15,,1,0.664,0,0
33.85,4,441.7,0,5,6.28,0,0.412,1,0
70.56,4,182.1,0,5,56.03,0,0.198,1,0
18.85,4,457.0,0,23,7.7,0,0.149,1,0
96.0,4,93.6,0,1,36.71,0,0.0,1,0
87.2,3,146.2,0,10,5.04,1,0.642,1,0
84.67,4,1603.5,0,17,26.19,0,0.0,0,0
83.33,5,2367.4,0,10,59.51,0,0.0,0,0
137.05,4,24.2,0,0,19.0,0,0.266,0,0
166.21,3,116.6,1,13,2.16,1,0.3,1,1
8.4,1,296.6,0,13,43.66,0,0.034,0,0
78.6,3,643.2,0,20,77.57,0,0.197,1,0
221.1,0,219.0,0,20,117.35,1,0.676,1,1
167.72,3,110.6,0,17,31.44,0,0.413,0,0
180.23,4,185.8,1,13,19.54,0,0.354,0,0
100.31,5,329.0,0,19,30.15,0,0.0,0,0
83.15,4,159.4,1,3,9.67,0,0.287,0,0
54.47,1,1206.1,0,5,44.23,1,0.0,1,0
194.33,1,1002.2,0,13,59.62,0,0.0,0,0
26.57,5,59.8,0,9,52.33,0,0.141,0,0
67.76,4,339.4,0,20,78.13,0,0.248,0,0
46.74,1,745.4,0,22,18.2,0,0.411,0,0
5.52,6,117.0,0,6,26.88,0,0.258,1,0
74.11,4,467.3,0,3,36.01,1,0.34,0,0
27.89,0,251.8,0,7,18.89,1,0.357,1,0
134.66,3,6.4,1,3,47.5,0,0.348,0,0
3.84,5,817.5,1,19,51.24,1,0.108,1,0
96.87,6,109.9,0,2,65.35,0,0.0,0,0
118.42,10,234.3,0,9,23.78,1,0.24,1,0
0.66,2,1498.4,0,18,72.68,1,0.614,0,0
19.22,3,44.6,0,1,9.67,1,0.136,0,0
67.13,6,133.4,0,21,68.56,0,0.548,1,0
55.07,4,250.6,0,6,58.47,0,0.501,1,0
80.54,2,24.7,0,22,135.02,1,0.183,0,1
81.53,4,547.2,0,13,6.04,1,0.0,0,0
39.28,4,504.2,0,8,35.93,1,0.232,1,0
12.72,3,413.9,0,20,13.5,0,0.102,1,0
107.99,5,1558.7,0,3,15.48,0,0.516,0,0
89.42,7,245.2,0,15,3.66,0,0.257,0,0
155.32,4,2343.3,0,10,7.84,1,0.051,0,0
88.74,2,1016.4,0,6,62.25,0,0.23,1,0
0.9,2,591.4,1,10,12.44,0,0.606,1,0
95.46,4,1114.9,0,11,97.78,0,0.232,0,0
17.76,3,600.4,0,13,34.01,0,0.125,1,0
104.41,2,276.0,0,3,28.16,0,0.0,1,0
109.41,7,1000.5,0,4,59.55,0,0.198,1,0
248.03,3,185.8,0,12,104.93,0,0.515,0,0
122.87,7,1.0,0,2,32.74,0,0.266,0,0
128.26,4,664.9,0,4,27.34,0,0.115,1,0
490.64,1,228.8,0,14,69.04,1,0.611,0,1
115.5,8,111.1,0,10,13.43,0,0.493,0,0
336.71,3,20.2,0,1,22.37,0,0.366,0,1
78.85,3,237.8,0,18,8.08,1,0.301,1,0
102.47,5,3944.3,1,12,19.68,0,0.124,0,0
63.49,4,1313.3,1,14,12.88,0,0.123,1,0
132.68,4,1395.3,0,11,16.8,1,0.0,1,0
145.62,5,1714.1,0,14,37.63,0,0.0,0,0
109.48,4,311.8,1,5,56.08,0,0.699,0,0
148.7,2,234.2,0,17,0.9,0,0.074,0,0
57.85,1,451.0,0,6,51.76,0,0.172,0,0
138.31,1,250.2,0,6,4.21,1,0.355,1,0
116.24,4,340.8,1,17,18.06,0,0.071,0,0
108.3,5,299.7,0,9,16.92,0,0.669,0,0
144.07,1,36.7,0,15,14.56,1,0.002,1,0
78.82,3,505.7,0,12,7.04,0,0.476,0,0
76.03,3,1724.9,0,3,34.63,0,0.0,0,0
69.43,7,220.5,0,9,9.51,0,0.738,0,0
83.15,3,234.4,0,8,9.35,0,0.131,1,0
51.05,7,248.9,0,13,17.8,0,0.304,0,0
87.16,3,687.4,0,11,7.66,1,0.557,0,0
83.49,5,39.3,0,22,13.02,0,0.355,0,0
55.63,1,710.1,0,19,7.38,0,0.209,1,0
147.26,3,813.1,0,16,57.23,1,0.453,0,0
65.89,5,57.1,0,13,10.06,1,0.164,1,0
22.61,1,177.2,0,10,16.24,0,0.0,0,0
156.62,4,60.0,0,13,1.57,0,0.57,1,0
263.45,2,1091.4,0,11,4.5,1,1.0,1,1
307.53,0,48.0,1,21,79.23,1,0.636,1,1
96.47,2,1078.7,0,8,43.92,0,0.414,0,0
11.51,2,745.6,0,15,73.44,0,0.371,1,0
30.76,3,28.8,0,21,48.93,0,0.087,0,0
35.82,3,1449.6,0,13,19.11,1,0.462,1,0
10.99,4,64.1,0,4,6.79,1,0.485,1,0
6.05,1,1763.4,0,0,22.62,0,0.154,0,0
12.56,4,285.9,0,17,4.94,0,0.469,1,0
167.3,5,7.2,0,15,20.67,0,0.2,0,0
20.59,5,134.3,0,15,36.08,1,0.0,0,0
38.61,5,1010.1,0,7,2.62,0,0.119,0,0
99.38,5,986.9,0,3,50.87,0,0.251,1,0
136.43,3,870.8,0,5,11.51,0,0.221,0,0
135.34,2,283.2,0,3,22.41,0,0.596,0,0
41.56,2,2535.6,0,9,37.77,0,0.446,0,0
774.3,4,270.4,0,6,275.58,0,0.474,1,1
14.08,4,695.6,0,11,17.23,0,0.054,1,0
179.96,3,1664.4,1,6,28.81,1,0.111,0,0
66.88,7,199.9,0,17,17.72,0,0.025,1,0
95.32,8,1487.7,0,4,66.1,0,0.306,1,0
116.08,5,248.4,0,8,34.7,0,0.022,0,0
80.87,2,290.3,0,10,7.47,0,0.126,0,0
73.82,1,162.5,0,1,24.58,0,0.185,0,0
13.09,2,1429.4,0,20,33.67,0,0.334,1,0
117.86,4,359.9,0,0,2.6,0,0.557,0,0
179.63,0,2730.6,0,9,50.36,0,0.476,1,0
102.22,3,1162.4,0,3,6.33,0,0.751,0,0
107.23,2,132.8,0,3,75.09,0,0.205,0,0
68.0,5,67.2,0,22,40.74,0,0.403,0,0
124.08,0,1788.1,0,4,114.29,0,0.343,0,0
84.93,1,191.4,0,23,33.81,0,0.023,0,0
88.86,3,313.8,0,20,28.35,0,0.336,0,0
73.53,6,849.6,0,3,33.36,0,0.218,1,0
20.14,1,518.2,0,21,46.36,1,0.511,0,0
8.99,1,27.6,0,2,45.71,0,0.583,0,0
67.54,0,907.2,0,22,29.32,0,0.146,0,0
18.33,4,103.0,0,12,27.89,0,0.061,1,0
27.72,1,613.6,0,18,7.9,0,0.206,1,0
83.0,2,299.6,0,23,45.52,1,0.237,0,0
46.39,1,604.3,0,6,24.09,0,0.157,1,0
143.84,3,318.7,1,5,35.77,0,0.615,1,0
17.58,1,2386.6,0,8,4.57,0,0.857,0,0
2.09,6,722.3,0,23,46.13,0,0.37,1,0
54.56,3,882.5,0,20,77.12,0,0.068,0,0
153.55,3,749.8,0,6,38.17,0,0.685,1,0
0.7,3,415.9,0,0,0.87,0,0.725,1,0
57.5,5,1232.0,0,6,106.1,0,0.166,0,0
63.42,2,203.4,0,17,36.77,0,0.177,0,0
41.93,1,378.7,0,0,266.02,1,0.589,1,1
26.17,2,318.3,0,7,23.75,0,0.178,0,0
167.43,1,4756.3,0,1,28.87,0,0.006,0,0
0.08,5,331.9,0,11,7.83,1,0.0,0,0
205.67,1,691.4,0,18,38.51,0,0.654,0,0
115.93,5,1143.5,0,19,14.75,0,0.231,0,0
25.37,5,16.4,0,3,27.88,1,0.221,0,0
153.49,3,84.6,1,9,,0,0.059,0,0
34.84,1,535.5,0,23,41.37,1,0.0,0,0
120.45,4,2340.1,0,0,24.21,1,0.219,1,0
163.37,5,437.7,0,5,14.69,0,0.963,1,0
263.08,2,1010.1,0,7,22.25,1,0.293,0,0
119.01,1,1299.9,0,19,1.9,0,0.122,0,0
60.78,1,991.4,0,7,44.38,0,0.248,0,0
49.99,7,1049.8,0,15,4.03,0,0.32,1,0
0.89,0,21.5,0,10,71.55,0,0.317,0,0
57.42,2,1969.0,0,10,18.04,0,0.157,1,0
87.06,4,1666.1,0,19,3.08,0,0.193,0,0
59.56,4,1008.7,0,9,49.66,0,0.268,1,0
69.36,2,113.9,0,10,20.73,1,0.0,0,0
187.92,4,95.4,0,3,158.9,0,0.794,1,1
9.27,2,189.7,0,20,25.48,0,0.258,1,0
87.72,3,1377.4,0,17,24.59,0,0.265,0,0
94.12,6,551.0,1,23,4.4,0,0.043,0,0
133.89,4,1191.2,1,6,19.63,0,0.101,0,0
128.68,2,641.7,0,10,64.46,0,0.199,1,0
129.0,4,263.7,1,19,14.35,0,0.012,1,0
15.88,6,13.2,0,13,43.15,0,0.138,1,0
58.9,4,5.1,0,19,14.96,0,0.266,1,0
16.05,2,1261.3,0,10,66.75,1,0.306,0,0
156.96,1,1860.1,0,8,23.02,0,0.045,0,0
15.78,7,2212.9,0,11,5.03,0,0.505,0,0
178.29,0,716.4,0,7,42.04,0,0.528,1,0
76.01,3,176.2,1,23,0.17,0,0.338,1,0
170.49,4,1069.0,0,9,0.66,1,0.633,0,0
42.71,3,728.1,0,16,6.64,0,0.202,1,0
20.21,3,684.4,0,6,18.25,0,0.178,0,0
77.19,3,1457.9,0,16,21.05,1,0.294,0,0
57.27,5,70.5,1,11,40.83,0,0.262,0,0
153.78,3,729.2,0,1,25.4,0,0.214,1,0
63.15,3,106.2,1,23,4.27,0,0.357,0,0
179.87,6,476.2,0,22,11.74,1,0.107,1,0
53.52,4,359.6,0,15,67.19,0,0.074,1,0
17.21,2,594.7,0,4,9.15,0,0.32,1,0
7.68,1,895.9,0,19,4.44,0,0.312,0,0
107.99,6,301.2,0,9,2.32,0,0.548,0,0
164.93,3,1401.8,0,16,72.73,0,0.121,0,0
88.2,4,776.8,0,21,,0,0.977,0,0
139.26,4,691.2,0,18,16.62,0,0.483,0,0
34.48,4,392.7,1,7,1.4,0,0.013,0,0
162.93,2,1121.0,0,12,1.14,0,0.588,1,0
139.35,5,646.5,1,1,47.67,0,0.507,0,0
2.1,6,117.5,0,10,0.54,2,0.0,1,0
162.09,2,939.5,0,0,14.22,0,0.071,1,0
62.36,3,219.5,1,7,4.75,0,0.235,0,0
30.71,2,483.8,0,22,7.4,0,0.596,1,0
76.11,3,118.5,0,7,62.94,0,0.257,0,0
57.57,2,690.2,0,1,65.57,0,0.291,1,0
14.64,2,430.9,1,2,116.99,1,0.303,1,1
81.76,2,73.7,0,17,15.51,0,0.442,0,0
502.98,5,270.7,1,23,114.82,0,0.347,0,1
79.34,8,531.7,0,5,28.21,0,0.237,1,0
77.44,6,96.9,0,6,58.87,1,0.415,0,0
101.17,3,188.6,0,22,5.0,1,0.052,1,0
50.62,5,966.6,0,22,21.36,0,0.142,0,0
382.59,3,366.9,0,23,147.45,2,0.437,0,1
55.12,3,231.7,0,8,45.67,0,0.0,0,0
30.66,3,431.5,0,16,,0,0.32,0,0
19.91,3,101.1,0,22,36.17,0,0.83,0,0
168.91,5,117.1,0,12,27.01,0,0.145,0,0
91.91,3,36.4,0,10,75.47,0,0.071,0,0
10.03,5,649.0,0,11,16.94,0,0.284,0,0
39.28,4,1584.5,0,9,7.42,0,0.085,1,0
6.28,3,1281.9,0,21,52.39,2,0.532,0,0
43.18,6,136.9,0,13,52.6,1,0.036,0,0
285.24,4,73.7,0,13,133.42,1,0.518,1,1
345.15,1,73.4,1,1,25.28,0,0.558,1,1
19.01,3,604.4,0,19,26.1,0,0.815,0,0
66.1,1,7.8,0,15,15.39,0,0.48,0,0
134.23,5,283.4,0,22,60.19,1,0.188,0,0
98.09,5,1353.3,0,18,41.78,0,0.639,1,0
104.97,2,1313.6,0,10,40.77,0,0.294,0,0
35.43,2,702.1,0,0,49.87,1,0.608,1,0
10.53,4,820.6,0,4,36.05,0,0.153,1,0
105.78,5,527.2,0,3,22.9,0,0.139,0,0
87.35,3,320.1,0,10,52.93,1,0.247,0,0
162.58,4,423.7,0,7,3.82,0,0.398,1,0
59.97,4,422.7,1,7,75.61,1,0.288,1,0
38.42,2,230.5,0,16,276.79,0,0.918,1,1
47.63,1,523.1,1,6,13.76,1,0.334,0,0
140.22,2,10.4,0,13,40.69,0,0.436,0,0
54.43,3,87.8,0,4,17.59,0,0.0,0,0
121.92,3,2441.3,0,21,29.3,0,0.521,1,0
66.37,5,339.6,0,3,36.62,0,0.297,1,0
12.07,5,818.7,0,8,8.78,0,0.0,0,0
58.21,4,47.9,0,21,51.25,1,0.0,1,0
0.76,7,442.2,0,18,33.5,0,0.218,0,0
84.29,4,1010.9,0,18,10.27,0,0.0,1,0
60.32,1,539.6,0,10,53.88,0,0.674,0,0
145.58,5,444.2,0,19,5.49,0,0.163,0,0
91.79,8,41.3,0,23,43.64,0,0.422,0,0
605.21,1,437.4,0,5,137.03,0,0.631,0,1
203.81,1,224.7,1,21,30.78,0,0.341,1,1
123.09,3,2391.9,0,9,38.66,0,0.727,0,0
206.55,6,2389.2,0,11,17.2,0,0.134,0,0
125.93,5,238.9,0,5,23.93,0,0.426,0,0
20.73,3,562.6,1,6,69.08,0,0.245,1,0
19.4,1,27.6,0,5,46.76,0,0.485,1,0
119.17,3,297.0,0,4,14.86,0,0.117,0,0
78.02,1,1307.3,0,15,23.88,0,0.208,0,0
46.68,4,1513.9,0,19,25.81,0,0.0,1,0
61.3,1,3198.5,0,8,81.85,0,0.236,0,0
15.2,4,161.9,0,23,44.83,2,0.0,0,0
103.39,4,822.6,0,12,19.86,0,0.22,1,0
78.97,3,1709.7,0,5,51.93,0,0.368,0,0
132.69,6,323.3,0,1,100.76,0,0.369,0,0
111.98,2,108.0,0,6,194.33,1,0.856,0,1
4.92,2,720.8,0,16,0.26,0,0.78,1,0
67.4,3,392.4,0,2,82.53,0,0.0,0,0
3.88,5,733.7,0,21,32.32,0,0.414,1,0
48.06,1,1423.0,0,23,17.82,0,0.483,1,0
60.83,4,463.1,0,1,23.91,0,0.168,1,0
174.12,6,165.1,0,7,3.33,1,0.256,0,0
89.89,4,2898.2,0,11,6.91,1,0.226,0,0
313.94,2,622.6,1,8,183.78,0,0.566,1,1
444.71,1,181.1,0,3,249.38,1,0.569,1,1
50.65,5,149.9,0,2,24.82,1,0.576,0,0
41.81,4,250.5,0,16,14.77,0,0.209,0,0
68.54,6,201.3,0,23,10.15,0,0.11,0,0
36.25,3,111.8,0,10,62.41,0,0.023,0,0
21.14,2,45.5,0,20,31.48,0,0.596,1,0
65.29,1,12.7,1,0,47.25,0,0.304,0,0
16.63,6,1345.2,0,19,41.19,1,0.0,1,0
169.92,6,2593.4,0,9,2.36,0,0.0,0,0
2.91,3,1264.4,0,18,44.57,0,0.084,0,0
67.23,3,2187.2,0,3,3.3,1,0.31,0,0
93.46,2,427.6,0,1,31.5,0,0.161,1,0
133.16,6,229.8,0,15,2.09,0,0.456,0,0
219.16,5,2919.0,1,15,37.13,0,0.37,0,0
34.26,5,245.4,0,5,17.33,0,0.418,0,0
76.35,3,257.9,1,18,61.46,0,0.141,1,0
91.13,3,302.0,0,2,8.85,0,0.082,0,0
70.75,3,739.6,1,4,33.29,0,0.34,1,0
70.92,1,74.9,0,3,108.62,0,0.224,0,0
109.31,5,368.3,0,16,22.02,0,0.46,1,0
174.7,3,193.8,0,2,11.88,0,0.352,1,0
36.25,6,5.8,0,1,2.81,0,0.362,0,0
107.77,2,86.1,0,23,19.74,0,0.259,0,0
7.2,4,337.4,1,4,23.68,0,0.29,1,0
218.29,4,179.6,0,15,34.2,0,0.682,0,0
77.39,2,432.4,0,17,40.25,0,0.386,0,0
80.68,5,1166.4,0,21,10.19,0,0.358,1,0
12.21,5,295.5,1,15,23.63,0,0.568,1,0
150.44,2,127.1,0,4,44.13,0,0.232,1,0
182.47,5,32.1,0,0,5.02,0,0.259,0,0
2.29,4,10.6,0,7,20.91,0,0.0,0,0
154.25,4,69.9,0,13,0.15,0,0.02,0,0
49.81,5,40.1,0,10,21.6,0,0.394,0,0
88.27,6,58.5,0,13,1.94,1,0.556,0,0
90.96,1,94.1,1,16,31.68,0,0.318,0,0
18.63,3,619.1,0,13,38.44,0,0.524,1,0
125.7,3,50.0,0,15,6.92,0,0.0,0,0
162.86,1,95.1,0,19,54.61,0,0.4,0,0
59.83,0,123.8,0,4,85.3,0,0.441,0,1
59.75,1,282.7,1,22,6.19,0,0.425,1,0
1.79,5,1098.7,0,19,7.66,0,0.292,0,0
139.97,1,134.3,0,21,32.61,2,0.268,0,0
56.42,2,453.9,0,10,33.65,0,0.0,1,0
46.18,2,1932.1,0,7,42.07,0,0.221,1,0
167.1,1,1877.8,0,11,29.2,0,0.462,1,0
3.43,2,464.4,0,15,67.06,0,0.646,1,1
93.84,8,660.6,0,16,5.75,1,0.194,0,0
147.28,2,242.7,0,14,2.8,0,0.188,1,0
191.19,2,370.9,0,11,74.11,0,0.032,0,0
7.68,5,350.1,0,17,52.49,0,0.311,0,0
66.56,3,164.2,0,6,38.05,0,0.386,1,0
14.41,4,207.1,0,1,23.42,0,0.102,0,0
92.09,6,2559.6,0,1,21.42,0,0.121,1,0
12.88,2,47.9,0,14,50.09,0,0.732,1,0
105.01,2,377.7,0,17,9.37,1,0.562,1,0
104.66,6,104.7,0,8,65.16,0,0.094,1,0
74.02,8,1008.4,0,2,18.28,0,0.298,0,0
134.74,3,244.8,0,4,33.56,2,0.452,0,0
21.97,4,187.2,1,4,41.6,0,0.488,0,0
97.45,3,243.0,0,17,23.73,0,0.293,0,0
98.04,1,514.1,0,6,45.64,0,0.276,1,0
89.03,4,1622.7,0,2,14.51,1,0.581,0,0
157.44,2,67.5,0,19,4.28,1,0.668,1,1
16.5,1,173.3,0,4,26.9,0,0.575,0,0
39.65,2,219.3,0,16,53.86,0,0.405,0,0
116.26,5,178.8,0,1,15.31,0,0.105,1,0
18.98,7,439.0,0,21,82.23,0,0.359,1,0
42.93,3,1697.9,0,19,55.83,0,0.314,0,0
94.7,3,141.6,0,4,77.25,0,0.287,0,0
78.34,2,147.6,0,10,2.19,0,0.09,0,0
165.97,6,663.3,0,7,58.25,0,0.367,1,0
31.32,4,346.1,0,11,6.07,0,0.0,0,0
66.86,1,679.0,0,10,7.26,1,0.064,1,0
68.28,5,361.2,0,1,26.21,0,0.115,1,0
180.38,3,2299.7,0,22,27.3,0,0.241,1,0
157.53,3,245.5,0,21,6.58,0,0.636,0,0
66.54,4,385.1,0,21,0.27,0,0.0,0,0
102.29,7,599.8,0,18,21.56,0,0.382,0,0
111.67,3,119.8,0,15,8.8,0,0.064,0,0
126.38,6,764.8,0,14,19.05,0,0.208,0,0
28.65,2,238.3,1,18,30.12,1,0.231,1,0
18.4,0,1062.9,0,13,64.62,0,0.186,1,0
128.13,4,308.3,0,2,,0,0.171,0,0
79.98,2,488.1,0,7,3.62,1,0.112,0,0
11.15,2,84.4,0,3,93.17,0,0.077,1,0
113.07,1,813.7,0,18,10.43,0,0.146,0,0
82.81,2,605.2,0,14,17.85,0,0.168,1,0
78.61,4,616.6,0,16,33.41,0,0.059,0,0
45.24,2,2463.8,0,9,25.59,0,0.633,0,0
93.41,5,571.8,1,5,27.0,0,0.505,0,0
46.3,2,1.1,0,21,16.67,1,0.176,0,0
22.08,5,45.9,0,21,94.78,1,0.0,0,0
151.13,3,135.3,0,23,45.25,1,0.112,0,0
126.3,4,185.7,0,7,71.08,0,0.184,0,0
22.27,4,23.6,0,16,46.62,0,0.234,0,0
554.93,1,46.4,0,0,102.83,1,0.572,1,1
96.59,2,236.0,0,9,25.4,0,0.0,0,0
68.26,4,766.3,0,1,8.88,0,0.337,0,0
15.34,1,1776.9,0,8,10.34,0,0.447,0,0
182.82,2,989.8,0,23,18.55,0,0.535,1,0
80.87,5,1108.9,1,3,35.62,1,0.434,1,0
126.97,3,58.9,0,16,212.25,0,0.505,1,1
108.48,5,292.3,0,12,58.84,0,0.246,0,0
150.31,3,213.8,0,10,106.23,2,0.368,1,1
0.64,8,593.8,0,17,80.08,1,0.199,0,0
72.69,6,1200.8,0,18,33.79,0,0.055,1,0
49.44,6,237.4,0,4,22.37,1,0.361,0,0
91.37,3,382.4,0,0,19.47,0,0.364,0,0
116.56,6,580.9,0,4,37.72,0,0.232,0,0
110.06,3,145.2,0,0,28.9,0,0.0,1,0
70.86,4,791.4,0,15,34.27,0,0.093,1,0
284.49,1,165.2,0,4,206.29,1,0.558,0,1
164.25,2,345.1,0,19,33.12,0,0.244,1,0
105.98,1,479.8,0,21,12.22,0,0.0,1,0
22.65,2,160.9,0,21,4.05,0,0.0,1,0
68.6,4,347.0,0,8,48.06,0,0.221,0,0
19.57,2,1490.1,0,4,53.37,0,0.114,0,0
63.92,5,241.5,0,7,35.48,0,0.718,1,0
16.47,7,762.5,0,21,14.93,0,0.42,0,0
19.13,4,945.7,0,15,39.61,0,0.327,1,0
96.16,7,568.3,0,17,37.5,0,0.329,1,0
86.23,5,640.8,0,10,26.45,0,0.42,1,0
41.53,2,1719.2,0,15,4.73,0,0.18,0,0
75.89,2,190.3,0,22,37.86,0,0.121,1,0
93.92,5,368.9,0,16,80.51,0,0.374,0,0
67.28,2,658.9,1,20,25.8,0,0.385,1,0
48.39,2,1767.2,0,20,0.68,0,0.187,0,0
60.81,5,954.2,0,1,30.11,0,0.114,0,0
182.19,3,362.4,0,22,64.13,0,0.083,1,0
40.11,4,349.9,0,13,98.95,0,0.355,0,0
38.13,4,521.8,0,13,82.81,0,0.345,0,0
104.7,3,158.2,0,21,32.27,0,0.065,0,0
6.12,2,479.6,0,15,40.2,1,0.161,0,0
187.85,4,1849.9,0,8,6.96,0,0.487,1,0
34.45,3,111.3,0,4,19.73,0,0.751,1,0
19.06,4,102.6,0,14,113.05,0,0.391,1,0
26.39,3,207.5,0,16,14.29,0,0.071,0,0
50.8,2,675.5,0,13,25.83,1,0.525,1,0
3.21,2,68.8,0,13,73.16,1,0.093,0,0
134.65,2,38.4,0,21,64.57,0,0.361,1,0
360.98,4,386.4,1,1,193.57,3,0.391,0,1
287.6,3,400.6,0,6,28.81,0,0.0,0,0
107.37,3,737.8,1,17,62.37,0,0.486,0,0
105.81,5,21.8,0,21,35.31,0,0.241,0,0
134.63,4,353.0,0,22,24.81,0,0.254,1,0
5.36,1,399.8,0,2,50.91,0,0.633,1,0
100.27,4,123.0,0,14,40.48,1,0.339,0,0
62.24,1,57.2,0,6,30.03,0,0.247,0,0
165.51,5,1059.4,0,9,26.52,1,0.186,1,0
20.07,4,2657.7,0,22,50.8,1,0.0,1,0
116.63,0,221.2,0,14,53.1,0,0.0,0,0
180.93,1,154.7,0,18,130.46,1,0.18,1,1
80.24,4,169.6,0,9,75.74,0,0.117,1,0
253.65,8,395.8,1,4,282.91,0,0.69,0,1
64.68,4,1164.7,0,13,73.35,0,0.678,0,0
151.18,4,356.5,0,4,17.2,0,0.196,0,0
100.74,3,723.7,0,16,29.68,0,0.007,1,0
91.57,5,1631.8,0,17,24.96,0,0.174,0,0
96.94,2,215.1,0,9,16.03,0,0.501,0,0
106.45,2,537.6,0,7,2.38,0,0.0,0,0
390.0,0,39.3,0,14,24.36,3,0.75,0,1
73.14,0,218.5,0,2,3.63,1,0.341,0,0
43.08,4,382.1,0,2,26.32,0,0.6,1,0
24.19,6,228.3,0,15,14.23,1,0.159,1,0
54.58,2,433.8,0,2,27.17,0,0.218,0,0
337.57,4,493.1,1,2,101.73,0,0.659,0,1
114.63,1,2950.4,0,1,12.1,0,0.412,1,0
106.03,8,38.6,0,9,38.44,0,0.285,0,0
95.42,4,1414.7,0,10,11.19,1,0.286,0,0
145.2,2,150.5,0,13,61.46,1,0.132,1,0
134.77,4,172.2,0,2,31.19,0,0.288,0,0
83.64,2,166.6,0,5,12.61,0,0.32,1,0
104.25,5,28.1,1,22,30.7,0,0.077,1,0
73.54,3,281.2,0,2,2.34,0,0.207,1,0
107.56,3,448.9,0,16,85.27,0,0.585,1,1
111.72,2,671.8,0,3,51.34,0,0.0,0,0
148.17,4,343.6,0,19,0.48,0,0.303,0,0
30.32,4,1205.1,0,18,89.18,0,0.35,0,0
40.66,3,606.5,0,12,11.6,2,0.236,0,0
105.54,3,881.5,0,21,25.48,0,0.0,1,0
19.97,6,6.5,0,12,50.48,1,0.09,1,0
246.21,5,21.7,0,1,18.11,1,0.399,1,0
138.46,6,43.4,1,20,39.02,0,0.249,0,0
21.17,2,1309.8,0,11,11.93,0,0.282,1,0
79.32,3,1292.1,0,23,13.82,0,0.235,0,0
55.27,4,292.2,1,11,14.49,1,0.441,0,0
33.0,3,57.6,0,13,27.05,1,0.25,0,0
45.03,3,395.9,0,11,7.25,0,0.351,0,0
10.77,7,1687.6,0,8,35.33,1,0.128,0,0
51.75,7,362.8,0,20,16.62,1,0.422,0,0
285.13,1,205.1,1,4,56.75,0,0.598,1,1
72.39,4,182.3,0,11,30.41,0,0.0,1,0
137.98,3,776.2,0,2,69.31,0,0.511,0,0
48.71,4,57.6,0,9,25.84,1,0.089,1,0
31.19,6,339.4,0,8,28.07,0,0.253,0,0
90.64,3,142.2,0,10,12.8,1,0.247,0,0
234.01,0,3491.5,1,21,,1,0.107,1,0
222.88,3,42.5,0,23,45.71,2,0.325,1,0
111.2,5,1476.9,0,14,37.62,1,0.467,0,0
65.2,5,211.3,0,14,3.1,1,0.483,0,0
30.97,3,513.6,0,5,6.09,0,0.502,1,0
104.76,1,72.6,0,3,0.42,0,0.031,0,0
123.63,3,406.6,0,17,15.65,0,0.229,0,0
45.71,4,416.4,0,1,39.71,0,0.168,0,0
185.76,7,1130.0,1,10,4.2,1,0.768,1,0
97.23,1,143.4,0,7,48.15,0,0.0,0,0
94.71,4,867.8,0,1,12.29,0,0.678,0,0
24.38,2,168.4,0,0,45.64,0,0.442,0,0
73.97,7,39.0,0,21,47.39,0,0.343,0,0
51.98,6,220.2,0,9,44.9,0,0.201,0,0
90.81,3,498.2,0,3,5.87,1,0.463,0,0
59.31,3,208.6,0,9,43.28,0,0.0,0,0
181.45,5,178.6,0,22,58.76,0,0.331,1,0
153.05,1,587.8,1,20,74.26,0,0.579,1,1
170.09,0,98.0,0,10,264.16,0,0.956,1,1
66.86,3,173.4,1,23,127.2,1,0.81,0,1
29.89,7,864.4,1,21,10.81,0,0.347,1,0
26.85,3,827.3,0,2,9.49,0,0.574,0,0
38.63,6,96.6,0,9,63.55,0,0.0,0,0
51.75,5,251.2,0,23,61.11,1,0.0,0,0
77.19,3,79.9,0,3,21.4,1,0.35,1,0
87.59,3,1232.7,0,12,78.69,1,0.28,1,0
181.15,8,930.7,0,22,2.59,0,0.0,0,0
55.4,2,980.5,0,9,7.96,0,0.754,1,0
71.96,3,80.0,0,18,19.56,0,0.171,1,0
23.35,3,946.4,0,3,5.22,0,0.236,1,0
49.43,4,228.4,0,14,12.77,0,0.28,0,0
71.06,3,36.8,0,19,99.18,0,0.223,0,0
142.28,2,282.2,0,21,0.04,1,0.0,1,0
5.03,1,66.5,0,23,41.53,0,0.0,0,0
27.31,2,79.4,0,2,0.07,0,0.763,0,0
120.13,2,94.7,0,0,46.63,0,0.375,0,0
61.97,5,455.5,0,5,22.83,1,0.119,1,0
95.59,7,197.8,0,20,11.83,1,0.252,1,0
180.76,2,2150.1,1,21,21.5,1,0.172,0,0
40.55,5,790.0,0,6,52.82,0,0.324,0,0
138.07,6,985.0,0,13,18.66,0,0.293,0,0
151.86,5,182.2,1,2,29.3,0,0.239,0,0
94.44,2,212.8,0,18,13.01,0,0.331,0,0
156.27,1,1498.5,0,9,21.1,0,0.478,1,0
147.89,2,1404.6,0,22,10.03,0,0.036,0,0
12.21,4,1363.6,1,5,11.63,0,0.353,1,0
188.08,4,532.2,0,19,12.22,1,0.096,1,0
52.12,3,145.7,0,13,32.21,1,0.313,0,0
30.09,5,1243.3,0,18,6.2,0,0.488,1,0
26.98,4,510.9,0,22,63.54,0,0.0,0,0
158.44,2,517.1,0,22,13.59,1,0.412,1,0
86.78,2,1706.9,0,7,7.74,0,0.47,1,0
46.67,4,258.9,0,5,19.78,1,0.268,0,0
137.14,7,689.1,0,0,43.56,0,0.279,0,0
300.5,1,111.1,1,23,166.91,0,0.515,0,1
37.08,1,42.3,0,15,159.49,0,0.051,1,1
193.81,1,300.5,0,4,9.83,0,0.32,0,0
83.86,1,171.1,1,6,58.2,0,0.299,1,0
98.24,2,1179.9,0,23,25.3,0,0.325,1,0
104.9,4,713.3,0,4,27.53,0,0.411,1,0
45.76,5,637.9,0,8,36.78,0,0.325,0,0
104.05,3,958.3,0,18,56.16,0,0.0,0,0
127.18,4,1841.6,0,13,6.64,0,0.174,0,0
111.64,2,2347.3,0,19,25.6,0,0.197,0,0
99.93,2,788.8,0,10,79.63,0,0.552,0,0
45.89,3,364.9,1,14,23.0,0,0.3,0,0
173.32,5,756.1,0,16,0.27,0,0.692,1,0
44.08,5,112.4,0,2,9.88,0,0.455,0,0
29.17,3,13.0,0,5,85.97,0,0.275,1,0
16.59,4,450.5,1,8,19.89,1,0.008,0,0
38.51,5,176.1,0,8,38.76,0,0.379,1,0
1.71,0,265.4,1,17,51.82,0,0.083,1,0
115.19,6,96.5,0,14,58.97,0,0.295,1,0
112.77,1,2360.3,0,7,13.16,0,0.146,0,0
138.3,3,1521.0,0,18,0.21,0,0.114,0,0
126.4,4,364.7,0,17,23.59,0,0.0,1,0
16.18,4,2042.1,0,4,5.33,1,0.58,0,0
109.04,5,708.6,0,10,3.28,0,0.0,1,0
51.89,2,1104.4,0,8,44.33,0,0.177,1,0
4.53,3,444.3,0,22,44.91,0,0.506,0,0
120.69,2,639.3,0,7,21.28,0,0.426,0,0
70.58,3,197.7,0,18,23.89,0,0.102,0,0
57.21,6,1810.0,0,2,26.6,0,0.335,0,0
16.15,2,724.7,0,23,36.22,1,0.073,0,0
136.8,2,987.8,0,19,6.43,0,0.611,0,0
64.28,5,614.8,0,1,30.8,0,0.121,0,0
70.02,2,102.4,0,17,71.61,1,0.314,0,0
179.53,1,102.8,0,11,71.38,0,0.796,0,1
12.49,1,1054.5,0,15,19.47,0,0.207,1,0
55.32,1,2893.3,0,3,56.63,0,0.332,0,0
17.61,2,378.4,0,12,5.35,0,0.168,0,0
67.21,3,197.3,0,1,57.06,0,0.106,1,0
65.85,5,815.0,0,2,69.08,0,0.063,0,0
51.09,5,29.1,0,15,58.37,1,0.0,0,0
61.68,2,228.1,0,12,53.53,0,0.398,0,0
112.64,3,2516.4,0,20,15.07,0,0.074,1,0
46.46,3,284.9,0,5,13.26,0,0.015,1,0
72.13,2,496.7,0,5,13.62,1,0.0,1,0
99.89,3,816.0,1,21,5.73,0,0.043,1,0
85.8,1,193.5,0,20,11.82,0,0.601,0,0
16.18,7,342.9,0,6,4.42,0,0.098,1,0
93.81,5,1072.1,0,3,13.67,0,0.389,1,0
96.52,3,1344.8,1,19,13.59,0,0.263,0,0
13.66,2,816.1,0,2,,0,0.319,0,0
60.35,2,574.6,0,1,32.53,0,0.457,0,0
81.57,2,1063.3,0,23,6.07,0,0.166,0,0
70.07,3,115.2,0,12,18.93,0,0.0,0,0
27.69,4,117.1,0,10,30.34,0,0.158,0,0
18.21,2,824.7,0,11,35.76,0,0.0,0,0
73.07,5,382.0,1,22,30.1,0,0.0,0,0
28.74,1,827.2,0,14,52.37,0,0.348,1,0
155.1,2,234.9,0,13,85.06,0,0.433,0,0
14.48,6,213.1,0,10,51.16,1,0.231,1,0
76.61,2,511.4,0,16,13.65,0,0.0,0,0
382.05,1,318.6,1,8,182.12,0,0.735,0,1
1.32,4,1628.2,0,10,7.76,0,0.347,1,0
61.06,3,3444.8,0,6,86.08,0,0.302,0,0
84.57,2,3260.5,0,4,13.6,0,0.138,1,0
89.58,2,1375.8,0,7,11.62,0,0.094,1,0
52.75,1,251.0,0,3,73.9,0,0.404,1,0
57.67,2,378.3,0,3,17.71,0,0.291,1,0
123.92,1,591.9,0,23,68.93,0,0.611,1,0
97.7,7,829.5,0,16,21.68,2,0.0,1,0
124.57,1,229.1,0,10,3.38,0,0.325,1,0
413.2,2,365.4,0,13,84.48,1,0.845,0,1
93.21,7,145.6,0,20,62.44,0,0.298,0,0
11.37,1,643.9,1,17,30.76,0,0.674,1,0
1.68,2,996.0,0,6,4.86,0,0.378,1,0
91.84,4,499.3,0,4,32.11,0,0.429,1,0
295.0,2,342.0,0,12,94.59,2,0.888,1,1
106.45,2,206.7,0,6,304.12,3,0.473,0,1
133.47,3,405.0,0,17,1.49,0,0.625,1,0
75.46,3,354.4,0,15,67.05,1,0.353,0,0
104.84,0,407.8,0,2,17.97,0,0.261,0,0
581.45,6,654.3,1,5,46.96,1,1.0,0,1
31.98,3,337.6,0,4,51.94,0,0.135,0,0
126.71,6,36.2,0,10,22.95,0,0.188,1,0
56.32,2,207.9,0,22,26.62,0,0.0,0,0
62.24,5,84.2,0,12,10.87,0,0.128,1,0
44.65,3,2198.4,1,9,16.32,0,0.311,0,0
6.35,5,2191.3,0,15,16.93,0,0.106,0,0
112.08,4,769.7,0,16,23.25,0,0.42,0,0
96.85,7,207.7,0,1,3.32,1,0.154,0,0
139.25,12,544.9,0,0,,0,0.342,1,0
57.52,2,504.3,0,15,65.8,0,0.32,1,0
110.28,6,1030.4,0,2,80.11,0,0.046,0,0
163.21,5,982.9,0,18,5.75,0,0.272,0,0
43.46,1,2222.8,0,7,20.96,0,0.0,0,0
150.46,7,49.0,0,1,44.78,2,0.292,0,0
14.15,3,749.7,0,17,56.7,0,0.0,1,0
116.2,1,647.8,1,0,63.28,0,0.459,1,0
71.14,4,491.1,0,0,2.4,0,0.395,0,0
89.97,3,762.8,0,12,50.81,0,0.188,0,0
26.77,3,59.5,0,1,59.74,0,0.171,1,0
591.12,1,120.2,0,15,85.42,1,0.554,1,1
137.51,8,1646.2,0,11,37.2,0,0.405,0,0
163.85,3,38.2,0,23,33.09,0,0.23,0,0
160.58,3,60.7,0,9,5.1,0,0.313,0,0
93.99,5,115.0,0,17,20.11,0,0.21,0,0
130.16,0,257.5,0,19,95.8,1,0.823,1,1
114.85,6,2302.3,0,12,30.53,1,0.191,1,0
108.69,5,560.1,0,5,44.13,1,0.0,1,0
16.68,3,827.7,0,7,36.3,0,0.345,1,0
386.03,1,988.1,1,13,,2,0.603,0,1
157.52,3,1118.4,0,20,35.23,0,0.275,1,0
97.65,6,309.9,0,0,43.25,0,0.0,0,0
66.62,3,390.9,0,19,18.49,1,0.607,1,0
147.22,4,260.9,0,1,12.55,1,0.234,0,0
124.25,5,1803.3,0,13,23.55,0,0.07,1,0
106.49,4,233.5,0,0,79.04,0,0.356,1,0
7.27,4,39.7,1,16,1.19,0,0.438,1,0
44.79,6,61.1,0,18,24.75,0,0.564,1,0
16.34,5,899.9,0,3,74.06,1,0.449,0,0
49.13,1,241.9,0,8,47.04,0,0.228,0,0
95.72,5,735.0,0,8,71.08,0,0.424,1,0
246.54,3,91.7,0,8,123.33,0,0.546,1,1
4.25,6,1349.0,0,11,49.64,0,0.258,1,0
117.31,6,1712.9,0,1,3.53,1,0.305,0,0
185.66,1,1008.8,0,0,72.06,1,0.604,0,0
30.62,2,185.4,0,7,6.7,0,0.791,1,0
4.53,3,134.3,0,6,29.26,1,0.457,0,0
150.58,4,747.0,0,21,19.7,1,0.416,1,1
85.47,2,2165.7,0,4,74.8,0,0.139,0,0
123.45,6,124.2,0,20,23.33,0,0.467,0,0
41.17,3,869.2,0,16,18.17,0,0.302,1,0
50.32,2,348.2,0,22,46.44,1,0.195,1,0
61.12,4,661.7,0,8,8.16,0,0.256,1,0
80.06,3,170.8,0,5,21.66,0,0.124,0,0
124.7,4,1525.5,1,8,43.84,0,0.028,1,0
93.92,4,1177.5,0,11,2.47,1,0.44,0,0
87.86,0,747.8,0,11,8.98,0,0.027,0,0
44.29,1,1147.6,0,12,55.07,0,0.305,0,0
34.76,5,29.6,0,12,3.37,0,0.45,0,0
33.69,1,282.7,0,2,4.1,1,0.106,0,0
5.15,7,419.0,0,18,19.01,0,0.493,0,0
123.29,2,159.5,0,17,9.41,0,0.08,0,0
134.35,9,1811.7,0,7,18.19,0,0.241,0,0
43.89,2,397.4,0,23,37.23,0,0.462,1,0
68.46,2,482.4,1,19,8.29,0,0.208,0,0
61.97,3,1027.2,1,21,35.18,0,0.0,1,0
153.85,5,1288.1,0,8,42.7,0,0.626,1,0
4.87,7,805.7,0,22,67.36,0,0.536,0,0
147.12,4,211.7,1,11,8.92,0,0.284,0,0
39.21,5,43.6,1,7,45.75,1,0.181,1,0
41.17,5,92.9,1,20,2.9,0,0.0,0,0
48.19,3,36.7,1,10,83.97,2,0.633,1,1
381.14,3,336.3,1,13,39.94,1,0.275,0,1
45.69,7,529.2,0,20,36.57,0,0.174,0,0
93.98,2,379.4,1,2,5.59,0,0.394,0,0
183.42,1,1209.8,0,11,180.68,0,0.556,1,1
18.54,4,1604.4,0,11,33.03,0,0.263,1,0
123.82,4,59.6,0,18,16.08,0,0.0,1,0
104.15,0,4.0,0,8,80.31,2,0.619,0,1
54.96,2,1351.0,0,2,0.54,1,0.331,0,0
66.81,1,117.1,0,16,50.36,1,0.547,0,0
46.9,5,738.7,0,14,39.04,1,0.529,1,0
108.11,4,186.1,1,9,42.1,0,0.102,0,0
102.23,1,2671.5,0,7,1.14,1,0.176,1,0
108.09,6,113.4,0,6,36.3,0,0.245,0,0
23.39,2,391.9,0,0,41.81,0,0.0,0,0
39.91,3,386.5,0,12,10.9,0,0.052,1,0
199.5,7,118.2,0,15,65.29,0,0.029,1,0
5.7,2,1153.9,0,12,70.06,0,0.345,0,0
90.01,2,76.6,0,14,22.39,0,0.134,0,0
41.34,3,804.8,0,14,3.96,0,0.199,0,0
103.04,3,554.2,0,7,2.24,0,0.0,0,0
38.35,9,846.3,0,4,0.25,0,0.325,1,0
204.38,5,30.4,0,18,51.66,0,0.354,0,0
405.04,2,718.4,1,10,42.8,1,0.691,0,1
75.2,1,247.4,0,2,37.79,0,0.275,0,0
92.56,3,301.2,0,11,55.27,1,0.045,1,0
51.97,5,812.7,1,0,13.72,0,0.405,1,0
104.73,5,1564.1,0,3,10.17,0,0.588,0,0
67.74,1,5.6,1,7,24.21,0,0.278,0,0
14.25,3,1775.4,0,11,48.39,0,0.373,0,0
20.7,2,1171.6,0,20,8.72,0,0.304,0,0
148.66,5,595.6,0,20,13.72,0,0.256,1,0
62.63,5,84.5,0,5,25.59,1,0.287,0,0
28.81,2,218.6,0,9,9.51,0,0.0,1,0
49.74,4,159.8,0,20,8.47,0,0.0,1,0
1.03,5,147.7,0,1,1.64,0,0.054,1,0
69.36,5,332.2,0,18,4.05,0,0.648,0,1
119.91,10,239.1,0,13,43.29,0,0.229,1,0
134.47,3,89.2,0,2,3.95,0,0.163,0,0
103.08,3,761.1,0,5,37.34,0,0.642,1,0
76.75,1,417.1,0,20,2.46,0,0.282,0,0
19.17,1,819.1,0,1,2.86,0,0.339,0,0
117.42,2,70.4,0,2,68.89,0,0.329,1,0
157.75,3,1281.0,1,10,38.68,0,0.174,1,0
91.62,2,651.6,1,5,61.39,0,0.495,0,0
73.59,3,210.1,0,14,42.99,0,0.525,1,0
146.88,1,118.5,0,11,26.56,0,0.34,1,0
23.33,2,1926.3,0,1,21.18,0,0.591,0,0
14.63,6,295.5,0,5,28.83,0,0.276,0,0
160.16,1,134.7,0,15,146.01,2,0.799,1,1
94.6,2,1705.2,0,9,15.89,0,0.287,1,0
14.01,4,2279.3,1,10,97.1,0,0.467,0,0
31.18,3,2272.2,1,1,16.38,1,0.345,1,0
137.31,2,243.4,0,3,54.84,0,0.0,0,0
38.4,1,36.0,0,7,19.15,0,0.268,1,0
73.67,4,574.3,0,1,42.14,0,0.0,1,0
117.13,5,73.2,0,8,52.42,0,0.167,1,0
7.94,2,568.7,0,9,39.92,0,0.578,0,0
171.71,2,399.8,0,0,30.38,0,0.493,0,0
567.14,1,313.9,0,6,60.35,0,0.257,1,1
107.87,1,17.0,0,23,20.65,0,0.218,1,0
130.78,4,354.9,1,22,44.55,0,0.448,0,0
33.26,3,2067.1,0,19,23.35,0,0.083,1,0
96.01,3,453.0,0,2,1.72,1,0.581,0,0
32.94,2,1127.3,0,2,6.8,0,0.178,1,0
83.21,4,739.3,1,17,6.57,0,0.214,1,0
31.82,2,105.8,0,17,21.04,1,0.376,1,0
76.85,3,1683.2,0,23,43.42,0,0.219,0,0
64.33,7,676.4,1,3,76.71,1,0.657,1,0
121.31,3,5248.5,0,21,35.62,0,0.423,0,0
5.28,1,969.8,0,18,77.96,1,0.318,0,0
68.16,6,208.0,0,8,20.14,0,0.061,0,0
71.17,1,290.1,0,21,39.59,0,0.431,1,0
82.8,1,486.0,1,21,27.46,1,0.176,1,0
87.15,6,807.3,0,6,,0,0.32,0,0
125.89,8,652.6,0,10,53.26,0,0.319,1,0
5.29,6,237.5,1,17,14.94,0,0.824,1,0
15.93,3,197.3,0,9,36.16,0,0.575,1,0
2.08,5,384.4,0,13,85.4,0,0.326,0,0
39.29,3,2881.8,0,16,75.94,1,0.0,0,0
184.7,4,2174.0,0,7,14.65,0,0.0,1,0
69.74,2,837.1,0,14,31.57,0,0.0,0,0
64.2,2,361.2,0,4,62.25,0,0.203,1,0
30.36,4,778.7,0,8,29.33,0,0.126,0,0
163.25,2,1720.4,1,20,42.84,0,0.308,1,0
21.86,5,2299.1,0,17,8.21,0,0.528,0,0
35.45,3,88.6,0,17,12.97,0,0.093,0,0
31.68,1,451.0,0,20,80.25,0,0.436,0,0
75.6,6,248.4,0,18,9.22,0,0.169,1,0
62.66,2,337.5,1,23,227.83,1,0.674,0,1
85.47,4,19.0,0,16,28.01,0,0.428,1,0
101.83,2,126.7,0,11,41.39,0,0.131,0,0
19.7,5,97.4,0,16,35.81,0,0.06,1,0
114.61,7,349.8,0,14,27.5,0,0.224,1,0
64.54,1,779.2,0,1,72.13,1,0.485,0,0
179.92,3,306.9,0,6,21.52,1,0.269,1,0
107.9,4,468.6,1,21,74.4,0,0.504,0,0
84.87,4,729.8,0,3,26.18,0,0.282,0,0
22.33,0,20.5,0,3,49.51,0,0.0,1,0
182.93,1,321.4,0,13,256.45,0,0.61,0,1
137.51,1,240.0,0,12,27.59,0,0.354,0,0
223.0,0,135.9,1,21,216.29,0,0.425,0,1
59.94,2,1675.7,0,9,66.74,0,0.064,0,0
75.13,2,1092.8,0,21,83.5,2,0.152,0,0
70.84,3,464.4,0,23,0.03,0,0.049,0,0
118.22,1,2013.8,0,3,55.39,0,0.333,0,0
108.69,2,1142.3,0,18,4.65,1,0.263,1,0
30.69,3,622.0,0,2,23.85,0,0.051,0,0
10.08,0,474.5,0,4,14.48,0,0.0,0,0
10.14,4,389.5,1,19,,0,0.175,0,0
9.91,6,982.9,0,9,16.06,0,0.038,0,0
142.41,5,400.3,0,21,23.99,0,0.567,0,0
20.69,6,155.2,1,13,26.28,0,0.395,1,0
81.75,3,528.1,0,15,33.92,1,0.266,1,0
95.81,3,18.9,0,14,17.41,1,0.335,0,0
110.79,1,155.4,1,11,24.97,0,0.31,0,0
170.91,5,92.6,0,1,3.11,0,0.198,1,0
89.25,4,1153.5,0,22,70.82,0,0.588,0,0
144.37,1,688.0,0,4,33.78,0,0.141,0,0
190.74,4,199.3,0,21,5.67,1,0.027,0,0
9.62,3,210.2,1,13,4.51,0,0.009,0,0
61.07,2,217.7,0,1,57.28,0,0.166,0,0
79.09,2,390.4,0,23,17.17,0,0.57,0,1
26.06,2,237.0,0,16,7.51,0,0.488,1,0
174.93,8,2.5,1,16,27.91,1,0.259,1,0
137.57,8,218.0,0,21,49.79,0,0.0,1,0
62.73,2,279.2,0,13,53.57,0,0.358,1,0
60.82,6,1035.5,0,19,9.78,0,0.21,0,0
393.6,2,390.7,0,16,92.32,0,0.894,1,1
96.99,1,1021.5,1,6,21.18,1,0.173,1,0
108.33,3,159.4,0,4,78.15,0,0.345,0,0
40.04,2,333.1,0,21,23.62,2,0.379,1,0
113.03,5,348.2,0,18,45.09,2,0.268,0,0
186.18,4,121.2,1,7,56.33,2,0.36,1,0
141.48,3,468.8,0,4,37.01,0,0.191,0,0
450.47,4,498.5,1,5,156.13,0,0.546,0,1
51.28,2,744.4,0,6,22.57,1,0.669,0,0
87.17,2,448.4,0,3,34.89,1,0.365,1,0
158.76,5,13.3,0,22,35.55,0,0.294,0,0
70.79,3,238.5,0,22,115.65,0,0.593,1,0
134.77,5,310.1,0,5,6.2,0,0.368,0,0
14.76,3,830.2,0,20,59.83,0,0.567,0,0
188.34,2,259.0,0,4,3.31,0,0.0,1,0
146.91,4,793.7,0,13,74.08,1,0.0,0,0
45.19,1,268.9,0,4,5.48,0,0.089,0,0
101.53,3,20.6,1,14,46.89,0,0.498,1,0
153.12,2,13.7,0,3,9.04,0,0.372,0,0
166.35,7,1313.0,0,1,23.24,1,0.386,0,0
30.8,4,297.0,0,1,71.73,0,0.73,0,0
26.28,4,1462.9,0,20,12.95,0,0.228,0,0
90.38,3,22.2,0,2,12.42,0,0.47,0,0
19.22,5,2303.1,0,5,87.29,0,0.318,0,0
73.69,5,133.0,0,6,10.76,0,0.712,1,0
152.53,7,350.1,0,6,28.26,0,0.405,0,0
43.12,5,3.1,0,10,33.34,1,0.65,1,0
105.7,3,2806.4,0,6,3.94,0,0.381,0,0
38.27,3,451.8,0,9,6.06,0,0.634,0,0
93.85,3,1018.6,0,14,7.29,1,0.325,0,0
43.32,0,818.6,0,4,0.36,0,0.38,1,0
159.81,3,939.7,0,11,7.81,1,0.511,0,0
8.06,5,130.4,0,18,29.98,0,0.0,0,0
32.65,4,713.8,1,13,26.45,0,0.189,0,0
31.32,2,231.8,0,7,75.82,0,0.0,1,0
111.18,3,150.0,0,21,26.91,0,0.339,1,0
28.5,1,41.0,0,22,20.45,0,0.264,1,0
6.56,6,252.3,0,12,66.69,0,0.058,0,0
16.99,0,454.9,0,6,18.95,1,0.166,0,0
153.45,2,110.9,0,7,304.27,0,0.161,0,1
96.65,5,401.8,0,8,67.14,0,0.537,0,0
12.58,3,471.1,0,10,,0,0.461,1,0
59.28,2,993.4,0,13,14.12,0,0.444,0,0
94.12,5,99.8,0,6,60.25,1,0.0,0,0
79.06,0,356.0,0,23,16.16,0,0.37,1,0
153.48,3,1185.2,0,3,28.1,0,0.37,0,0
66.06,4,552.2,0,2,59.19,0,0.484,1,0
8.47,2,225.5,0,10,15.27,0,0.472,0,0
41.54,3,29.0,0,16,82.53,1,0.55,0,0
19.75,3,189.4,0,22,129.12,2,0.545,0,1
94.43,4,21.3,0,11,17.73,0,0.679,1,0
33.71,3,533.5,0,10,12.28,0,0.335,1,0
137.6,4,434.4,0,11,2.0,1,0.205,0,0
25.97,5,202.5,0,8,13.24,0,0.158,1,0
74.96,5,548.9,0,0,1.03,0,0.095,0,0
93.47,6,576.6,0,7,26.6,0,0.247,1,0
45.79,10,42.2,0,4,53.59,0,0.528,0,0
23.97,3,967.8,0,5,48.52,0,0.308,0,0
29.58,2,528.4,0,11,4.31,1,0.227,0,0
137.53,3,1788.0,0,21,2.59,0,0.306,1,0
57.6,4,935.8,0,23,36.8,0,0.165,1,0
44.05,3,160.4,0,2,35.66,0,0.0,1,0
46.95,5,367.2,0,3,19.17,0,0.131,1,0
10.45,6,986.9,1,4,4.11,0,0.459,1,0
54.61,3,1496.9,0,8,3.62,0,0.086,1,0
19.87,4,161.3,0,8,29.45,0,0.377,1,0
148.24,3,152.2,0,22,25.26,0,0.355,0,0
14.83,1,1651.2,0,12,5.96,1,0.278,0,0
23.24,8,2198.7,0,8,50.86,0,0.658,1,0
126.25,2,50.2,0,17,21.93,0,0.288,0,0
65.64,5,507.0,0,8,4.61,0,0.652,1,0
36.3,9,87.5,0,11,8.03,0,0.772,0,0
91.53,2,60.6,0,19,53.77,0,0.443,0,0
141.74,3,28.3,0,15,89.3,3,0.599,1,1
85.63,1,666.9,1,5,38.58,0,0.666,0,0
13.45,1,147.1,0,6,36.25,0,0.151,0,0
72.84,6,38.4,0,16,53.64,0,0.278,1,0
151.69,2,812.5,1,19,26.07,0,0.278,1,0
27.41,5,310.2,0,17,8.27,0,0.512,1,0
165.91,1,14.1,1,17,58.72,0,0.801,0,1
39.86,3,58.5,0,21,28.87,1,0.282,0,0
20.34,5,240.0,0,11,3.77,0,0.399,0,0
124.37,2,368.7,0,22,4.99,0,0.299,1,0
42.55,3,289.7,0,2,17.76,1,0.693,1,0
150.17,6,218.3,0,13,2.68,0,0.249,1,0
17.48,4,511.6,0,16,0.76,0,0.186,0,0
24.41,2,1192.2,0,0,25.55,0,0.221,0,0
13.84,4,169.4,0,0,41.94,0,0.599,0,0
73.69,5,1968.4,0,22,106.7,0,0.378,1,0
203.28,6,1287.5,0,7,51.55,0,0.0,0,0
118.34,1,582.1,0,11,14.5,0,0.249,1,0
111.3,3,1350.4,1,21,27.3,0,0.385,1,0
600.85,5,165.2,0,20,238.65,1,0.412,0,1
85.62,3,1242.6,0,13,16.71,0,0.303,1,0
163.74,4,322.9,0,17,47.83,0,0.155,0,0
51.46,1,75.6,0,17,19.87,5,0.597,1,1
84.59,3,920.2,0,11,55.28,0,0.192,0,0
98.87,1,1201.3,0,11,67.06,0,0.601,0,0
15.27,1,208.1,0,19,60.43,0,0.047,1,0
26.5,5,416.4,0,0,29.23,0,0.426,1,0
90.09,3,248.6,1,20,4.0,1,0.571,0,0
167.77,0,627.0,0,1,50.98,0,0.036,0,0
1.07,3,1715.9,0,14,1.05,0,0.182,0,0
118.65,1,399.5,0,9,83.38,0,0.126,0,0
16.53,0,179.1,0,22,36.85,0,0.119,0,0
6.31,6,1408.4,0,7,34.92,0,0.367,1,0
326.83,4,504.9,0,6,51.9,1,0.474,0,1
35.02,4,1972.1,0,14,7.69,0,0.356,0,0
69.79,3,589.5,0,5,34.23,0,0.29,1,0
57.02,1,307.3,0,10,32.17,0,0.337,0,0
30.04,3,576.4,0,1,8.08,0,0.26,0,0
142.6,1,1265.7,0,7,62.23,0,0.444,0,0
56.93,2,387.8,0,2,16.54,0,0.239,0,0
99.74,3,192.5,0,6,83.71,1,0.518,0,0
8.82,4,31.7,0,22,49.35,0,0.242,0,0
20.28,2,597.5,0,18,63.94,0,0.534,1,0
81.96,6,771.1,0,11,9.04,0,0.191,1,0
196.62,6,490.3,0,3,13.0,0,0.485,0,0
97.14,3,1049.9,0,3,34.28,0,1.0,0,0
51.25,3,1734.2,0,7,9.98,0,0.221,0,0
194.38,2,10.7,0,21,45.56,1,0.418,0,0
1.34,4,1210.8,0,18,104.45,0,0.618,0,0
49.26,1,1606.1,0,16,16.52,0,0.155,0,0
197.39,3,1023.1,0,14,44.82,0,0.269,1,0
49.3,6,980.0,0,20,37.44,0,0.602,0,0
125.53,1,671.8,0,23,51.55,0,0.0,1,0
407.89,1,246.2,1,8,66.82,1,0.588,1,1
110.4,3,921.8,0,3,57.75,0,0.325,1,0
168.03,3,1299.9,0,14,33.5,0,0.566,0,0
28.87,1,88.0,0,0,1.35,1,0.461,0,0
122.86,5,488.9,1,21,0.27,0,0.026,1,0
25.44,8,272.9,1,3,0.17,0,0.265,0,0
66.55,5,31.8,1,23,3.17,0,0.027,1,0
63.25,11,3397.1,0,13,4.49,0,0.196,0,0
6.13,7,50.1,0,10,34.73,0,0.599,1,0
256.58,5,760.6,0,22,87.68,0,0.627,0,1
129.42,3,1306.1,0,14,77.1,0,0.609,0,0
15.2,4,64.3,0,6,33.86,0,0.056,1,0
145.07,4,1480.9,0,22,49.25,0,0.092,0,0
95.14,4,37.3,0,16,44.19,0,0.416,0,0
76.48,7,941.9,0,6,19.29,0,0.187,0,0
7.86,1,1018.5,0,19,42.49,0,0.244,0,0
6.15,4,546.7,0,11,47.93,0,0.418,1,0
231.92,1,248.0,0,20,16.96,2,0.268,1,1
94.57,0,795.9,1,14,56.36,0,0.32,1,0
77.63,2,1101.0,0,6,38.47,1,0.455,0,0
166.3,6,880.9,0,22,30.17,0,0.27,1,0
27.05,3,651.0,0,4,34.51,0,0.034,1,0
39.41,3,509.3,0,19,24.27,0,0.19,1,0
105.06,5,160.0,0,0,38.72,0,0.483,0,0
91.3,4,774.1,0,16,72.66,0,0.497,0,0
1.59,4,434.7,0,9,21.7,0,0.191,0,0
138.0,8,380.8,0,14,7.1,1,0.166,1,0
113.57,4,567.0,0,2,16.43,0,0.309,0,0
36.13,1,1044.7,0,9,14.85,0,0.295,0,0
104.11,4,909.1,0,23,10.65,2,0.72,1,0
111.06,3,853.3,0,15,91.27,1,0.41,1,0
78.38,3,960.6,0,9,8.31,0,0.373,0,0
185.46,1,176.2,1,1,92.76,1,0.886,0,1
83.68,0,1592.3,1,22,28.18,0,0.211,1,0
66.65,4,709.3,1,1,22.47,0,0.731,0,0
48.02,2,36.9,0,17,59.37,1,0.407,1,0
202.6,3,29.0,1,4,4.5,2,0.801,0,1
71.86,4,977.5,0,8,49.31,0,0.313,1,0
42.59,7,48.8,1,15,7.58,1,0.534,1,0
10.07,3,1714.5,0,5,18.15,1,0.644,0,0
46.47,1,188.4,0,23,,1,0.202,1,0
218.54,2,392.8,0,2,23.31,0,0.221,0,0
100.51,2,190.0,0,14,51.97,1,0.42,0,0
37.81,3,1131.0,0,5,11.75,0,0.735,0,0
276.07,7,451.5,0,16,86.84,0,0.0,1,0
58.67,2,3252.7,0,18,45.0,0,0.153,0,0
135.25,3,253.7,0,13,2.38,0,0.628,0,0
85.05,5,196.5,0,19,46.31,1,0.428,1,0
2.64,4,1403.9,0,17,44.49,1,0.398,0,0
486.0,0,111.9,0,5,87.76,1,0.479,0,1
53.22,4,2070.2,0,18,19.35,0,0.024,0,0
212.89,1,208.9,0,1,256.29,2,0.271,1,1
76.88,3,107.8,0,13,4.5,1,0.172,1,0
107.17,1,238.6,0,10,140.23,0,0.55,0,0
120.5,6,42.5,1,23,2.51,0,0.332,1,0
165.05,3,1297.0,0,16,6.97,0,0.074,0,0
72.92,5,1455.0,1,2,24.23,0,0.439,1,0
20.21,4,1038.4,0,21,65.07,0,0.334,0,0
23.04,3,277.7,0,7,23.28,0,0.121,0,0
19.7,5,1406.1,0,3,50.63,0,0.294,0,0
55.2,3,194.4,0,14,12.36,0,0.315,1,0
54.08,1,349.5,0,5,7.4,2,0.458,1,0
33.34,3,344.7,0,6,61.41,1,0.006,0,0
39.45,4,418.9,0,15,1.63,1,0.082,0,0
52.16,4,169.9,0,17,7.89,0,0.247,0,0
216.9,7,0.2,1,10,,0,0.14,1,1
97.08,4,250.8,0,7,4.99,0,0.407,1,0
65.59,1,320.2,0,18,6.13,0,0.076,1,0
50.78,3,337.3,0,19,50.61,1,0.22,0,0
34.18,8,1815.6,0,6,5.57,0,0.328,1,0
149.8,6,531.9,1,1,13.5,0,0.0,0,0
44.06,2,388.4,0,18,0.01,0,0.064,0,0
159.46,2,895.3,0,15,7.34,1,0.274,0,0
45.62,1,2944.0,0,13,92.5,0,0.231,0,0
7.45,3,49.7,0,17,0.09,0,0.0,0,0
85.07,3,635.8,0,17,52.25,0,0.495,0,0
30.48,2,125.9,0,9,41.07,0,0.213,1,0
84.21,4,314.2,1,9,38.3,1,0.228,1,0
111.62,7,378.6,0,3,3.8,0,0.068,0,0
165.65,7,158.0,0,23,7.34,0,0.303,1,0
34.84,3,404.6,0,8,18.67,0,0.197,0,0
328.07,4,154.2,1,0,304.19,0,0.622,1,1
15.7,2,804.0,0,10,1.37,0,0.231,1,0
92.03,4,434.3,1,17,40.61,0,0.132,1,0
206.13,3,3385.6,0,20,54.65,0,0.19,0,0
1.9,3,163.3,0,11,81.95,0,0.401,0,0
39.43,1,387.5,0,23,,0,0.349,1,0
192.91,5,181.4,0,22,90.99,0,0.327,1,0
58.59,5,632.3,0,22,17.98,0,0.204,1,0
326.49,2,386.2,0,15,328.11,1,0.692,0,1
82.7,8,364.4,0,1,15.22,1,0.274,1,0
65.46,4,32.8,0,22,0.77,0,0.0,0,0
45.06,6,14.1,0,5,55.13,0,0.386,1,0
110.15,2,983.0,0,11,28.9,1,0.082,1,0
91.3,1,334.0,0,6,8.99,0,0.436,0,0
87.11,2,554.9,0,13,62.88,0,0.157,0,0
92.9,3,502.4,0,0,113.11,0,0.291,0,0
148.88,1,1198.5,0,16,15.65,0,0.184,1,0
98.92,2,1095.9,0,11,0.8,1,0.14,1,0
122.9,2,1455.7,0,10,116.65,0,0.08,0,0
34.28,4,652.5,0,20,56.46,0,0.0,0,0
68.73,7,307.3,0,10,21.02,0,0.0,0,0
44.36,4,2822.3,0,0,54.15,1,0.006,0,0
178.66,1,1390.1,0,19,65.88,0,0.176,0,0
154.31,5,971.6,0,17,58.24,0,0.472,1,0
70.56,3,667.6,0,0,2.79,0,0.373,1,0
7.83,3,515.2,0,9,63.98,0,0.186,1,0
111.92,2,196.7,0,20,6.5,0,0.301,1,0
121.69,1,281.1,0,18,14.9,0,0.362,1,0
58.11,1,835.0,0,12,53.81,1,0.324,0,0
182.36,1,712.9,0,19,38.87,0,0.332,0,0
40.11,6,44.3,0,0,22.4,0,0.541,0,0
45.7,7,639.3,0,11,91.59,0,0.617,1,0
136.85,3,1332.2,0,11,6.97,0,0.14,1,0
122.82,4,226.5,1,3,59.82,0,0.478,0,0
73.09,2,1617.0,1,9,52.86,1,0.436,1,0
127.37,3,1279.1,1,9,11.07,0,0.662,0,0
32.86,5,141.1,0,18,,1,0.389,0,0
48.45,5,192.6,0,9,40.93,0,0.254,0,0
7.67,5,4.8,0,13,6.06,0,0.152,1,0
27.79,4,297.6,0,9,23.02,0,0.419,0,0
115.52,3,885.6,0,9,51.2,0,0.0,0,0
66.94,4,664.3,0,15,69.54,2,0.425,0,0
105.33,6,251.8,0,16,10.0,0,0.587,0,0
179.83,8,641.9,0,7,12.92,0,0.32,0,0
188.9,2,148.8,0,22,53.3,0,0.049,0,0
0.45,1,90.4,0,20,30.43,1,0.271,1,0
160.7,3,27.2,0,2,15.59,0,0.091,0,0
95.95,4,11.0,1,1,41.56,0,0.192,0,0
78.6,5,22.1,0,20,11.01,0,0.199,1,0
215.14,3,379.2,1,10,169.23,0,0.407,0,1
96.39,3,1084.9,1,1,14.44,0,0.0,0,0
180.37,6,87.7,0,17,40.68,0,0.403,0,0
42.21,2,1469.8,1,18,16.02,0,0.66,1,0
336.45,1,381.1,1,7,39.96,1,0.556,1,1
4.21,4,17.1,0,11,64.05,0,0.341,1,0
12.63,5,972.5,0,3,57.35,0,0.0,1,0
9.82,3,306.0,0,10,21.35,0,0.224,0,0
97.57,5,112.8,0,1,15.23,0,0.207,0,0
35.33,2,584.9,1,1,14.75,0,0.004,0,0
180.64,5,70.1,0,21,22.47,0,0.72,1,0
126.77,3,1580.0,0,9,6.29,1,0.298,1,0
94.41,1,407.3,0,16,8.44,0,0.0,0,0
139.84,2,80.9,0,5,48.1,1,0.8,0,1
12.73,2,562.6,0,17,30.7,0,0.286,0,0
67.96,4,612.2,0,17,19.3,0,0.363,1,0
74.28,6,201.7,1,12,41.85,0,0.0,1,0
0.94,4,220.8,0,14,26.18,1,0.094,0,0
15.47,6,1274.8,1,13,31.77,0,0.153,0,0
31.53,4,82.6,0,2,8.43,1,0.569,0,0
57.84,8,66.6,0,10,14.28,1,0.225,0,0
57.62,2,5.4,0,18,58.14,0,0.397,1,0
52.24,3,441.5,1,12,40.68,1,0.0,1,0
27.75,6,414.6,0,20,25.76,1,0.449,0,0
65.58,9,40.9,0,8,38.54,0,0.292,1,0
63.84,3,1009.2,0,16,56.39,0,0.093,1,0
110.46,0,934.3,0,14,50.9,2,0.587,1,0
184.79,4,316.1,0,17,82.92,0,0.28,0,0
0.9,5,1027.4,0,15,74.38,0,0.486,0,0
23.88,6,433.3,1,6,83.6,0,0.0,0,0
79.72,4,405.3,0,0,6.84,0,0.057,1,0
3.24,5,441.8,0,4,3.38,1,0.394,0,0
29.0,7,767.4,0,21,55.71,0,0.112,0,0
78.71,4,656.0,0,3,12.38,0,0.138,0,0
9.56,9,1170.6,0,6,58.82,0,0.156,1,0
13.66,5,545.8,0,17,19.44,1,0.47,0,0
0.6,4,382.8,0,19,29.89,1,0.532,0,0
66.26,2,320.7,0,19,80.3,0,0.201,1,0
7.14,3,526.0,0,15,22.31,0,0.0,1,0
170.72,4,10.7,0,12,210.61,0,0.531,1,1
138.85,2,37.2,0,7,72.27,0,0.0,1,0
28.9,3,287.2,1,18,,1,0.483,0,0
90.68,4,381.4,1,17,102.75,1,0.305,1,0
83.69,2,639.2,0,2,213.28,0,0.25,1,1
89.72,4,2400.2,0,22,2.13,0,0.113,0,0
181.56,4,807.4,0,12,22.36,0,0.288,0,0
34.05,1,1452.5,1,2,25.74,0,0.0,1,0
68.99,3,243.4,0,17,25.56,0,0.566,0,0
17.72,2,819.4,0,16,24.75,0,0.34,0,0
46.8,3,490.3,0,4,21.97,0,0.386,1,0
153.47,4,988.9,0,2,32.84,0,0.262,0,0
68.6,3,21.6,0,23,41.86,0,0.242,1,0
273.94,3,824.7,0,18,242.15,0,0.616,0,1
60.12,7,866.3,0,7,66.52,0,0.135,1,0
37.47,3,531.1,0,15,84.9,0,0.369,0,0
36.69,4,536.5,0,0,1.91,1,0.145,1,0
122.21,0,1276.9,0,17,20.21,0,0.184,1,0
5.39,2,1635.0,0,0,3.62,0,0.137,1,0
423.66,2,225.3,0,5,93.29,1,0.636,1,1
175.28,6,225.9,0,5,5.51,1,0.212,0,0
3.22,1,67.6,0,1,44.82,0,0.563,1,1
29.07,4,421.0,0,21,27.73,0,0.0,1,0
118.34,5,40.6,0,9,5.98,1,0.245,1,0
56.46,1,508.8,1,11,72.59,0,0.232,0,0
104.6,4,59.1,0,17,46.83,0,0.0,0,0
27.78,3,28.9,0,23,16.06,0,0.349,1,0
64.23,1,1417.3,0,1,13.08,0,0.0,0,0
19.03,2,718.8,0,22,79.07,1,0.682,0,0
41.73,8,394.7,0,8,3.19,1,0.0,0,0
237.42,2,981.7,1,23,89.89,0,0.21,0,0
48.73,3,370.7,0,20,22.58,1,0.49,1,0
190.84,3,198.6,0,0,3.87,0,0.403,1,0
87.22,4,887.9,0,12,,0,0.4,0,0
499.7,2,321.4,1,5,64.97,2,0.383,1,1
20.06,8,733.8,0,18,39.25,0,0.095,0,0
62.13,2,523.0,1,12,66.74,1,0.665,0,1
82.02,3,227.5,0,0,15.56,0,0.542,1,0
4.42,9,1513.3,0,10,48.0,0,0.336,0,0
87.85,2,1555.9,0,9,20.87,1,0.329,1,0
69.8,4,1655.9,0,3,43.28,1,0.488,0,0
105.38,5,144.6,0,14,34.99,0,0.538,1,0
58.82,2,279.4,0,22,59.31,1,0.331,0,0
90.56,6,506.5,0,19,4.22,1,0.246,0,0
141.42,2,1356.0,0,23,38.51,0,0.399,1,0
256.38,5,799.1,0,23,23.5,0,0.265,0,0
30.81,6,716.3,0,19,24.2,0,0.226,0,0
55.8,4,517.0,0,8,31.87,0,0.202,1,0
51.98,4,1930.7,0,12,27.05,1,0.044,1,0
450.63,0,78.9,1,15,119.67,1,0.873,1,1
99.57,6,481.5,0,3,49.88,1,0.254,0,0
26.81,3,1239.2,1,17,26.45,2,0.329,1,0
54.91,5,2334.6,0,12,21.44,1,0.225,0,0
70.6,7,412.8,0,4,55.37,0,0.436,0,0
21.28,1,200.3,0,3,61.78,0,0.604,0,0
634.51,2,13.1,0,17,156.19,0,0.819,1,1
46.31,6,152.6,0,7,42.41,0,0.332,0,0
6.65,5,1674.8,1,20,,0,0.043,1,0
39.53,2,665.2,0,2,22.13,0,0.64,0,0
137.11,3,85.8,0,16,18.8,0,0.019,1,0
133.21,1,1108.8,0,20,19.63,0,0.169,0,0
35.2,7,1201.4,0,6,29.08,0,0.228,1,0
10.97,2,140.9,0,4,14.97,0,0.159,0,0
131.53,8,4197.3,0,6,83.05,0,0.0,0,0
119.3,7,2470.9,0,21,46.87,0,0.474,0,0
69.53,6,125.2,0,2,36.16,0,0.579,0,0
101.47,5,43.9,0,12,15.07,1,0.436,1,0
54.04,1,667.9,0,19,38.63,0,0.452,0,0
29.01,2,501.8,0,16,0.36,0,0.169,1,0
32.43,1,154.3,0,17,,0,0.496,0,0
46.64,4,186.9,0,0,56.23,0,0.349,0,0
120.89,2,1467.9,0,13,95.31,0,0.365,1,0
96.47,3,155.5,0,9,53.94,0,0.19,1,0
56.52,3,585.9,0,6,20.5,0,0.411,1,0
72.87,9,523.7,0,17,64.16,0,0.243,0,0
75.75,3,478.8,0,17,9.6,0,0.084,1,0
91.19,3,630.0,1,17,23.45,0,0.213,0,0
123.79,2,4302.5,0,5,15.72,1,0.387,0,0
8.38,3,90.1,0,15,71.04,1,0.664,1,1
56.08,2,175.4,0,6,30.93,0,0.551,0,0
142.77,2,120.0,0,18,3.49,0,0.309,1,0
98.25,3,603.5,0,2,3.11,0,0.141,0,0
95.19,1,126.9,0,10,40.74,0,0.529,0,0
82.83,2,4549.7,0,17,15.61,0,0.516,0,0
13.44,3,1816.3,0,8,37.94,1,0.082,1,0
40.85,2,1028.1,1,18,33.54,0,0.03,1,0
8.14,3,431.8,0,16,18.98,0,0.469,1,0
97.2,4,2213.2,0,21,0.21,1,0.682,1,0
4.44,5,349.2,0,17,40.7,0,0.409,1,0
13.77,2,484.5,1,13,13.18,0,0.251,0,0
86.16,2,553.7,0,7,111.72,1,0.01,1,0
4.64,4,1106.8,0,2,54.62,0,0.482,0,0
67.43,6,1088.6,0,8,55.37,0,0.434,0,0
119.9,3,204.8,1,4,187.1,1,0.496,1,1
115.87,7,290.2,0,11,3.06,0,0.589,0,0
109.53,2,172.0,0,4,269.66,2,0.576,0,1
15.28,3,474.8,0,23,51.68,0,0.347,0,0
161.84,5,346.4,0,2,10.99,1,0.0,0,0
54.4,5,409.9,0,8,3.29,1,0.582,1,0
34.66,4,616.7,0,12,0.68,0,0.474,0,0
65.62,4,530.4,1,5,18.55,0,0.0,0,0
33.06,0,813.1,0,22,22.55,0,0.221,0,0
9.84,3,953.4,0,0,27.17,0,0.0,1,0
39.58,4,1316.2,0,1,4.61,0,0.044,1,0
78.22,2,16.8,0,2,178.57,0,0.41,0,1
132.72,1,891.3,0,13,33.26,0,0.132,0,0
49.09,1,56.7,0,8,7.9,0,0.0,0,0
127.03,4,515.6,0,10,21.91,0,0.233,0,0
151.29,1,259.5,0,15,24.31,1,0.0,1,0
107.37,3,866.9,0,6,64.73,0,0.368,1,0
68.19,3,2068.5,0,3,23.56,0,0.628,0,0
85.65,3,603.0,0,16,81.1,1,0.153,0,0
51.02,9,161.3,0,21,51.63,0,0.818,0,0
51.97,2,489.6,1,10,43.72,0,0.035,0,0
114.2,2,904.9,0,9,57.24,0,0.677,1,0
57.41,10,66.8,0,7,5.09,0,0.039,0,0
13.69,4,503.9,0,20,138.86,0,0.187,0,0
74.47,1,133.7,0,4,40.86,0,0.0,0,0
11.83,3,298.9,0,12,27.73,1,0.391,0,0
66.94,5,1306.2,0,1,46.03,0,0.0,0,0
27.78,3,2.5,0,1,40.03,0,0.152,0,0
107.61,6,982.8,0,3,43.24,0,0.513,0,0
63.18,3,425.5,0,7,46.5,1,0.535,1,1
22.53,3,110.5,0,10,55.14,0,0.646,1,1
74.65,8,284.4,0,4,51.94,1,0.856,1,0
115.98,8,890.8,0,22,11.18,0,0.088,1,0
39.48,0,138.7,0,15,28.07,0,0.162,0,0
101.32,2,482.0,0,21,38.96,0,0.429,1,0
157.93,4,1355.7,0,6,77.12,0,0.382,0,0
8.16,6,130.6,0,13,29.61,1,0.31,0,0
85.35,2,466.9,1,19,44.63,0,0.0,1,0
143.41,5,76.2,1,16,36.71,0,0.0,0,0
63.39,3,67.2,0,2,48.1,0,0.953,1,0
157.99,3,132.6,1,6,253.02,0,0.652,0,1
22.63,6,34.2,0,10,21.21,0,0.372,1,0
97.88,2,296.1,0,3,18.2,0,0.155,0,0
36.44,3,1134.4,0,9,6.73,0,0.162,1,0
107.0,3,433.1,1,20,11.19,1,0.324,0,0
106.06,3,852.3,0,8,8.67,0,0.455,0,0
128.42,2,255.8,0,12,38.83,0,0.075,0,0
64.08,1,277.2,0,18,29.5,1,0.433,1,0
292.33,0,235.4,0,7,69.52,0,0.725,1,1
98.11,2,913.5,0,2,56.24,0,0.041,0,0
119.17,4,863.2,0,20,4.97,0,0.282,0,0
82.65,5,463.5,0,21,10.04,1,0.859,0,0
76.25,2,95.0,0,14,57.56,2,0.54,1,1
32.67,5,10.4,1,14,13.09,0,0.367,0,0
36.04,3,112.1,0,19,7.94,0,0.333,0,0
71.06,3,121.2,0,14,1.44,0,0.06,1,0
118.35,3,1301.1,1,15,21.27,1,0.437,0,0
10.97,5,524.2,0,14,65.51,2,0.222,0,0
132.27,5,1341.2,0,3,81.09,0,0.101,1,0
160.33,3,2264.3,0,13,53.48,0,0.311,0,0
52.95,6,358.5,0,4,5.41,0,0.396,1,0
60.76,3,686.2,1,5,20.08,1,0.358,0,0
14.43,2,945.9,1,5,38.05,0,0.055,1,0
110.14,3,90.8,0,20,77.88,0,0.0,0,0
147.13,7,21.7,0,21,5.11,1,0.103,0,0
527.29,2,136.7,1,2,182.16,2,0.812,1,1
163.86,4,152.8,1,22,78.06,0,0.351,0,1
26.25,3,444.9,0,7,38.02,0,0.232,1,0
53.43,5,815.2,0,22,19.2,0,0.0,0,0
88.89,1,569.9,0,17,27.75,0,0.0,1,0
52.2,4,199.2,0,16,32.28,0,0.204,1,0
70.27,3,68.0,1,0,26.0,0,0.131,0,0
106.87,2,13.4,0,14,70.81,1,0.272,0,0
185.81,2,478.0,0,14,19.88,0,0.49,0,0
569.07,1,206.9,0,23,184.56,2,0.533,1,1
20.02,3,1889.3,0,22,8.15,0,0.0,1,0
332.35,3,60.7,0,22,185.45,1,0.983,1,1
54.2,3,345.6,0,23,20.02,0,0.401,0,0
95.22,3,470.8,0,16,,2,0.235,0,0
43.81,8,2150.8,0,12,54.78,1,0.425,1,0
76.94,5,386.8,0,23,9.44,0,0.0,0,0
80.49,2,209.4,0,20,64.93,0,0.511,1,0
158.67,8,2349.2,0,16,58.28,0,0.197,0,0
52.92,6,414.8,0,14,48.09,1,0.712,0,0
93.69,7,481.0,0,21,25.53,0,0.086,0,0
5.91,3,964.8,0,1,38.16,0,0.365,0,0
96.22,4,738.9,0,23,26.43,0,0.697,1,0
59.15,4,156.3,0,10,46.04,0,0.0,0,0
15.53,8,1241.5,0,22,8.65,0,0.306,0,0
89.25,3,2799.0,1,22,58.49,0,0.0,1,0
19.88,3,385.1,0,6,26.68,0,0.413,0,0
90.47,3,154.9,0,11,27.18,0,0.287,0,0
36.16,5,1735.3,0,20,46.74,1,0.387,0,0
2.86,3,45.7,0,1,9.75,0,0.488,0,0
63.88,4,348.8,0,19,91.43,0,0.236,0,0
44.22,1,1138.3,0,21,1.19,1,0.51,0,0
26.48,1,4702.3,0,19,6.62,0,0.15,1,0
32.75,0,401.2,0,16,17.53,0,0.365,1,0
99.29,2,435.8,0,4,15.05,0,0.231,1,0
79.59,2,301.3,0,5,16.35,0,0.342,0,0
191.6,5,1510.1,0,3,14.1,0,0.062,0,0
58.51,5,326.5,0,10,2.26,0,0.248,1,0
100.92,1,163.2,0,6,15.44,0,0.451,0,0
104.39,7,1024.6,1,7,42.58,0,0.136,1,0
173.59,0,207.1,1,3,42.01,0,0.487,0,0
42.34,3,167.2,0,4,9.09,0,0.352,0,0
83.76,3,392.4,0,10,41.17,0,0.205,0,0
88.48,2,1647.3,0,6,81.26,1,0.026,0,0
4.64,2,1034.4,1,5,24.53,0,0.678,0,0
169.59,9,241.2,1,21,18.93,1,0.303,0,0
106.71,5,113.4,0,2,6.06,1,0.146,0,0
30.01,3,679.5,0,8,40.63,0,0.282,0,0
54.61,3,547.8,0,8,25.74,0,0.0,0,0
56.54,4,211.8,0,0,7.37,0,0.299,1,0
47.85,6,400.7,0,23,37.89,0,0.496,0,0
32.03,4,520.5,0,19,18.45,0,0.093,0,0
78.76,4,572.3,0,0,56.46,0,0.14,0,0
466.78,5,248.1,0,7,38.52,1,0.153,1,1
166.08,3,501.0,0,1,39.53,1,0.216,0,0
48.8,3,1815.4,0,20,63.8,0,0.351,0,0
10.56,5,38.0,0,20,53.93,1,0.699,1,0
74.37,7,632.4,0,22,11.32,0,0.113,0,0
94.06,1,439.3,0,9,3.42,0,0.285,0,0
10.52,4,491.6,0,23,5.37,0,0.379,0,0
46.95,7,1339.4,0,11,33.39,0,0.0,0,0
28.82,8,297.6,0,0,1.3,0,0.224,1,0
94.02,2,867.5,1,14,66.73,1,0.51,0,0
5.85,2,341.8,0,23,3.03,0,0.285,0,0
96.19,1,1342.9,1,17,208.13,0,1.0,0,1
83.32,6,632.5,0,10,29.07,0,0.426,0,0
74.39,4,1739.3,0,10,69.61,0,0.345,0,0
37.2,5,658.6,0,15,16.21,0,0.0,1,0
76.32,1,540.1,1,11,64.06,0,0.237,0,0
381.52,3,219.0,0,7,208.65,0,0.584,1,1
32.79,3,163.9,0,6,73.65,0,0.578,1,0
40.29,8,79.2,0,6,79.54,0,0.267,1,0
92.74,2,1126.6,0,21,19.65,0,0.097,0,0
120.84,5,1206.6,0,3,57.44,0,0.078,0,0
145.37,3,60.2,0,2,69.67,0,0.565,1,0
159.25,4,238.4,0,4,25.03,0,0.0,1,0
0.72,6,280.7,0,14,,0,0.358,0,0
115.28,7,121.5,0,9,26.49,0,0.0,1,0
86.01,2,138.9,0,11,287.14,1,1.0,1,1
95.31,3,125.4,1,15,207.0,3,0.474,1,1
1.76,7,1215.2,1,23,58.36,0,0.438,1,0
84.29,2,106.6,1,14,8.03,0,0.854,0,0
147.01,1,508.3,0,13,7.63,0,0.458,1,0
51.55,4,856.5,0,6,37.79,1,0.558,0,0
3.16,5,1508.9,0,1,16.63,0,0.0,0,0
5.65,4,136.3,0,10,9.32,0,0.309,1,0
54.28,3,2315.5,0,22,70.4,0,0.601,0,0
141.57,3,2778.2,0,10,105.04,0,0.393,0,0
22.05,2,829.9,0,18,45.5,0,0.419,0,0
149.09,5,281.1,0,20,332.36,0,0.714,0,1
117.58,6,777.7,0,9,26.7,0,0.323,1,0
41.75,1,144.8,0,11,8.31,0,0.12,0,0
206.86,5,151.8,0,15,36.65,2,0.517,1,0
20.65,2,972.0,0,10,37.89,0,0.199,1,0
163.9,4,39.5,0,6,44.57,0,0.0,1,0
188.59,5,88.6,1,3,33.5,0,0.157,1,0
57.95,1,115.8,0,4,53.04,0,0.054,0,0
184.32,1,2045.3,0,17,15.91,0,0.109,0,0
57.6,4,642.9,0,14,30.16,0,0.774,1,0
46.08,6,1726.5,0,16,22.05,0,0.05,1,0
280.6,0,80.0,0,23,117.59,2,0.631,1,1
108.49,0,38.6,0,23,150.51,1,0.579,0,1
24.54,3,109.7,0,23,10.1,0,0.061,1,0
166.42,4,823.8,0,2,26.41,1,0.218,1,0
24.89,3,1012.8,0,10,50.18,0,0.555,1,0
78.3,7,72.2,0,3,29.27,0,0.161,1,0
18.37,3,563.0,0,3,36.87,0,0.198,1,0
82.9,4,55.5,1,10,23.6,0,0.312,0,0
174.77,3,428.3,1,6,12.86,0,0.692,1,1
125.05,4,303.5,0,8,33.74,0,0.004,1,0
62.48,3,336.1,1,8,36.2,1,0.56,1,0
128.42,5,1207.2,1,14,41.22,1,0.151,0,0
49.21,4,1091.8,0,15,50.17,3,0.022,1,0
75.88,4,461.5,0,14,6.23,1,0.162,0,0
70.39,6,4.4,0,2,2.33,0,0.029,0,0
8.34,4,125.9,0,9,12.79,0,0.363,0,0
14.07,5,1512.4,0,5,38.97,0,0.26,1,0
72.28,3,891.8,0,22,10.88,0,0.373,0,0
233.27,1,31.1,0,4,257.37,3,0.568,1,1
87.45,1,23.0,1,14,36.91,0,0.258,0,0
249.25,6,2731.1,0,5,18.48,0,0.105,1,0
58.26,4,520.1,0,6,20.49,0,0.383,0,0
94.02,5,885.0,0,4,65.25,0,0.114,0,0
170.25,3,928.5,0,5,78.69,1,0.842,1,0
90.08,2,696.1,0,22,28.54,0,0.347,0,1
58.7,3,416.0,0,5,3.52,0,0.0,1,0
77.83,3,387.1,0,17,62.19,2,0.387,1,1
26.31,5,672.9,0,12,,0,0.317,1,0
61.16,5,897.5,0,5,32.68,1,0.166,1,0
222.17,5,599.3,0,5,65.71,0,0.0,1,0
156.51,1,4.5,0,12,27.63,0,0.196,1,0
92.46,1,1096.6,0,10,28.6,0,0.301,0,0
25.12,1,414.1,0,10,16.16,1,0.084,1,0
158.76,0,17.1,0,1,91.41,0,0.255,0,0
55.09,5,643.1,1,23,4.12,0,0.274,0,0
71.58,4,677.5,0,11,75.57,0,0.484,1,0
7.82,4,441.9,0,4,96.63,0,0.37,1,0
47.35,1,572.0,0,21,31.23,0,0.143,1,0
55.67,8,118.8,0,19,18.17,0,0.0,1,0
97.69,2,392.3,1,18,31.66,0,0.547,0,0
1.47,3,1717.6,0,2,22.19,0,0.19,0,0
191.02,6,130.1,0,17,48.75,0,0.175,0,0
48.09,3,1388.1,0,21,10.43,0,0.099,0,0
70.79,3,368.2,1,7,5.28,0,0.153,1,0
13.23,3,284.6,0,19,13.13,0,0.247,0,0
134.9,3,1188.1,1,19,31.26,0,0.007,0,0
211.24,4,304.2,0,0,9.49,0,0.856,0,0
74.19,3,41.6,1,12,26.31,0,0.022,0,0
155.09,1,178.7,0,4,71.91,0,0.531,0,0
122.36,5,838.1,0,1,10.32,0,0.371,0,0
12.17,5,518.3,0,22,52.45,0,0.55,0,0
85.9,3,601.8,0,22,4.87,0,0.355,0,0
17.28,9,674.1,0,14,51.68,1,0.336,1,0
114.05,2,346.5,1,7,21.01,2,0.125,1,0
125.34,1,436.2,0,1,2.16,1,0.544,1,0
76.18,1,228.9,0,0,33.65,0,0.755,0,0
41.19,3,396.0,0,11,37.68,0,0.596,0,0
139.58,1,693.5,0,15,4.63,0,0.057,0,0
31.81,4,59.4,0,1,14.55,0,0.348,0,0
73.62,3,1587.3,0,0,39.17,0,0.0,0,0
34.02,2,797.8,0,18,74.57,1,0.145,1,0
23.67,5,101.5,0,1,19.12,1,0.152,0,0
109.7,6,86.6,1,20,1.87,0,0.0,1,0
258.98,1,370.8,1,3,60.12,2,0.555,1,1
35.62,2,254.8,0,6,58.89,0,0.697,0,0
135.89,3,974.5,0,23,32.8,1,0.361,0,0
17.11,10,1109.4,0,4,22.13,0,0.236,0,0
93.69,1,460.3,0,10,75.61,0,0.268,0,0
11.19,5,1454.2,0,1,10.31,0,0.348,1,0
32.49,4,918.3,0,3,60.21,0,0.443,0,0
99.66,2,1228.1,0,20,2.34,1,0.196,0,0
57.74,0,21.5,0,12,11.85,0,1.0,1,1
120.77,6,635.9,1,7,44.33,2,0.595,1,0
53.32,11,7.7,0,13,26.08,0,0.322,1,0
140.16,4,223.4,0,7,77.07,0,0.493,1,0
112.83,2,22.5,1,12,26.93,0,0.492,1,1
42.03,2,383.9,0,3,6.96,0,0.0,1,0
134.75,1,737.6,0,13,36.57,0,0.291,1,0
3.31,1,231.0,0,16,6.25,0,0.098,0,0
127.41,6,2075.6,0,5,18.94,0,0.709,0,0
58.97,3,416.8,0,23,7.04,0,0.577,0,0
83.21,6,470.0,0,11,4.72,0,0.26,1,0
15.49,3,460.5,0,7,52.55,0,0.0,0,0
49.74,4,784.7,0,4,2.65,0,0.0,1,0
34.93,2,142.6,0,6,14.53,0,0.159,1,0
173.49,1,212.2,0,10,96.44,1,0.244,0,0
44.35,3,1689.0,0,15,45.17,0,0.0,0,0
101.69,0,398.5,0,19,69.61,0,0.021,0,0
140.08,3,12.1,1,1,149.79,0,0.591,1,1
23.24,2,1058.2,0,5,14.88,0,0.523,0,0
342.81,2,119.2,0,22,108.45,0,0.442,1,1
1.59,2,661.7,0,4,53.88,0,0.356,0,0
62.64,4,1281.3,0,18,22.81,1,0.178,1,0
91.28,1,1047.5,0,17,55.25,2,0.0,1,0
16.47,6,277.6,0,5,71.01,0,0.199,0,0
122.68,2,8.3,0,14,6.51,0,0.0,0,0
611.33,8,329.7,0,21,254.32,0,0.79,0,1
119.17,3,605.6,0,20,26.45,0,0.0,0,0
100.6,5,976.8,0,22,16.33,0,0.27,0,0
126.06,5,1092.7,0,2,9.25,0,0.278,0,0
19.78,4,356.2,0,9,18.79,0,0.56,0,0
210.79,4,1417.7,0,8,68.68,1,0.334,0,0
43.61,4,608.0,0,18,15.42,1,0.019,0,0
37.99,1,46.6,0,8,14.4,0,0.0,1,0
7.4,4,121.8,1,11,59.07,0,0.139,0,0
43.64,4,1218.3,0,17,65.17,0,0.0,1,0
126.07,2,538.8,0,17,101.59,0,0.413,1,0
28.91,4,744.8,0,6,13.11,0,0.247,0,0
137.69,2,526.1,0,8,25.14,0,0.277,0,0
89.62,5,370.9,1,21,71.84,1,0.38,0,0
148.82,3,982.8,0,0,12.33,1,0.436,0,0
162.23,4,1758.6,0,22,25.01,0,0.048,0,0
217.28,4,364.3,0,22,3.13,0,0.086,0,0
60.67,5,1388.8,0,3,30.07,0,0.063,0,0
163.85,4,388.9,0,16,30.26,1,0.057,1,0
92.84,6,2422.1,0,21,10.71,0,0.336,1,0
76.71,2,0.4,0,20,22.61,0,0.224,0,0
1.45,3,406.3,0,6,76.83,0,0.706,1,0
113.32,3,30.7,0,19,34.44,0,0.42,1,0
195.67,3,816.3,0,14,47.86,0,0.032,0,0
144.59,8,1064.2,0,8,32.84,0,0.237,0,0
45.63,6,188.3,0,8,9.3,0,0.524,0,0
57.95,5,1231.6,0,21,6.81,1,0.504,0,0
131.07,3,295.8,0,1,59.46,2,0.394,1,0
140.86,6,257.2,0,1,18.52,0,0.161,0,0
74.21,2,231.9,0,19,19.98,0,0.328,0,0
248.13,5,230.2,1,10,13.86,3,0.266,1,1
125.26,3,75.2,0,4,33.58,0,0.291,0,0
163.13,3,724.5,0,3,21.06,0,0.357,0,0
107.93,4,1561.5,0,5,25.31,0,0.263,1,0
131.83,4,100.3,0,8,16.43,0,0.0,1,0
96.91,1,1734.7,0,13,24.06,0,0.186,0,0
53.12,4,207.6,0,4,58.81,0,0.255,0,0
0.92,1,25.0,0,18,46.49,0,0.274,0,0
131.78,6,800.7,0,21,3.85,0,0.0,0,0
112.0,2,1834.7,0,17,65.5,0,0.098,0,0
147.53,3,430.0,0,14,32.14,0,0.318,1,0
59.56,4,36.5,0,11,34.01,1,0.291,1,0
65.76,4,431.7,0,6,19.0,1,0.08,0,0
92.79,1,398.7,1,13,57.01,0,0.53,0,0
16.26,1,616.6,0,15,48.43,1,0.0,0,0
80.84,1,1013.0,0,7,34.61,1,0.634,0,0
9.18,3,313.6,0,14,1.93,0,0.221,0,0
265.42,2,2202.5,0,6,91.45,0,0.649,0,0
21.58,4,64.1,0,20,41.19,0,0.235,1,0
82.86,4,683.6,0,23,67.8,1,0.379,0,0
130.55,4,630.2,0,7,1.24,0,0.0,0,0
0.57,8,192.0,0,10,37.29,0,0.449,0,0
70.65,4,877.5,0,6,42.12,0,0.188,1,0
98.35,2,40.8,0,14,51.02,1,0.811,0,0
100.95,3,219.7,1,13,199.05,1,0.774,0,1
141.36,5,2407.6,0,1,13.17,0,0.384,0,0
134.26,1,60.3,0,15,9.21,0,0.485,1,0
100.23,4,1242.6,0,2,1.72,0,0.365,0,0
66.34,7,11.3,0,15,6.68,0,0.556,0,0
143.51,3,39.1,0,16,8.58,0,0.685,0,0
69.83,3,93.5,0,10,28.98,1,0.5,0,0
297.54,0,33.4,0,13,51.93,2,0.738,1,1
97.11,2,30.0,0,18,30.52,0,0.132,0,0
96.91,3,114.2,0,20,37.39,0,0.411,0,0
95.35,1,425.8,1,2,4.12,0,0.0,0,0
122.33,1,363.5,0,0,43.09,0,0.201,1,0
93.17,7,65.9,0,5,,0,0.415,1,0
29.02,4,1177.9,0,2,8.88,0,0.533,0,0
42.48,2,840.4,0,6,13.89,0,0.243,1,0
36.52,7,24.1,0,23,25.5,0,0.229,0,0
116.11,2,170.9,0,17,12.75,0,0.529,1,0
115.68,2,1079.2,0,16,26.11,0,0.126,0,0
84.44,4,86.8,0,9,73.66,1,0.119,1,0
36.3,5,314.1,0,20,2.11,0,0.817,0,0
165.87,4,33.0,0,10,14.89,0,0.108,0,0
312.8,3,155.1,0,9,58.93,0,0.364,1,1
59.06,4,905.3,0,4,49.6,0,0.19,0,0
41.77,2,3075.6,0,17,6.12,1,0.13,0,0
78.41,4,668.7,0,7,16.59,0,0.418,1,0
218.67,4,1522.8,0,18,60.12,0,0.333,0,0
110.38,1,184.7,0,10,48.0,0,0.14,1,0
24.29,2,238.0,0,14,64.23,0,0.395,0,0
178.82,5,385.6,0,1,5.51,0,0.456,1,0
75.43,1,3047.6,1,0,15.85,0,0.316,0,0
87.61,5,3007.6,0,22,,2,0.466,1,0
4.65,3,682.1,0,23,41.75,0,0.42,0,0
128.68,6,308.4,0,20,24.34,0,0.418,0,0
67.19,5,547.9,0,0,21.54,2,0.175,0,0
94.21,1,372.9,0,5,16.7,0,0.919,1,0
1.83,5,40.3,0,6,28.03,0,0.249,0,0
162.36,1,316.0,0,0,53.81,0,0.037,0,0
66.02,1,208.5,0,18,22.71,0,0.295,0,0
56.47,3,940.4,0,14,69.06,0,0.652,1,0
52.31,2,177.8,0,15,73.41,0,0.582,1,1
61.38,5,1334.6,0,0,53.35,0,0.059,0,0
173.75,1,515.6,1,2,73.86,0,0.471,1,1
212.47,1,275.2,0,18,11.73,0,0.393,1,0
79.37,2,598.3,1,22,43.38,1,0.078,1,0
100.64,3,290.1,1,18,51.34,1,0.898,1,1
99.16,3,110.4,0,18,34.4,0,0.394,0,0
195.13,0,972.5,0,3,3.68,0,0.26,0,0
0.29,2,2173.2,1,7,3.51,0,0.467,1,0
177.53,1,442.8,0,6,38.75,0,0.211,0,0
117.43,1,1701.2,0,23,75.54,0,0.261,0,0
14.67,5,1658.6,0,11,34.62,0,0.0,1,0
40.35,3,1402.0,1,19,47.55,0,0.289,0,0
88.92,3,57.6,0,16,38.58,0,0.27,0,0
58.28,2,17.4,0,22,49.97,0,0.655,0,0
78.19,4,848.2,0,1,21.38,0,0.222,1,0
43.76,4,816.3,0,19,3.68,0,0.602,1,0
72.31,4,6.4,0,17,43.64,1,0.299,0,0
117.22,1,1095.1,0,13,34.87,0,0.354,0,0
72.63,6,257.9,0,12,10.03,0,0.431,1,0
55.46,2,206.2,1,5,27.77,1,0.724,1,0
57.19,1,7.4,0,1,42.48,1,0.366,1,0
21.72,2,569.9,0,16,41.05,1,0.435,1,0
76.23,3,195.5,0,11,42.05,0,0.033,0,0
131.56,5,3343.3,0,11,15.12,0,0.067,1,0
93.99,2,1360.8,0,13,21.02,1,0.165,0,0
129.38,11,64.2,0,10,33.89,0,0.0,0,0
95.43,4,714.0,0,4,13.88,0,0.379,0,0
28.52,6,18.2,0,14,22.7,0,0.114,0,0
9.13,0,778.5,0,12,43.37,0,0.384,1,0
2.9,4,137.8,0,16,0.85,0,0.266,1,0
91.77,3,725.7,0,15,,1,0.539,1,0
98.11,2,594.3,0,13,17.7,0,0.313,1,0
94.86,2,3275.7,0,23,12.39,0,0.374,0,0
495.11,0,242.2,0,6,194.37,1,0.464,1,1
5.49,2,124.5,0,10,55.43,0,0.813,0,1
72.79,6,412.5,0,9,19.73,1,0.395,0,0
87.13,3,165.1,0,8,14.05,0,0.24,0,0
127.45,7,228.9,1,13,8.36,1,0.609,1,1
137.28,4,129.1,0,5,107.9,1,0.162,0,0
94.22,7,171.1,0,15,46.46,1,0.436,1,0
28.31,3,1045.6,0,11,21.74,0,0.139,1,0
55.41,2,1184.5,0,17,2.79,0,0.221,1,0
36.63,5,426.7,0,18,23.3,1,0.635,0,0
264.15,5,210.4,1,21,133.93,0,0.1,1,1
168.6,1,1009.9,0,14,16.95,1,0.523,1,0
72.5,2,635.3,0,13,36.52,0,0.164,0,0
72.59,2,88.4,0,15,16.63,1,0.429,1,0
35.99,3,233.3,0,8,10.05,0,0.274,0,0
50.8,3,83.5,0,12,19.48,0,0.211,1,0
118.31,4,450.0,0,20,26.99,0,0.0,0,0
186.47,0,531.6,0,11,49.08,0,0.217,0,0
66.61,1,1311.1,0,7,23.15,0,0.013,1,0
12.68,4,800.0,0,12,13.18,0,0.574,0,0
0.73,5,1343.3,0,6,45.98,0,0.232,0,0
53.14,2,84.9,0,22,21.62,0,0.442,1,0
144.71,0,239.4,0,22,7.25,0,0.103,0,0
77.3,6,255.3,0,5,18.29,0,0.134,0,0
777.73,3,6.2,0,2,86.05,0,0.588,1,1
123.48,2,831.8,0,16,53.34,0,0.13,1,0
4.56,3,277.8,0,13,27.08,0,0.325,0,0
24.23,3,2365.6,0,14,15.0,0,0.012,0,0
69.91,3,246.1,0,6,30.78,0,0.078,0,0
78.21,9,745.9,0,2,30.49,0,0.457,1,0
53.31,2,666.3,0,13,50.02,1,0.283,1,0
116.58,6,544.3,0,1,36.41,0,0.283,0,0
72.5,3,272.4,0,17,13.08,0,0.424,1,0
33.35,2,175.0,0,3,30.05,0,0.43,1,0
48.93,3,833.4,0,7,27.35,0,0.177,1,0
38.51,4,1873.9,0,8,1.9,0,0.0,1,0
85.4,3,3348.6,0,0,44.36,0,0.404,0,0
11.45,3,1187.9,0,8,19.25,0,0.0,1,0
128.94,6,2094.1,0,18,87.41,0,0.314,0,0
149.24,5,193.3,0,13,33.47,0,0.612,0,0
105.0,2,489.8,0,3,95.53,0,0.13,0,0
100.47,6,882.3,0,11,37.2,0,0.451,0,0
2.54,9,405.8,0,21,0.21,0,0.508,0,0
4.75,5,172.0,0,3,5.14,1,0.345,0,0
46.5,3,442.6,0,10,87.82,0,0.064,1,0
44.28,1,156.1,0,6,41.31,0,0.33,0,0
52.62,5,252.5,0,8,23.61,0,0.651,1,0
46.08,5,135.3,1,0,56.17,0,0.187,1,0
18.36,3,254.0,0,7,41.71,0,0.315,1,0
113.32,2,318.1,0,13,26.62,1,0.206,0,0
8.45,5,2185.5,0,4,37.66,0,0.0,0,0
12.21,3,831.7,0,3,6.15,0,0.332,1,0
33.61,2,43.5,0,4,85.18,0,0.161,1,0
178.55,4,368.3,0,3,0.01,0,0.21,1,0
348.43,3,246.3,1,21,93.56,0,0.593,1,1
141.87,3,136.5,0,12,16.06,1,0.617,1,0
72.91,3,54.0,0,18,21.99,0,0.664,1,0
19.51,1,5.4,0,3,16.45,0,0.182,1,0
57.18,5,463.5,0,15,29.03,0,0.089,1,0
18.69,3,2127.2,1,4,3.57,0,0.239,1,0
87.61,1,575.3,0,17,51.55,0,0.215,1,0
39.87,2,401.2,0,0,35.49,0,0.0,0,0
143.3,3,337.4,0,10,0.48,1,0.176,0,0
30.85,3,539.4,0,22,12.9,0,0.072,0,0
63.76,3,108.2,0,11,26.02,0,0.134,1,0
33.09,5,1834.2,1,19,2.59,0,0.175,1,0
115.7,4,187.0,0,12,16.16,0,0.374,0,0
106.5,3,392.6,0,23,44.28,1,0.224,0,0
96.08,3,117.4,0,21,16.39,0,0.504,0,0
13.4,5,60.9,0,21,38.98,0,0.555,0,0
157.12,8,981.3,0,4,19.52,1,0.24,0,0
116.7,6,1049.5,0,22,82.5,1,0.291,0,0
47.49,6,1527.9,1,5,12.21,2,0.267,0,0
61.31,4,1863.9,0,12,3.19,0,0.884,1,0
19.98,1,1052.8,0,16,6.25,0,0.259,0,0
183.04,3,1107.5,0,18,15.83,0,0.451,0,0
17.52,1,1117.2,0,19,19.06,0,0.378,0,0
72.79,7,974.7,0,3,32.88,0,0.172,0,0
211.09,4,214.5,0,8,14.14,0,0.488,0,0
183.05,5,172.6,0,18,0.3,0,0.528,0,0
229.93,3,51.7,0,16,34.33,0,0.0,0,0
21.04,5,134.2,0,22,25.59,0,0.698,0,0
123.05,8,763.5,0,22,20.46,1,0.108,0,0
199.47,2,138.4,1,14,123.55,2,0.61,1,1
129.15,4,246.8,0,12,38.64,0,0.674,0,0
186.47,3,622.6,0,19,55.95,0,0.228,0,0
42.24,4,612.9,0,23,18.18,0,0.252,1,0
70.78,2,138.3,0,16,23.94,0,0.0,0,0
45.53,7,1643.1,0,2,40.47,1,0.118,0,0
411.38,1,56.6,1,0,277.75,1,1.0,1,1
72.54,3,1173.7,0,5,30.87,0,0.561,1,0
51.56,6,26.5,0,4,56.12,0,0.104,1,0
390.57,2,267.1,0,6,213.23,1,0.463,1,1
175.63,3,641.2,0,3,88.29,0,0.903,0,0
157.6,7,1122.0,0,8,4.6,0,0.181,0,0
33.31,4,2011.0,0,6,16.06,0,0.523,0,0
98.63,4,66.9,1,5,11.41,0,0.0,1,0
285.95,2,209.4,1,19,259.77,2,0.393,0,1
75.89,6,59.6,0,7,14.63,0,0.578,0,0
33.12,3,116.0,0,20,39.8,1,0.159,1,0
85.39,3,1356.7,0,19,1.41,0,0.0,0,0
21.31,6,272.9,0,22,57.15,0,0.147,0,0
27.48,4,388.2,0,6,32.05,0,0.322,1,0
161.63,2,406.3,0,16,21.46,0,0.224,1,0
279.17,3,274.0,1,16,179.7,0,0.626,0,1
163.02,2,172.3,0,4,7.39,0,0.0,1,0
82.91,3,157.3,0,13,19.09,0,0.385,1,0
141.0,4,691.9,0,11,49.75,0,0.0,1,0
40.58,2,1547.5,0,3,61.12,2,0.225,1,0
2.93,3,33.1,0,1,21.47,1,0.511,0,0
93.22,5,961.5,1,8,5.16,0,0.278,0,0
420.57,2,109.2,0,12,135.03,2,0.617,1,1
61.88,5,570.9,1,18,48.82,0,0.417,0,0
99.05,3,129.4,0,16,27.05,0,0.103,0,0
140.27,3,199.8,0,21,74.19,0,0.541,1,0
104.44,4,1181.0,1,10,26.2,1,0.166,0,0
75.68,6,1197.2,0,8,4.21,0,0.291,0,0
44.74,1,28.5,0,10,52.63,0,0.305,0,0
118.94,3,154.7,0,5,52.11,0,0.055,0,0
10.68,7,189.0,0,4,16.12,2,0.304,1,0
113.18,3,2003.0,1,0,32.85,1,0.393,0,0
63.55,1,1060.4,0,3,27.6,0,0.295,1,0
50.17,4,473.4,1,13,39.64,1,0.326,1,0
16.19,2,67.4,0,8,3.08,0,0.143,1,0
114.97,4,1271.5,0,9,20.01,0,0.0,0,0
211.71,5,23.9,0,11,22.67,0,0.299,1,0
88.1,3,133.1,0,13,72.48,0,0.073,1,0
43.11,4,912.9,0,11,48.35,0,0.109,0,0
89.36,5,729.2,0,0,30.96,0,0.156,0,0
500.57,5,469.6,0,12,144.64,1,0.531,1,1
62.12,4,1153.1,0,11,11.57,0,0.314,1,0
78.17,5,155.0,0,14,7.37,0,0.374,1,0
84.25,5,68.5,0,12,29.48,1,0.018,1,0
39.03,2,211.8,0,15,51.72,0,0.195,1,0
186.0,3,271.1,0,10,18.08,0,0.286,1,0
191.27,5,194.0,0,14,43.8,1,0.24,0,0
9.34,2,1071.5,0,22,3.95,0,0.272,0,0
112.19,3,1829.9,0,15,1.26,0,0.0,0,0
230.82,3,433.1,0,10,5.57,0,0.109,1,0
48.5,3,296.9,0,17,40.39,0,0.0,1,0
146.74,2,1981.0,0,11,21.02,1,0.288,1,0
38.05,2,95.5,0,1,116.15,0,0.0,0,0
173.37,4,105.0,0,2,3.03,1,0.352,1,0
160.88,6,308.1,0,13,,0,0.445,0,0
30.93,0,1083.8,0,11,6.3,1,0.317,0,0
29.94,5,159.7,0,4,39.77,0,0.202,0,0
139.97,4,2177.8,1,14,0.25,0,0.373,0,0
230.75,2,1154.0,0,7,6.62,0,0.013,0,0
17.35,2,290.8,0,9,7.04,0,0.053,1,0
54.11,1,291.0,1,1,73.6,1,0.223,1,1
58.08,4,1476.7,0,1,8.53,0,0.043,1,0
71.33,5,243.0,0,23,6.29,0,0.243,0,0
89.84,1,4001.1,0,4,5.33,0,0.176,0,0
149.97,1,1729.7,1,18,36.81,1,0.515,1,0
48.21,2,2629.8,0,2,10.77,0,0.265,1,0
63.24,2,984.7,0,19,35.27,0,0.174,1,0
6.46,2,956.9,0,7,9.28,0,0.269,1,0
47.31,3,670.5,0,18,31.7,0,0.118,0,0
104.97,1,76.5,0,3,14.6,0,0.348,1,0
35.49,5,1622.8,0,4,70.23,0,0.507,0,0
103.54,3,545.7,0,17,20.51,0,0.114,0,0
98.67,4,719.2,0,4,44.86,0,0.284,1,0
83.95,4,1572.0,0,2,48.54,0,0.237,1,0
2.0,3,515.3,0,11,15.47,0,0.204,0,0
115.35,2,418.0,0,21,36.12,0,0.318,0,0
67.64,5,224.9,1,6,30.17,0,0.456,0,0
104.53,4,687.3,0,16,47.74,1,0.363,0,0
41.07,1,51.4,0,2,39.88,0,0.253,0,0
31.25,4,733.7,0,1,7.75,1,0.0,0,0
58.47,3,809.5,0,9,9.96,0,0.209,0,0
7.65,0,443.8,1,0,15.71,2,0.484,1,0
25.66,3,293.3,0,3,20.48,0,0.494,0,0
53.81,6,353.4,1,18,46.6,0,0.318,1,0
55.79,0,973.3,0,11,47.68,0,0.77,0,0
33.23,2,802.6,0,4,21.09,1,0.647,1,1
2.61,7,181.7,0,14,83.01,1,0.142,0,0
155.01,4,92.3,0,22,35.0,0,0.0,0,0
17.47,2,78.7,0,21,34.1,0,0.301,0,0
257.63,2,208.5,1,5,117.38,1,0.363,1,1
22.55,2,938.7,0,4,100.95,2,0.247,1,0
1.67,3,550.7,0,22,60.41,0,0.505,1,0
63.5,0,1204.4,0,23,22.08,0,0.09,0,0
226.38,1,176.1,0,6,0.32,0,0.194,0,0
100.22,5,843.1,0,6,29.79,0,0.194,0,0
114.41,3,382.8,1,10,18.72,0,0.424,0,0
21.45,3,334.0,0,5,41.85,0,0.534,0,0
4.48,3,404.2,1,15,57.93,0,0.177,0,0
95.22,5,243.0,1,9,42.41,1,0.465,0,0
161.27,3,714.8,0,23,136.64,0,0.458,1,1
76.06,1,214.2,0,2,33.78,1,0.338,1,0
28.53,1,83.9,0,22,31.21,0,0.0,1,0
172.55,3,169.3,0,3,14.62,0,0.267,0,0
31.42,1,70.9,0,15,27.79,1,0.444,1,0
17.7,4,1204.8,0,7,12.2,0,0.0,1,0
109.14,4,403.3,0,18,14.69,0,0.822,0,0
142.24,2,459.5,0,11,47.48,0,0.241,0,0
19.72,3,446.4,0,4,80.85,1,0.185,1,0
35.66,4,2537.7,1,19,31.84,0,0.231,0,0
57.71,3,459.8,1,10,21.27,0,0.233,0,0
86.16,9,1478.4,0,15,23.48,0,0.402,0,0
12.85,2,187.6,1,22,13.58,0,0.279,1,0
28.64,1,540.8,1,18,25.71,1,0.113,1,0
102.33,3,157.2,0,21,40.69,0,0.534,1,0
61.99,1,340.4,1,22,33.99,0,0.164,0,0
57.13,5,1403.9,0,13,42.2,0,0.0,1,0
195.83,7,281.4,1,7,28.63,0,0.334,1,0
167.1,2,210.7,0,7,39.67,1,0.283,1,0
10.16,3,811.6,1,18,26.38,0,0.09,0,0
85.64,4,2251.2,0,20,80.15,0,0.085,1,0
90.56,6,729.0,0,21,41.83,0,0.326,1,0
47.29,3,363.5,0,11,49.18,1,0.397,0,0
82.44,2,85.7,0,8,1.49,0,0.127,0,0
68.35,1,205.3,0,23,23.95,1,0.149,1,0
83.48,6,4522.1,0,17,34.0,0,0.232,1,0
53.7,1,464.3,0,19,73.21,0,0.31,1,0
37.38,3,281.7,0,17,10.91,0,0.524,1,0
58.56,5,669.9,0,6,73.88,0,0.481,0,0
74.91,3,611.3,0,10,22.19,0,0.225,1,0
81.48,6,1331.9,0,17,6.46,0,0.282,0,0
45.33,5,975.1,0,14,5.29,0,0.475,1,0
168.93,5,1041.4,0,5,19.19,1,0.233,1,0
256.54,4,200.7,0,8,57.46,1,0.737,1,1
190.98,1,157.6,0,3,106.25,0,0.047,0,0
31.19,2,749.5,0,17,61.93,0,0.205,0,0
127.63,3,725.6,0,22,3.32,0,0.546,0,0
203.12,4,1.8,1,21,125.81,0,0.571,0,1
130.28,5,149.7,0,9,39.18,1,0.103,0,0
134.62,3,3708.0,0,15,63.91,0,0.035,0,0
147.12,5,287.2,0,2,35.25,0,0.275,0,0
20.83,4,434.7,0,8,44.43,0,0.211,0,0
109.57,5,396.7,0,22,,0,0.295,1,0
174.55,5,110.2,0,1,30.12,0,0.325,0,0
29.53,2,361.6,0,18,6.55,0,0.468,0,0
157.05,5,208.3,0,12,,1,0.069,1,0
325.86,1,191.6,0,6,70.67,0,0.504,1,1
93.99,1,78.8,0,17,31.92,0,0.498,1,0
81.36,3,160.1,1,22,31.26,0,0.256,0,0
54.46,3,314.9,0,16,91.19,1,0.068,0,0
93.69,1,1085.1,0,2,53.18,0,0.452,1,0
61.35,4,150.8,0,11,3.7,0,0.292,0,0
19.16,7,36.3,0,4,7.52,1,0.548,0,0
136.2,7,830.4,1,11,2.03,0,0.145,1,0
149.0,0,184.9,1,17,11.7,1,0.597,0,0
133.17,5,762.7,0,18,53.53,0,0.383,1,0
157.43,7,740.5,0,14,24.26,0,0.367,1,0
18.82,2,2331.2,0,8,70.7,0,0.565,0,0
6.12,3,675.8,0,18,6.23,0,0.399,0,0
158.91,2,408.4,0,14,25.0,0,0.369,0,0
46.6,1,1019.7,0,7,65.45,1,0.0,1,0
33.21,2,1477.6,1,3,1.8,0,0.191,0,0
209.92,9,376.4,0,21,6.39,0,0.479,1,0
6.65,4,577.3,0,18,9.14,0,0.276,1,0
306.35,3,988.3,0,8,76.35,0,0.418,0,1
62.41,5,1839.4,0,9,22.96,0,0.263,0,0
120.78,2,247.7,0,18,15.27,1,0.443,0,0
37.03,4,637.8,0,3,4.3,0,0.168,0,0
53.47,3,172.4,0,17,79.34,0,0.168,0,0
3.71,2,898.2,0,11,14.2,0,0.58,0,0
97.56,4,1256.9,0,3,61.36,0,0.138,0,0
38.14,4,580.2,0,3,28.19,0,0.196,1,0
42.91,4,2204.0,0,14,36.48,0,0.228,0,0
128.44,4,256.7,0,2,,0,0.501,1,0
74.41,4,728.6,0,22,33.26,0,0.59,1,0
141.25,5,6.3,0,20,34.52,0,0.351,1,0
44.16,0,30.5,1,9,17.84,1,0.0,1,0
53.97,1,309.4,1,18,119.03,0,0.54,1,1
37.57,1,309.5,0,12,1.29,0,0.35,1,0
28.6,3,151.7,0,14,88.55,0,0.0,1,0
121.6,4,189.3,0,11,45.76,1,0.237,1,0
14.76,6,900.3,0,16,23.23,0,0.442,0,0
103.65,4,367.1,0,17,48.31,1,0.268,1,0
160.32,1,163.1,0,14,60.45,1,0.444,1,1
9.13,5,71.0,0,8,10.17,1,0.321,0,0
113.37,2,558.5,1,9,24.82,1,0.198,1,0
89.59,3,90.2,0,8,66.38,0,0.263,0,0
142.96,1,912.3,0,4,19.71,2,0.252,1,0
95.19,9,869.2,1,7,2.41,1,0.169,0,0
123.64,3,851.1,0,22,6.02,0,0.484,0,0
131.8,5,382.8,0,17,56.87,0,0.236,1,0
112.75,6,624.7,0,5,33.6,0,0.607,1,0
208.11,4,589.6,0,4,70.98,0,0.394,0,0
255.51,3,66.3,0,3,327.28,2,0.761,0,1
8.01,3,1552.4,0,2,8.83,0,0.041,0,0
182.28,3,55.7,1,8,31.84,0,0.31,0,0
182.18,1,286.7,0,15,53.56,0,0.87,1,1
62.78,6,1612.9,1,23,14.95,0,0.554,0,0
13.23,6,1850.6,0,17,6.16,0,0.486,1,0
162.72,6,21.8,1,13,4.39,0,0.0,0,0
37.09,6,1014.7,0,6,8.09,0,0.203,0,0
82.52,3,2002.3,0,19,85.45,0,0.172,0,0
69.9,1,143.8,0,7,2.11,0,0.0,0,0
8.94,9,125.0,0,12,67.18,0,0.195,1,0
64.29,3,280.1,0,16,18.43,0,0.319,0,0
77.44,6,529.5,0,20,72.36,0,0.332,0,0
130.15,4,1591.5,0,5,80.79,1,0.204,0,0
116.97,3,661.2,1,6,35.03,0,0.495,0,0
45.66,3,1324.4,0,14,,0,0.255,0,0
18.16,4,326.3,0,21,24.8,1,0.304,0,0
83.55,4,157.5,1,15,48.45,0,0.67,0,0
63.55,4,110.4,0,17,13.21,0,0.303,0,0
48.8,5,103.1,0,13,50.92,0,0.219,0,0
370.86,2,352.9,1,15,198.43,0,0.707,0,1
109.47,7,922.3,0,6,0.82,0,0.063,0,0
16.69,5,329.3,0,23,64.02,0,0.705,0,0
55.42,4,1043.5,0,2,48.79,0,0.568,1,0
125.6,5,230.4,0,16,18.12,1,0.293,0,0
155.9,2,749.9,0,20,36.66,0,0.052,0,0
315.76,2,54.3,0,10,26.9,2,0.498,1,1
60.42,5,152.9,1,13,3.04,0,0.423,1,0
49.73,5,986.7,0,12,9.36,1,0.387,1,0
152.34,3,64.3,0,4,3.51,0,0.308,0,0
44.15,3,1929.3,0,4,7.01,0,0.247,0,0
83.04,2,315.6,0,12,138.48,0,0.425,0,1
85.42,5,34.8,0,23,46.72,1,0.456,0,0
16.25,6,900.0,0,3,1.75,0,0.23,0,0
95.84,1,160.9,0,17,2.77,0,0.222,0,0
197.31,3,344.5,1,2,21.81,0,0.2,1,0
110.8,5,202.9,0,9,21.42,0,0.55,0,0
3.66,4,743.6,0,19,37.47,0,0.207,0,0
113.24,5,160.6,0,1,22.25,0,0.0,0,0
57.67,6,14.8,0,15,5.09,0,0.67,1,0
11.49,6,92.9,0,8,4.41,1,0.067,0,0
15.97,3,480.5,0,17,58.72,0,0.0,0,0
66.64,5,75.4,0,6,46.32,0,0.174,1,0
135.29,3,116.3,0,13,16.1,0,0.131,0,0
149.07,1,56.3,0,19,20.59,1,0.0,0,0
3.54,4,1277.4,0,20,69.71,0,0.29,1,0
159.99,2,58.1,1,19,61.91,1,0.923,0,1
42.95,5,624.4,1,20,43.72,0,0.149,0,0
20.45,2,841.3,0,22,53.83,0,0.0,1,0
16.29,0,426.1,0,9,31.34,0,0.339,1,0
172.17,2,325.3,0,5,59.03,0,0.532,1,0
54.63,3,263.7,0,12,8.06,0,0.102,0,0
134.37,4,579.6,1,10,,0,0.205,0,0
2.82,3,359.3,0,7,1.21,0,0.396,0,0
28.94,2,1708.2,0,14,28.24,0,0.217,1,0
80.21,4,352.8,0,11,22.78,0,0.296,1,0
19.2,0,0.7,0,18,44.38,1,0.395,1,0
41.43,7,312.5,0,13,16.43,0,0.251,1,0
77.21,3,111.6,0,7,50.34,1,0.423,1,0
61.56,6,540.1,0,4,45.16,2,0.135,0,0
6.85,6,2220.9,1,5,11.41,0,0.0,0,0
19.97,4,533.9,0,5,33.98,0,0.218,1,0
49.1,3,698.7,0,0,86.6,0,0.335,0,0
95.33,0,957.0,1,17,24.6,0,0.475,0,0
76.27,4,875.8,0,11,8.11,0,0.268,1,0
141.56,5,92.3,0,1,18.49,0,0.11,1,0
25.3,4,2256.2,1,0,76.37,0,0.0,0,0
58.26,9,409.6,1,0,55.62,0,0.421,0,0
59.2,7,233.9,0,2,70.23,0,0.0,1,0
62.58,4,96.7,0,16,28.86,0,0.13,0,0
193.33,4,577.0,0,18,14.43,0,0.115,1,0
96.68,4,392.0,1,3,18.38,0,0.605,0,0
366.1,2,74.6,1,0,237.21,3,0.603,0,1
13.86,4,105.5,0,5,1.46,0,0.647,0,0
27.3,3,528.5,0,11,25.14,0,0.319,1,0
151.27,4,609.2,0,4,10.55,0,0.159,1,0
138.62,5,1219.1,0,16,38.04,0,0.5,0,0
32.37,2,1987.1,1,7,44.14,0,0.32,1,0
21.3,3,730.8,0,23,9.53,0,0.617,0,0
101.97,5,170.8,0,20,57.22,1,0.769,1,0
117.66,3,817.6,0,13,5.92,0,0.0,0,0
11.58,1,436.8,0,13,48.46,0,0.015,0,0
136.19,2,26.9,0,9,67.48,0,0.909,0,0
66.43,1,51.4,0,19,79.11,0,0.066,0,0
149.81,0,177.0,0,7,84.49,0,0.206,0,0
70.03,5,281.7,0,0,35.77,1,0.391,0,0
37.62,7,1662.9,0,14,45.39,0,0.0,0,0
116.21,1,341.3,0,2,55.23,0,0.23,1,0
108.35,5,2239.3,0,2,46.5,0,0.57,0,0
175.0,3,19.5,0,8,11.37,0,0.693,1,0
233.39,6,59.8,0,15,45.09,0,0.26,0,0
75.45,3,1450.8,0,21,33.27,1,0.218,0,0
33.45,4,387.6,0,2,33.14,0,0.175,0,0
99.46,3,488.3,0,5,68.75,0,0.176,1,0
52.95,2,459.7,1,4,43.39,0,0.0,1,0
63.93,3,507.6,0,3,27.67,0,0.0,0,0
37.2,4,162.3,0,8,49.24,0,0.307,0,0
96.38,3,3093.5,0,12,52.03,0,0.763,0,0
35.78,1,94.1,0,10,48.51,0,0.304,0,0
41.68,2,143.6,0,11,282.93,0,0.865,1,1
46.38,7,1588.4,0,6,1.42,1,0.115,0,0
15.72,2,95.5,0,12,20.76,0,0.323,0,0
275.9,2,179.7,0,6,149.58,0,0.438,1,1
181.41,3,176.1,0,18,9.21,0,0.156,0,0
97.79,7,964.1,0,7,44.47,0,0.546,0,0
56.04,4,71.3,0,23,15.2,1,0.034,1,0
162.18,2,2303.3,0,1,7.14,0,0.32,0,0
173.57,6,152.7,0,17,8.47,0,0.098,0,0
4.12,1,1094.8,0,5,0.15,0,0.461,0,0
15.87,6,226.6,0,13,23.85,0,0.539,0,0
17.8,4,1859.6,0,0,18.77,0,0.029,0,0
161.16,6,502.5,1,13,31.1,0,0.197,0,0
123.42,4,93.1,1,15,0.72,0,0.684,0,0
37.85,0,324.1,0,3,26.98,0,0.737,1,0
68.39,4,71.2,0,10,41.28,0,0.375,0,0
201.41,2,52.4,0,11,25.22,0,0.609,0,0
172.47,4,343.4,0,7,19.42,0,0.373,1,0
3.82,2,2236.7,0,4,67.72,0,0.293,0,0
178.51,5,113.8,0,23,21.6,0,0.447,0,0
17.37,1,544.9,1,13,29.4,0,0.0,0,0
100.08,2,391.7,0,23,9.05,0,0.0,0,0
83.67,7,131.0,1,15,9.8,0,0.683,1,0
11.01,4,3998.3,1,6,14.3,0,0.372,0,0
662.09,4,474.5,1,8,26.47,1,0.437,0,1
58.14,4,90.1,0,19,4.72,0,0.423,0,0
421.66,1,185.1,0,23,145.82,1,0.331,0,1
58.51,6,337.1,0,5,31.35,0,0.346,0,0
136.09,1,849.3,0,11,2.45,0,0.224,1,0
96.53,4,109.1,0,8,8.62,1,0.0,0,0
7.38,8,12.4,0,19,4.49,0,0.014,1,0
78.92,4,255.6,1,1,44.62,0,0.457,0,0
132.17,2,257.2,1,10,48.01,0,1.0,1,1
2.53,1,1499.6,0,18,63.99,0,0.053,0,0
86.89,1,134.0,1,9,182.28,1,0.266,0,1
163.85,2,1584.5,0,20,45.45,0,0.306,0,0
19.67,6,373.8,0,14,61.14,0,0.126,0,0
216.86,2,0.4,1,6,294.74,0,0.686,1,1
183.27,3,648.8,0,2,49.71,0,0.394,1,0
121.55,4,261.4,0,6,4.75,1,0.258,0,0
91.3,4,1375.5,0,7,31.85,0,0.128,0,0
42.15,2,637.4,0,18,,0,0.0,0,0
479.63,1,3.6,0,19,94.4,2,0.638,0,1
129.71,4,2772.9,0,20,46.55,0,0.842,1,0
76.39,6,136.5,0,2,84.33,0,0.0,0,0
116.34,1,1371.4,0,1,32.33,0,0.586,0,0
82.85,1,342.4,0,3,15.95,0,0.15,0,0
112.25,7,655.2,0,14,4.81,0,0.0,0,0
27.35,4,2033.7,0,18,10.55,0,0.565,1,0
123.31,3,1926.1,0,22,30.55,1,0.144,1,0
89.1,4,319.1,0,14,15.77,0,0.19,0,0
42.94,1,256.7,0,8,47.65,1,0.204,0,0
378.85,5,248.3,0,20,65.84,0,0.889,1,1
77.18,3,2177.4,0,10,2.51,0,0.498,0,0
117.84,4,137.8,0,6,28.4,0,0.338,1,0
74.44,3,43.3,0,6,11.99,0,0.213,1,0
30.64,4,429.8,0,7,37.93,0,0.08,0,0
119.08,4,425.1,0,2,30.12,0,0.359,0,0
87.04,2,1264.0,0,7,13.63,1,0.0,1,0
77.24,0,984.4,0,13,2.43,0,0.584,0,0
36.18,4,607.2,0,2,24.75,0,0.089,1,0
67.49,0,1125.4,0,3,27.0,1,0.319,1,0
26.89,0,392.7,0,22,19.41,0,0.539,1,0
166.16,3,531.3,1,4,1.23,0,0.366,0,0
41.34,5,845.0,0,18,38.3,0,0.487,1,0
58.89,1,197.9,0,21,22.43,0,0.165,1,0
22.7,3,911.6,0,22,18.7,1,0.514,0,0
64.52,2,2128.7,0,15,35.65,1,0.181,0,0
19.73,4,461.3,1,17,8.88,0,0.228,1,0
157.51,0,261.2,0,5,25.49,0,0.513,1,1
163.08,2,160.0,0,10,70.25,1,0.279,1,0
6.84,5,138.0,0,13,31.47,0,0.203,0,0
77.02,1,52.4,0,1,21.52,0,0.0,0,0
0.45,5,197.2,0,21,0.56,0,0.806,0,0
57.99,2,14.6,0,2,38.11,0,0.18,1,0
69.43,4,312.9,1,7,51.75,0,0.493,0,0
9.42,2,1726.4,0,2,38.57,0,0.196,0,0
37.06,4,166.7,0,12,17.9,0,0.205,1,0
37.58,0,1255.6,0,0,29.71,0,0.309,0,0
85.24,4,1215.6,1,17,65.2,0,0.466,1,0
28.78,3,73.8,0,2,49.71,0,0.114,0,0
179.83,7,340.1,0,13,19.13,0,0.343,1,0
8.17,4,154.1,1,23,21.66,0,0.31,0,0
90.92,4,539.4,0,9,13.41,1,0.282,0,0
30.94,2,703.3,0,17,57.81,0,0.621,0,0
197.32,2,2457.5,0,0,24.62,0,0.452,0,0
195.9,1,200.4,0,16,,0,0.244,0,0
151.38,1,572.0,0,13,4.17,0,0.434,0,0
93.84,4,1198.2,1,14,57.98,0,0.364,0,0
203.59,6,261.3,0,23,24.11,0,0.494,0,0
65.5,1,189.8,0,1,99.84,0,0.056,0,0
118.11,3,38.7,0,20,28.8,0,0.0,0,0
130.39,2,296.0,0,18,3.21,1,0.449,1,0
114.08,2,690.6,1,11,4.74,0,0.143,1,0
95.72,5,253.1,0,1,20.04,0,0.366,0,0
65.98,5,302.6,0,12,5.0,0,0.583,0,0
21.79,4,1273.0,0,1,10.69,1,0.611,0,0
91.59,4,320.2,0,5,38.8,2,0.289,1,0
30.66,4,2021.2,0,8,12.49,0,0.392,0,0
60.6,5,615.7,0,12,5.91,0,0.183,0,0
139.25,2,147.9,0,11,75.66,0,0.384,0,0
94.51,4,2021.9,0,5,0.08,0,0.596,1,0
18.96,3,486.7,0,12,3.73,0,0.362,1,0
100.68,3,579.7,0,3,69.29,0,0.498,0,0
45.41,5,235.8,0,11,49.45,1,0.297,1,0
0.89,5,2701.9,0,11,39.33,1,0.285,1,0
40.9,6,353.7,0,2,40.27,0,0.333,0,0
171.07,3,8.5,0,19,59.46,1,0.308,0,0
16.68,2,280.1,0,6,78.53,0,0.0,0,0
138.31,0,4069.0,0,10,0.81,1,0.283,1,0
31.66,3,231.7,0,7,20.52,0,0.0,0,0
187.15,3,299.1,0,15,19.9,2,0.199,0,0
40.39,2,304.9,0,21,14.11,0,0.385,1,0
140.82,2,323.8,0,6,114.5,0,0.648,1,1
77.24,4,865.9,0,20,24.74,0,0.154,0,0
42.67,5,745.5,0,12,25.32,0,0.0,1,0
107.2,4,340.1,0,3,30.37,0,0.407,1,0
114.58,6,305.6,0,20,54.75,1,0.0,0,0
605.32,0,168.0,1,22,184.66,2,0.842,1,1
144.59,4,385.8,1,22,169.53,1,0.02,0,1
82.13,6,1957.1,0,7,,1,0.125,0,0
52.03,3,50.1,0,12,10.6,0,0.359,0,0
76.47,4,3336.8,0,21,15.54,0,0.381,0,0
26.6,5,293.4,0,17,53.76,0,0.319,0,0
13.64,3,478.6,0,11,68.11,1,0.399,0,1
104.56,3,50.8,0,5,4.65,0,0.115,1,0
53.22,2,353.7,0,15,32.04,0,0.464,1,0
68.9,4,440.5,0,10,110.87,0,0.671,0,0
47.41,2,124.6,0,2,36.93,0,0.114,1,0
32.9,5,197.5,0,15,8.12,0,0.023,0,0
66.23,2,172.1,0,10,21.49,1,0.0,0,0
4.09,2,88.2,0,0,75.64,0,0.0,0,0
50.1,5,1343.1,0,14,16.3,0,0.3,0,0
179.17,2,86.3,0,15,53.01,0,0.0,0,0
104.01,7,124.9,0,17,15.15,0,0.382,0,0
134.28,4,1048.7,0,6,42.69,0,0.0,0,0
15.46,2,3031.5,0,8,66.29,0,0.076,0,0
17.6,4,4095.8,0,1,40.83,0,0.197,0,0
125.21,2,844.3,1,2,98.47,3,0.34,1,1
18.34,4,251.1,0,20,46.67,0,0.25,0,0
71.7,10,1142.7,0,6,6.89,1,0.378,1,0
136.59,5,1528.3,0,21,19.79,0,0.449,1,0
71.04,3,67.2,0,4,32.15,0,0.091,1,0
112.71,2,883.1,0,9,40.76,0,0.319,0,0
115.28,3,758.5,0,20,,0,0.298,1,0
11.24,5,383.9,0,14,28.55,1,0.0,1,0
142.25,5,535.9,0,1,113.37,0,0.158,0,0
30.8,0,1097.7,0,17,31.51,1,0.311,0,0
12.66,6,1101.2,0,15,49.5,1,0.485,0,0
50.79,1,278.1,0,19,88.66,0,0.286,0,0
97.66,3,929.1,0,8,32.57,0,0.058,1,0
20.04,6,327.4,1,21,68.5,0,0.604,0,0
144.82,6,6.5,0,23,20.14,0,0.021,1,0
174.64,5,539.5,0,14,44.74,0,0.34,0,0
75.84,1,199.6,0,21,25.81,2,0.0,0,0
110.93,3,21.8,0,7,17.35,2,0.084,1,0
93.32,4,1106.5,0,2,46.64,0,0.101,1,0
134.81,2,658.3,0,9,114.33,0,0.0,0,0
278.24,2,143.8,0,7,18.58,0,0.182,1,1
45.83,3,1000.1,0,5,60.39,0,0.123,0,0
115.5,4,19.6,0,12,20.45,0,0.723,0,0
91.92,3,166.2,0,23,52.36,0,0.467,0,0
86.57,12,219.0,0,23,2.21,0,0.335,1,0
99.74,2,766.3,0,5,96.08,1,0.297,0,0
208.85,2,166.0,0,11,35.71,2,0.101,1,1
105.68,4,783.1,0,17,23.74,0,0.197,0,0
338.07,3,388.9,1,19,153.33,2,0.288,1,1
56.45,3,864.0,0,12,25.3,0,0.426,0,0
85.38,5,401.0,0,16,75.75,0,0.413,0,0
72.04,0,616.8,0,0,20.13,0,0.368,0,0
185.35,3,934.1,0,20,47.1,0,0.238,1,0
34.45,1,24.2,0,23,71.91,0,0.216,0,0
122.78,0,736.4,0,0,24.01,0,0.339,1,0
62.34,2,54.2,1,15,14.11,0,0.238,0,0
83.25,4,3147.5,0,11,76.13,0,0.457,1,0
120.64,2,389.2,1,0,203.4,1,0.0,1,1
90.85,3,727.5,0,18,22.44,0,0.525,0,0
54.98,2,935.0,1,12,11.05,1,0.139,0,0
48.52,3,457.5,0,22,9.81,0,0.571,1,0
57.72,6,644.0,0,15,36.77,0,0.102,1,0
94.53,0,192.1,0,6,49.21,0,0.223,0,0
110.37,4,258.8,0,13,25.16,0,0.245,0,0
348.62,3,90.4,1,2,509.62,0,0.541,1,1
27.67,3,87.3,1,12,4.91,0,0.197,0,0
72.43,3,940.1,0,10,6.5,1,0.229,1,0
31.17,2,909.4,1,5,47.57,1,0.276,0,0
117.39,3,170.5,0,0,13.88,0,0.275,0,0
101.77,4,33.4,0,16,99.0,1,0.651,0,0
39.46,3,206.8,0,17,34.42,0,0.0,0,0
55.11,3,1102.0,0,12,76.12,0,0.065,0,0
28.82,5,1343.4,0,11,7.23,1,0.094,0,0
136.55,1,1519.9,0,1,64.12,0,0.025,0,0
167.57,1,710.7,0,6,45.16,0,0.36,1,0
178.52,1,492.5,0,22,145.77,1,0.985,1,1
37.92,6,667.7,0,11,18.99,0,0.0,0,0
345.51,4,74.4,0,5,253.18,1,0.17,1,1
377.8,1,35.7,1,15,155.07,2,0.6,1,1
115.09,5,272.6,0,5,55.65,0,0.0,0,0
62.14,3,798.8,0,1,5.96,0,0.319,1,0
73.67,4,96.8,0,4,39.85,0,0.175,1,0
125.45,5,1637.3,0,22,36.02,0,0.271,1,0
22.69,4,587.7,1,16,276.11,1,0.388,1,1
40.34,6,143.2,0,0,14.69,0,0.0,0,0
54.56,3,2761.6,0,22,22.82,0,0.273,0,0
37.52,2,288.2,0,17,40.2,0,0.159,0,0
41.79,4,88.5,0,2,17.82,0,0.064,0,0
112.56,2,627.4,0,4,50.84,2,0.547,0,0
32.39,6,651.5,1,23,48.88,1,0.349,1,0
23.38,4,1801.2,1,19,37.38,2,0.504,1,0
134.63,4,290.8,0,9,9.42,1,0.445,0,0
63.71,2,170.2,0,15,16.16,0,0.281,0,0
87.52,3,496.6,0,18,26.12,0,0.268,0,0
20.94,4,439.3,0,3,22.69,0,0.142,1,0
101.01,5,381.8,1,0,59.24,1,0.0,0,0
62.53,6,489.3,0,18,42.39,0,0.513,0,0
12.1,3,888.3,0,11,7.08,0,0.031,0,0
34.22,4,2914.2,0,14,3.39,0,0.394,1,0
64.65,7,1491.8,0,23,13.84,1,0.124,1,0
265.34,4,760.9,0,7,68.5,0,0.405,0,0
187.17,4,358.9,0,22,6.51,0,0.442,0,0
35.61,6,353.5,0,7,2.6,0,0.397,0,0
48.13,2,262.4,0,8,9.24,0,0.336,1,0
23.0,3,196.6,0,7,10.76,1,0.305,0,0
163.13,3,273.0,0,7,163.07,0,0.62,1,1
64.81,2,41.6,1,2,32.21,0,0.396,0,0
14.86,5,68.4,0,23,21.6,0,0.219,0,0
69.68,8,55.3,0,14,17.46,0,0.377,1,0
107.3,2,559.8,0,7,17.01,0,0.166,1,0
186.94,4,35.3,0,7,13.06,0,0.121,0,0
10.8,4,18.8,0,21,9.34,0,0.0,0,0
104.52,3,547.9,0,3,38.71,1,0.341,0,0
114.53,4,330.5,0,7,114.57,0,0.741,0,0
32.57,3,164.5,0,19,38.77,1,0.15,0,0
73.65,3,808.5,0,21,13.0,0,0.072,1,0
52.95,4,1238.0,0,12,43.71,0,0.208,1,0
65.86,4,1187.5,0,22,38.6,0,0.469,0,0
98.05,5,7.1,0,8,39.29,0,0.34,1,0
31.47,3,32.0,0,9,47.01,1,0.0,0,0
310.74,0,86.4,0,9,52.39,2,0.698,0,1
85.59,4,0.6,0,7,23.8,0,0.737,0,0
81.72,2,734.1,0,1,0.12,0,0.452,1,0
50.27,1,456.6,0,20,22.8,0,0.627,0,0
110.21,1,804.7,0,11,67.88,0,0.446,0,0
67.73,4,335.6,1,21,71.96,0,0.453,0,0
167.8,2,57.5,0,11,13.5,0,0.5,1,0
142.25,4,270.8,1,2,6.98,1,0.228,0,0
48.03,3,450.4,0,3,55.64,1,0.0,0,0
148.42,2,289.1,1,13,7.17,1,0.291,0,0
139.89,4,444.0,0,7,29.95,2,0.52,1,0
103.86,4,165.1,1,13,43.89,0,0.0,1,0
19.96,9,560.6,0,23,68.15,1,0.239,0,0
218.56,2,142.4,0,23,22.5,2,0.288,0,0
66.68,6,136.5,0,8,16.32,1,0.27,1,0
16.92,3,95.9,0,14,22.37,0,0.292,0,0
162.83,4,274.5,1,21,8.72,0,0.573,0,0
68.49,0,93.0,0,1,56.23,1,0.231,0,0
76.96,6,982.6,0,13,6.01,0,0.267,0,0
86.94,4,243.5,0,16,3.01,0,0.74,0,0
103.07,2,121.6,0,3,169.4,1,0.668,1,1
71.29,6,121.4,0,3,21.18,0,0.272,1,0
57.22,5,2004.1,0,17,49.48,0,0.159,0,0
48.79,1,150.1,0,10,,0,0.126,1,0
5.0,3,132.7,0,6,173.11,3,0.616,1,1
77.19,1,126.8,0,0,103.82,0,0.386,1,1
58.13,5,1411.0,0,0,8.5,0,0.208,0,0
164.2,4,517.4,1,11,4.65,0,0.306,0,0
150.36,3,419.7,0,21,70.05,0,0.528,0,0
257.04,6,366.9,1,17,113.52,2,0.621,1,1
53.19,2,2257.7,0,0,22.51,0,0.585,0,0
209.78,5,18.5,0,11,16.35,1,0.56,1,0
102.11,4,307.7,0,4,43.01,0,0.371,0,0
86.13,3,448.9,0,16,51.08,0,0.624,1,0
261.13,3,666.6,0,2,238.8,1,0.836,0,1
49.46,4,2842.8,0,13,74.12,1,0.168,0,0
123.05,0,114.0,0,18,41.78,1,0.123,0,0
91.71,2,202.0,0,23,50.17,0,0.331,0,0
70.4,2,558.5,0,5,68.71,0,0.6,0,0
27.07,3,350.7,0,8,22.39,0,0.368,0,0
86.23,3,793.7,0,6,13.04,0,0.49,0,0
138.29,3,1437.1,0,11,17.46,0,0.426,0,0
25.42,5,1388.5,0,23,64.34,0,0.214,0,0
2.33,1,460.4,0,6,37.44,0,0.247,1,0
187.12,1,60.6,0,20,5.15,1,0.462,1,1
21.99,7,356.6,0,21,33.87,0,0.201,1,0
46.0,2,657.5,1,14,16.69,0,0.33,1,0
100.57,2,239.8,0,20,73.8,0,0.544,0,0
59.51,3,1.4,0,9,73.73,0,0.434,0,0
50.57,3,313.8,0,19,22.87,1,0.0,0,0
35.99,1,386.1,0,22,9.75,0,0.191,1,0
123.86,4,225.3,0,0,37.18,0,0.177,1,0
140.08,6,720.6,0,1,42.35,1,0.062,0,0
72.61,7,13.7,0,0,29.19,0,0.0,1,0
142.36,4,1569.3,0,8,20.95,0,0.441,0,0
103.43,5,738.7,0,16,35.88,1,0.01,1,0
12.35,3,46.4,0,7,55.04,2,0.681,0,1
43.15,3,2940.7,0,16,29.08,1,0.532,0,0
90.51,3,1859.2,0,21,32.55,0,0.27,0,0
110.34,5,18.5,0,19,59.74,0,0.0,1,0
16.21,5,245.9,0,4,112.08,0,0.611,1,0
39.89,1,1362.8,0,14,29.15,0,0.264,1,0
34.61,3,2205.0,0,11,16.14,1,0.298,1,0
71.98,3,1153.2,0,15,47.37,1,0.28,0,0
13.42,4,905.7,0,10,34.89,1,0.431,1,0
5.82,2,347.2,1,4,70.54,0,0.801,0,1
72.51,2,304.0,0,21,7.89,0,0.592,0,0
34.21,3,1313.8,0,10,1.84,0,0.554,0,0
99.32,6,64.3,0,12,77.85,0,0.413,0,0
69.91,3,1081.3,0,22,59.39,0,0.063,1,0
109.1,3,324.0,0,22,50.38,0,0.544,1,0
123.31,4,123.2,0,1,60.88,0,0.094,1,0
94.18,3,428.5,0,22,3.02,0,0.236,0,0
106.58,3,291.3,0,9,14.39,1,0.091,1,0
55.9,4,2328.7,1,15,35.87,0,0.075,0,0
134.37,1,26.0,0,7,68.17,1,0.245,1,0
14.1,3,320.9,0,11,6.21,0,0.118,0,0
18.74,6,627.9,0,8,90.03,0,0.396,0,1
112.59,0,652.1,0,14,76.41,0,0.528,1,0
42.89,5,296.5,0,9,50.76,2,0.391,0,0
55.67,4,570.3,1,22,57.28,0,0.224,1,0
338.66,2,241.8,0,15,22.41,0,0.239,0,1
57.99,4,507.7,0,6,28.57,0,0.522,0,0
30.48,6,821.1,0,19,22.61,1,0.275,0,0
161.48,6,84.2,0,1,27.91,0,0.578,0,0
221.11,3,89.6,0,16,0.89,1,0.993,1,1
213.27,5,311.2,0,14,15.93,0,0.508,0,0
439.51,1,257.2,0,6,202.13,0,0.661,0,1
273.53,2,80.1,0,0,308.09,2,0.282,1,1
68.22,6,336.8,0,11,6.53,0,0.158,0,0
120.4,5,245.3,0,7,17.88,0,0.262,0,0
34.44,1,688.3,0,22,88.46,0,0.758,1,0
43.37,3,1110.3,0,8,21.07,0,0.189,0,0
113.54,6,439.8,0,6,5.92,1,0.24,0,0
7.26,3,1621.3,1,5,41.19,0,0.399,1,0
94.79,3,2354.6,0,5,49.48,0,0.561,0,0
80.8,4,187.8,0,10,47.34,0,0.594,0,0
248.59,3,593.3,1,7,112.05,0,0.762,1,1
34.45,4,1587.4,0,0,8.77,0,0.041,0,0
83.55,2,50.3,0,6,45.89,0,0.428,0,0
427.01,3,28.4,0,20,175.95,0,0.685,0,1
31.81,4,599.9,0,21,45.33,0,0.001,1,0
145.9,0,438.5,0,15,237.02,2,0.764,0,1
126.31,5,676.8,0,16,2.06,0,0.32,0,0
92.97,8,652.8,0,12,49.93,1,0.048,1,0
228.67,2,310.2,0,5,25.16,0,0.469,0,1
37.19,2,931.7,0,12,24.78,1,0.45,0,0
76.46,4,828.7,1,16,88.8,0,0.313,0,0
105.14,3,550.3,0,13,52.04,0,0.434,1,0
71.34,1,173.0,0,13,35.42,0,0.358,0,0
232.07,3,824.9,0,14,17.79,1,0.284,0,0
132.7,1,1272.4,0,5,18.31,0,0.106,0,0
83.58,3,98.2,1,21,86.0,0,0.157,0,1
27.84,6,120.6,0,18,6.61,0,0.583,0,0
56.29,4,1384.2,0,2,15.84,0,0.557,0,0
94.48,1,258.8,1,23,42.38,0,0.26,0,0
35.44,4,380.0,0,19,36.68,0,0.433,0,0
1.75,2,638.3,0,7,86.95,1,0.191,1,0
171.94,8,240.2,0,12,72.67,0,0.104,0,0
103.08,3,766.4,0,15,13.95,0,0.065,0,0
33.9,2,1305.1,0,2,38.19,0,0.437,0,0
34.89,1,618.4,0,2,10.73,1,0.255,0,0
71.87,1,1090.3,0,20,18.43,0,0.191,0,0
24.11,0,331.8,0,10,36.63,0,0.191,1,0
86.47,4,266.2,0,9,44.43,0,0.0,1,0
99.73,7,1143.4,0,8,24.46,0,0.208,1,0
20.16,3,1306.2,0,20,27.79,0,0.491,0,0
17.17,2,792.8,0,20,31.25,0,0.395,1,0
126.58,3,290.1,0,18,9.57,0,0.757,1,0
24.68,4,239.5,0,10,18.22,0,0.322,0,0
7.56,4,503.7,0,13,9.56,0,0.617,0,0
58.51,5,767.1,0,6,42.77,1,0.056,0,0
90.95,2,353.4,0,7,48.97,0,0.0,1,0
58.43,3,839.0,0,2,41.39,0,0.087,0,0
106.07,2,29.4,0,16,11.82,1,0.759,0,0
150.09,4,1138.8,0,6,11.77,0,0.138,1,0
587.47,2,336.4,0,18,28.0,2,0.624,1,1
16.89,2,90.5,1,9,0.38,0,0.0,0,0
43.08,3,74.5,1,9,36.19,0,0.825,0,0
62.41,3,961.0,0,7,45.02,0,0.478,0,0
45.54,7,54.2,0,10,9.46,0,0.277,0,0
119.47,1,3073.4,1,9,12.63,0,0.051,0,0
109.38,6,477.3,0,5,18.17,0,0.616,1,0
127.24,2,505.0,0,5,11.92,1,0.261,0,0
104.44,9,110.0,1,13,4.71,0,0.54,1,0
0.63,2,90.1,0,9,9.56,1,0.175,1,0
26.01,3,278.7,0,1,1.65,0,0.037,0,0
326.75,0,52.4,0,7,29.79,1,0.311,1,1
169.92,7,118.3,0,7,2.3,0,0.331,1,0
37.68,7,881.9,0,4,41.13,0,0.252,1,0
41.22,3,104.1,0,11,57.33,0,0.642,0,0
121.25,4,216.7,0,6,10.27,1,0.0,0,0
436.23,1,194.8,0,23,56.86,1,0.227,1,1
10.3,3,150.0,0,16,35.15,1,0.233,0,0
97.86,3,104.1,1,8,5.62,1,0.0,1,0
99.69,4,704.0,0,20,4.65,1,0.58,1,0
152.19,1,281.2,0,8,81.79,0,0.0,0,0
85.56,6,147.9,0,3,106.39,0,0.022,1,0
138.37,3,1874.2,0,20,28.75,1,0.243,0,0
80.5,4,37.0,0,10,11.59,0,0.0,1,0
123.85,4,850.2,1,0,3.89,1,0.825,0,0
92.97,6,50.3,0,22,59.7,1,0.485,1,0
92.15,4,68.4,0,3,82.41,0,0.663,1,0
38.23,4,592.2,0,18,26.92,0,0.527,0,0
52.85,2,122.0,0,3,19.32,0,0.375,1,0
44.07,2,918.9,0,15,33.02,1,0.336,0,0
7.82,7,95.6,0,12,71.64,0,0.0,0,0
15.72,1,1436.0,0,21,29.08,0,0.591,0,0
47.45,5,817.5,0,13,46.15,0,0.393,1,0
115.22,4,1259.3,0,18,46.49,1,0.729,0,0
204.39,2,1760.3,0,19,2.16,0,0.0,0,0
103.66,4,1418.1,0,15,66.71,0,0.014,0,0
143.4,5,43.8,0,17,52.15,0,0.698,1,0
139.05,1,772.4,0,3,91.25,0,0.078,1,0
145.88,4,647.2,0,2,9.87,1,0.251,0,0
178.68,5,970.6,0,20,35.55,0,0.0,0,0
24.38,1,547.1,0,20,25.1,0,0.0,1,0
84.32,2,215.1,0,0,26.2,0,0.0,1,0
78.92,4,304.8,0,12,56.24,1,0.32,1,0
62.73,5,271.4,0,17,59.63,0,0.121,0,0
86.49,4,441.7,0,10,45.33,0,0.198,0,0
113.51,7,99.9,1,2,29.61,0,0.104,0,0
200.27,6,291.0,0,4,30.76,1,0.141,1,0
154.42,8,1536.2,1,16,9.44,0,0.57,1,0
44.87,1,413.7,0,14,42.16,0,0.273,0,0
102.43,1,852.2,0,3,85.51,1,0.326,0,0
90.9,3,2165.1,0,17,56.19,1,0.56,1,0
28.35,4,2136.5,0,15,,0,0.145,1,0
1.0,3,156.3,0,7,16.99,0,0.346,0,0
157.05,2,282.5,0,11,29.98,0,0.674,1,0
142.35,2,814.9,0,8,33.48,0,0.379,1,0
33.13,3,3645.0,0,17,60.76,1,0.32,1,0
133.47,4,901.9,0,0,4.16,0,0.098,0,0
109.87,2,233.6,0,5,55.99,0,0.788,0,0
228.17,2,161.5,0,17,63.54,1,0.56,0,1
157.25,2,1769.8,0,18,40.57,0,0.422,1,0
65.93,4,107.2,0,1,73.84,0,0.296,0,0
36.96,2,605.6,0,12,41.78,2,0.698,0,0
23.36,3,268.7,0,13,72.6,1,0.331,0,0
56.99,3,299.0,1,4,27.71,1,0.263,0,0
317.51,4,89.3,0,10,80.46,0,0.529,1,1
1.69,5,541.6,0,1,8.66,0,0.337,1,0
44.72,6,1849.7,0,18,58.88,0,0.374,1,0
395.21,4,276.9,0,14,191.44,2,0.616,1,1
110.54,4,1898.3,0,4,26.56,0,0.186,0,0
363.54,2,83.4,0,9,139.7,2,0.379,0,1
58.77,2,214.5,0,9,2.61,0,0.293,1,0
66.24,3,1078.6,0,6,9.87,0,0.26,1,0
18.33,4,445.6,0,5,14.73,1,0.768,0,0
87.81,3,293.7,0,5,22.05,0,0.085,1,0
69.51,2,474.1,0,4,17.56,0,0.051,0,0
31.91,7,77.4,0,1,39.71,1,0.48,0,0
113.41,7,567.6,0,20,7.17,0,0.28,0,0
17.69,5,657.1,0,20,44.27,0,0.314,0,0
204.99,4,588.8,0,7,61.91,0,0.073,0,0
3.44,8,458.2,0,22,92.36,0,0.148,0,0
42.28,1,24.0,0,0,4.37,0,0.221,0,0
138.49,3,185.6,1,13,29.94,0,0.0,1,0
87.12,1,159.8,0,17,77.19,0,0.452,0,0
99.12,5,70.3,0,11,31.2,0,0.328,0,0
9.06,5,473.6,0,8,32.86,0,0.534,1,0
79.13,5,1444.2,0,21,18.3,1,0.527,0,0
142.73,0,414.4,0,18,19.69,0,0.159,1,0
60.88,4,765.9,1,21,10.4,0,0.315,1,0
114.27,4,33.1,0,1,34.43,0,0.259,1,0
80.28,3,558.6,0,0,19.47,0,0.36,1,0
48.06,4,363.9,0,20,21.63,0,0.138,0,0
197.01,2,185.6,0,23,26.1,1,0.69,1,1
25.66,1,17.9,0,21,13.11,0,0.189,0,0
133.4,2,7.2,0,10,37.45,0,0.5,0,0
35.72,3,594.2,1,10,10.6,2,0.326,1,0
70.8,2,418.7,1,8,11.33,1,0.0,0,0
24.95,5,12.2,1,2,17.18,1,0.347,0,0
49.25,3,1008.0,1,11,37.49,0,0.138,0,0
102.17,2,1173.7,1,11,27.64,0,0.0,1,0
113.33,6,518.5,0,11,49.95,0,0.215,0,0
47.31,4,859.2,0,5,33.97,0,0.28,1,0
155.67,3,5.5,0,22,26.36,1,0.0,0,0
82.25,2,3127.4,0,21,11.28,0,0.699,1,0
50.55,3,64.8,0,7,0.49,2,0.133,0,0
34.79,1,322.5,0,17,17.42,1,0.001,0,0
136.35,3,171.3,0,2,18.76,0,0.36,1,0
117.84,7,1255.6,0,0,19.31,0,0.047,1,0
80.46,3,89.7,0,1,3.73,0,0.375,1,0
7.4,1,27.5,0,11,112.79,1,0.327,0,0
60.48,4,1074.3,1,4,54.48,0,0.0,0,0
15.05,3,32.3,0,3,30.43,0,0.224,1,0
74.95,1,1773.8,0,20,22.13,0,0.631,0,0
61.84,0,36.6,0,12,52.61,0,0.399,0,0
147.69,6,79.8,0,14,47.88,1,0.592,1,0
116.02,4,41.2,0,19,26.91,1,0.437,0,0
86.5,2,474.3,0,17,51.48,0,0.063,1,0
121.45,8,39.0,0,14,37.24,0,0.168,0,0
43.97,2,426.3,0,7,21.36,0,0.317,0,0
58.25,3,108.7,0,14,55.66,2,0.323,1,0
17.91,6,810.8,0,6,4.63,0,0.529,0,0
31.49,2,779.9,0,9,11.27,1,0.718,1,0
82.81,3,451.0,0,13,55.49,0,0.0,0,0
72.62,2,398.8,0,7,17.81,0,0.38,0,0
34.88,3,53.2,0,14,31.51,0,0.299,1,0
271.53,6,3927.4,0,23,4.06,1,0.282,0,0
128.38,5,375.2,0,10,17.04,0,0.15,0,0
38.91,1,2256.2,0,18,23.78,0,0.0,0,0
197.91,3,552.8,1,8,70.38,0,0.468,1,0
33.88,6,1317.5,0,4,74.98,1,0.319,0,0
38.25,2,1321.3,0,19,81.34,0,0.158,0,0
143.74,3,169.5,0,12,19.36,0,0.313,0,0
0.64,3,501.0,0,2,23.55,1,0.21,0,0
78.4,1,220.0,0,23,25.68,0,0.21,1,0
31.57,6,0.1,0,21,24.28,0,0.181,1,0
105.49,3,666.7,0,17,9.7,0,0.264,0,0
70.56,6,212.7,0,1,48.01,0,0.256,0,0
19.35,3,375.3,0,16,20.23,1,0.599,0,0
33.62,3,150.7,0,2,92.58,0,0.3,0,0
160.42,4,771.0,0,8,63.24,0,0.206,0,0
79.51,7,1451.6,0,13,50.93,0,0.061,0,0
81.94,2,65.6,0,4,36.75,0,0.247,0,0
362.4,6,458.4,0,6,220.14,0,0.511,0,1
86.68,5,364.0,0,18,28.15,0,0.104,1,0
53.66,2,248.6,0,9,23.67,0,0.537,1,0
42.21,6,416.3,1,3,1.6,0,0.186,0,0
66.09,3,1562.9,0,22,13.6,1,0.415,1,0
49.84,6,3.8,0,21,34.76,0,0.134,1,0
1.19,3,148.2,0,16,53.78,1,0.54,1,0
72.78,1,1961.4,0,20,45.34,0,0.068,0,0
160.06,1,1194.5,0,21,32.93,1,0.185,0,0
34.3,5,1015.8,0,1,73.57,0,0.149,1,0
97.6,0,171.2,0,14,40.73,0,0.59,0,0
4.58,2,464.1,0,4,3.9,0,0.539,1,0
41.32,2,92.1,0,2,14.96,1,0.0,1,0
38.29,7,15.8,0,3,45.71,0,0.073,0,0
147.33,4,24.5,0,5,41.03,1,0.228,1,0
28.97,3,348.4,0,7,22.45,0,0.102,1,0
59.57,6,339.1,0,21,111.65,0,0.474,1,0
48.89,2,120.4,1,6,7.62,0,0.4,1,0
125.0,3,401.1,0,9,5.79,0,0.0,0,0
92.05,5,166.9,0,3,3.81,0,0.405,1,0
15.63,3,418.4,0,13,39.35,0,0.329,1,0
3.67,3,2335.3,1,13,44.51,0,0.205,1,0
124.55,4,141.6,0,8,105.78,0,0.218,0,0
441.25,2,227.6,1,22,117.07,1,0.886,1,1
48.95,1,545.1,0,1,51.92,1,0.585,1,0
134.82,3,280.8,0,1,61.64,1,0.268,1,0
45.94,2,1798.0,1,17,17.44,0,0.375,1,0
0.73,6,89.3,1,2,9.18,0,0.39,0,0
92.43,3,78.5,0,17,16.33,0,0.153,0,0
73.52,4,1347.1,0,17,24.14,1,0.617,0,0
101.82,8,62.2,0,3,9.63,0,0.16,0,0
128.94,3,748.7,0,15,5.84,0,0.097,0,0
92.28,3,321.6,0,4,6.04,0,0.313,0,0
69.08,2,891.0,0,17,97.22,0,0.293,0,0
51.17,2,27.1,1,0,15.08,0,0.318,1,0
133.22,0,381.5,0,17,60.02,0,0.397,1,0
76.31,3,162.5,0,9,4.93,1,0.1,1,0
45.57,1,63.4,0,16,19.21,0,0.0,0,0
73.14,2,1982.0,0,12,50.72,1,0.0,1,0
87.19,3,64.9,0,2,,0,0.543,1,0
114.8,2,1234.7,0,14,39.01,0,0.355,0,0
90.95,6,386.5,0,22,114.97,0,0.396,0,1
128.98,4,1170.1,0,5,73.78,0,0.0,1,0
62.65,0,580.4,0,23,38.35,0,0.235,1,0
90.23,2,421.8,0,16,51.84,0,0.397,0,0
281.44,3,329.3,0,4,97.79,3,0.385,1,1
4.99,3,946.3,0,11,11.78,0,0.496,1,0
106.51,5,1053.5,0,6,32.81,0,0.099,0,0
180.74,2,513.8,0,11,14.76,0,0.394,0,0
154.13,3,975.3,1,12,51.67,1,0.0,1,0
117.0,3,1756.7,0,9,45.57,0,0.405,1,0
97.25,3,693.5,0,15,22.56,1,0.148,0,0
22.53,5,285.5,0,18,16.92,0,0.449,1,0
179.45,3,578.2,0,22,32.13,1,0.0,0,0
99.17,6,228.7,0,2,58.6,0,0.616,0,0
66.32,1,443.9,0,18,17.07,0,0.17,1,0
116.02,1,437.4,0,4,47.19,0,0.264,0,0
10.09,4,1819.0,0,13,8.52,0,0.083,0,0
116.08,4,10.0,0,6,5.73,1,0.225,0,0
171.5,1,68.2,1,2,235.78,4,0.328,1,1
18.45,4,489.5,0,11,97.9,0,0.045,1,0
63.86,6,526.6,0,1,36.93,0,0.321,1,0
230.32,6,97.5,0,2,6.03,0,0.0,0,0
103.86,2,309.7,0,2,24.11,2,0.248,1,0
34.52,4,679.5,1,12,48.38,0,0.767,0,0
84.83,3,1070.1,0,16,9.54,2,0.067,0,0
10.76,3,59.6,0,2,60.64,0,0.438,1,0
113.54,3,724.8,0,4,22.04,0,0.086,0,0
44.59,3,89.4,0,19,26.33,0,0.58,0,0
33.71,4,1294.8,1,0,26.19,0,0.549,0,0
446.63,0,236.4,0,14,211.0,1,0.279,0,1
8.99,2,4253.7,0,1,,0,0.345,1,0
3.07,2,82.0,0,22,26.36,1,0.166,1,0
150.11,6,781.8,0,11,5.01,0,0.465,1,0
7.24,6,376.9,0,19,10.51,0,0.193,0,0
37.65,5,59.2,0,18,18.4,0,0.307,0,0
118.95,5,61.6,0,16,43.32,1,0.541,1,0
16.4,1,287.4,1,1,3.38,1,0.759,1,0
59.53,6,1037.8,0,5,13.72,0,0.063,0,0
110.62,5,1391.5,0,7,8.28,0,0.485,1,0
22.35,3,149.5,0,11,50.07,0,0.449,1,0
52.93,4,1657.9,0,3,71.36,0,0.0,1,0
26.84,1,683.8,0,3,29.4,0,0.0,0,0
63.76,2,362.0,1,19,0.23,0,0.253,0,0
367.45,2,47.1,1,18,172.96,1,0.565,0,1
17.66,3,1713.9,0,15,28.16,0,0.273,1,0
44.79,5,1772.6,0,3,78.08,1,0.128,0,0
85.29,2,219.7,0,19,38.36,0,0.311,0,0
50.85,3,20.7,0,20,37.64,0,0.014,0,0
43.06,4,546.1,1,21,30.13,1,0.311,1,0
117.12,1,299.8,0,12,35.23,0,0.392,0,0
59.56,3,265.6,0,11,63.95,0,0.258,1,0
222.53,3,2992.2,0,8,75.02,0,0.296,0,0
158.9,1,398.0,0,21,25.99,0,0.336,0,0
107.54,1,1101.0,0,17,11.88,1,0.288,0,0
116.83,2,1287.7,0,5,21.49,0,0.397,0,0
48.17,5,1066.0,0,7,65.61,2,0.071,1,0
152.94,0,950.3,0,12,28.08,0,0.21,0,0
181.05,3,1391.6,0,21,114.64,0,0.265,0,0
20.87,5,442.9,0,14,57.7,0,0.15,0,0
243.06,1,327.4,0,6,66.32,2,0.365,0,1
81.97,5,184.5,1,16,25.86,0,0.435,1,0
21.14,5,4.1,0,22,15.45,1,0.296,0,0
547.72,0,617.4,0,1,72.67,3,0.235,0,1
56.98,5,437.6,0,20,14.55,0,0.409,1,0
58.81,3,1996.2,0,15,11.86,0,0.182,1,0
66.79,5,20.7,0,16,0.31,1,0.561,0,0
87.16,6,720.9,0,23,54.79,0,0.249,0,0
103.84,6,393.9,0,1,16.78,0,0.369,0,0
55.7,0,2138.1,0,13,24.77,0,0.03,0,0
7.59,2,394.7,0,15,0.76,1,0.0,0,0
13.98,0,68.5,1,4,34.36,0,0.296,1,1
71.27,4,1819.9,0,21,58.45,0,0.442,0,0
84.77,2,1072.5,0,7,41.19,0,0.039,0,0
19.11,1,989.0,0,5,24.58,0,0.076,0,0
86.27,2,505.5,0,8,49.22,1,0.375,0,0
72.41,3,242.4,0,3,122.61,0,0.721,0,0
212.62,6,4502.7,0,23,18.83,0,0.0,1,0
179.77,3,111.7,0,3,26.75,0,0.415,1,0
69.03,2,310.9,0,14,32.3,0,0.022,1,0
87.17,2,389.7,0,7,64.47,1,0.118,0,0
394.98,2,31.1,0,0,135.36,0,0.696,0,1
12.08,6,195.5,0,12,39.73,1,0.0,1,0
13.68,3,279.3,0,21,87.02,0,0.0,1,0
52.16,5,727.6,1,18,15.39,1,0.408,0,0
33.84,1,733.4,0,21,3.2,1,0.0,0,0
125.7,7,1259.6,0,12,40.65,0,0.123,0,0
1.21,4,1386.4,0,17,2.58,0,0.12,1,0
17.24,4,1065.2,1,16,34.31,0,0.068,0,0
137.72,6,4235.7,0,10,50.83,1,0.048,0,0
166.23,6,925.9,0,10,13.29,0,0.387,1,0
170.16,6,783.9,0,18,66.73,0,0.123,0,0
191.93,4,268.0,0,6,64.79,0,0.415,1,0
108.17,2,46.7,0,11,13.93,0,0.11,0,0
98.1,4,1708.3,0,5,11.34,1,0.276,0,0
22.13,3,750.9,1,7,4.35,0,0.484,1,0
56.38,2,1167.9,0,12,54.53,1,0.426,1,0
99.39,5,145.1,0,20,4.05,0,0.345,0,0
147.42,4,1813.7,0,9,29.13,1,0.0,0,0
14.63,3,385.2,1,11,10.94,0,0.174,1,0
16.03,2,428.6,0,15,2.67,1,0.146,1,0
76.15,4,247.7,0,19,5.42,0,0.0,1,0
155.01,5,720.1,0,21,27.25,0,0.656,0,0
69.33,3,337.5,0,17,37.09,0,0.142,0,0
19.41,4,329.9,0,19,6.11,1,0.212,1,0
60.66,4,1102.5,0,0,11.59,0,0.71,0,0
181.09,3,76.2,0,6,33.66,0,0.0,1,0
89.54,4,157.9,0,20,55.34,1,0.614,1,1
66.59,6,133.6,0,19,35.68,0,0.178,1,0
30.8,4,278.2,0,19,69.91,0,0.528,0,0
160.77,6,276.2,1,18,87.18,1,0.342,1,0
31.01,5,255.1,0,23,34.83,0,0.065,1,0
43.19,4,2111.9,0,9,9.01,0,0.529,0,0
13.4,6,2159.3,0,6,12.47,0,0.211,0,0
131.05,3,480.1,0,22,30.96,0,0.06,0,0
106.06,2,1559.2,1,16,5.8,0,0.0,0,0
26.8,2,177.5,0,18,29.78,1,0.319,1,0
95.66,5,165.6,1,21,33.4,0,0.02,1,0
53.12,3,317.3,0,6,23.47,1,0.096,0,0
52.7,3,32.2,0,15,8.94,0,0.547,1,0
221.93,0,118.0,1,12,305.79,1,0.592,0,1
24.1,3,77.2,0,8,2.05,1,0.578,0,0
50.75,3,232.6,0,12,55.95,0,0.035,0,0
6.66,3,2014.7,0,14,7.91,0,0.292,1,0
36.54,3,249.0,0,8,37.54,1,0.0,0,0
117.97,1,1114.3,0,18,72.8,0,0.3,0,0
60.15,6,1396.5,0,17,64.31,0,0.261,0,0
133.18,3,56.1,0,11,29.49,0,0.034,0,0
150.59,7,847.3,0,1,35.16,1,0.106,0,0
1.08,9,194.8,0,4,58.36,0,0.088,1,0
120.33,9,1450.4,0,1,55.3,1,0.0,0,0
169.0,6,313.2,1,2,96.89,1,0.684,0,0
56.68,4,825.9,0,23,12.22,1,0.295,1,0
14.16,5,906.9,0,2,62.18,0,0.667,0,0
173.34,3,154.2,0,3,15.09,1,0.415,0,0
40.32,4,192.3,0,11,1.78,0,0.444,1,0
13.77,3,1405.7,0,6,9.62,0,0.35,0,0
138.43,5,320.4,0,22,50.76,2,0.321,0,0
214.32,3,52.1,0,7,25.3,0,0.408,0,0
233.78,5,482.8,0,22,202.48,2,0.874,1,1
45.39,1,188.4,0,2,9.2,0,0.0,1,0
68.53,3,66.6,0,21,45.97,1,0.388,1,0
129.98,3,84.5,0,13,38.21,0,0.118,1,0
39.68,4,536.6,0,18,58.4,1,0.079,0,0
95.34,2,67.7,0,17,87.21,0,0.47,1,0
48.17,3,33.8,0,16,7.13,0,0.281,0,0
102.71,3,282.4,0,16,21.14,0,0.157,0,0
107.86,4,398.1,0,7,7.06,0,0.426,1,0
66.04,1,1158.0,0,12,52.68,1,0.0,0,0
113.27,1,336.7,0,13,35.3,0,0.048,0,0
61.32,2,2438.5,0,18,2.47,0,0.732,0,0
149.15,4,52.8,1,22,4.71,0,0.005,1,0
15.78,8,465.4,0,22,0.54,0,0.456,1,0
116.27,3,213.7,1,6,13.36,2,0.101,0,0
366.95,0,56.5,1,7,256.55,1,0.375,1,1
21.42,5,1823.6,0,14,34.69,1,0.66,0,0
9.8,3,1674.3,0,10,9.59,1,0.0,0,0
14.34,5,68.0,1,15,7.62,0,0.438,0,0
166.88,2,382.5,0,7,93.63,0,0.415,0,0
120.97,4,668.4,0,14,10.34,0,0.519,1,0
152.39,1,53.4,0,16,32.93,0,0.102,1,0
82.64,3,418.0,0,10,46.84,0,0.262,1,0
44.9,4,182.3,0,16,30.28,1,0.541,0,0
52.7,4,1634.9,0,2,37.01,0,0.355,0,0
127.96,4,136.0,1,3,17.49,0,0.343,1,0
42.28,8,145.8,0,18,53.16,0,0.341,0,0
97.4,6,13.4,0,15,21.1,1,0.438,0,0
46.29,5,1422.3,0,2,35.85,0,0.009,1,0
51.92,5,1910.9,0,22,39.21,2,0.453,1,0
19.57,3,26.0,0,16,17.61,0,0.219,0,0
88.03,4,59.2,0,8,76.07,0,0.455,0,0
13.38,2,1232.0,0,11,23.12,0,0.333,0,0
103.32,3,743.1,0,5,7.44,1,0.0,1,0
7.44,1,180.6,0,0,262.09,0,0.318,1,1
46.81,3,616.6,0,20,10.4,0,0.156,0,0
396.97,1,38.6,0,2,238.39,1,0.662,0,1
123.17,4,2376.9,0,4,49.08,0,0.101,0,0
69.89,7,162.5,0,3,9.1,0,0.563,0,0
3.56,4,170.1,1,10,35.88,0,0.575,1,0
6.79,4,205.6,1,15,,1,0.179,1,0
52.15,5,591.6,1,14,19.43,0,0.311,0,0
49.11,6,1559.2,0,9,8.16,0,0.415,1,0
62.14,5,214.1,0,1,17.19,0,0.004,0,0
59.83,5,1368.1,0,6,54.14,0,0.47,0,0
51.91,2,985.3,0,17,51.39,1,0.334,1,0
127.07,3,178.7,0,8,,0,0.034,0,0
112.91,7,431.3,0,22,27.36,1,0.514,0,0
41.77,5,423.7,0,13,42.54,0,0.296,0,0
7.34,3,899.6,0,6,65.5,0,0.136,1,0
80.83,4,59.3,0,6,65.19,0,0.07,0,0
72.0,4,517.6,0,22,8.86,0,0.11,1,0
165.53,2,273.8,0,6,3.79,0,0.25,1,0
54.19,3,627.9,0,22,12.4,0,0.056,0,0
39.19,5,210.0,0,18,35.33,1,0.0,1,0
95.3,2,39.6,0,19,8.0,0,0.352,0,0
92.61,7,2235.5,0,11,24.62,1,0.441,1,0
198.99,3,206.1,0,0,4.96,0,0.504,1,0
12.7,7,927.6,0,17,3.09,0,0.347,0,0
53.48,2,878.5,0,12,17.55,0,0.472,1,0
15.92,3,923.0,1,2,19.17,0,0.225,0,0
117.8,3,167.3,0,6,28.49,0,0.036,0,0
59.52,4,1705.4,0,17,45.52,1,0.36,1,0
45.38,3,260.1,0,4,18.95,0,0.427,1,0
75.54,2,70.0,0,4,11.21,0,0.402,0,0
132.28,1,36.8,0,6,26.51,0,0.633,0,0
107.29,5,407.0,0,9,70.03,2,0.297,0,0
26.16,4,473.3,0,18,12.11,1,0.557,1,0
53.83,4,885.2,0,20,5.9,1,0.383,1,0
53.57,2,893.7,0,9,19.34,3,0.0,1,0
13.44,2,3831.6,0,17,11.64,0,0.618,1,0
66.88,1,170.3,0,9,20.9,0,0.34,1,0
255.62,3,18.8,0,14,78.51,2,0.787,0,1
137.77,4,859.8,0,13,20.33,0,0.0,0,0
51.9,4,602.9,0,20,14.82,0,0.461,0,0
27.15,4,1715.9,0,3,56.9,0,0.218,1,0
49.15,2,61.9,0,0,65.21,1,0.427,0,0
123.59,4,923.9,0,23,23.16,0,0.705,1,0
67.08,1,329.9,0,9,25.05,0,0.255,1,0
41.77,5,1430.4,0,18,54.16,0,0.239,0,0
222.49,4,106.9,0,2,10.84,0,0.252,0,0
111.03,5,127.9,0,12,5.07,0,0.232,1,0
91.16,6,232.7,0,20,42.78,0,0.082,0,0
25.82,4,557.1,0,22,24.49,0,0.014,0,0
12.4,4,606.9,0,2,18.19,0,0.202,0,0
140.63,4,18.5,0,4,16.26,1,0.646,1,1
158.07,2,2529.7,0,9,18.7,0,0.437,1,0
35.88,5,746.4,0,14,7.67,0,0.436,0,0
111.31,4,286.9,0,18,24.66,0,0.705,1,0
177.48,5,548.6,0,16,22.72,0,0.038,1,0
78.45,6,104.1,0,0,49.09,0,0.568,0,0
6.36,4,39.8,1,7,29.55,0,0.119,1,0
63.87,3,188.5,0,7,50.43,0,0.637,0,0
173.35,3,1567.9,0,14,41.07,0,0.402,0,0
0.88,2,877.3,0,21,25.55,0,0.0,1,0
91.94,3,121.6,0,6,43.99,0,0.598,0,0
119.79,7,374.3,0,11,6.54,0,0.317,0,0
71.67,3,697.0,0,12,37.76,1,0.247,0,0
48.97,5,146.1,0,20,26.31,0,0.597,0,0
148.93,1,826.4,0,12,9.93,1,0.222,1,0
67.56,1,1999.1,0,21,79.32,0,0.333,0,0
49.97,1,917.6,0,23,2.86,0,0.507,0,0
4.2,6,49.2,1,23,64.94,0,0.043,0,0
0.99,2,550.0,0,22,56.88,0,0.339,0,0
183.25,3,1847.3,0,16,41.16,0,0.828,0,0
3.24,4,41.9,0,11,13.98,0,0.294,0,0
123.6,4,43.5,0,4,7.37,0,0.173,0,0
65.7,5,419.7,0,17,21.89,0,0.0,1,0
185.88,2,110.6,0,14,37.75,0,0.187,0,0
55.19,2,576.1,0,5,5.22,0,0.695,0,0
92.03,1,1591.5,0,16,16.7,0,0.678,0,0
80.82,3,199.3,0,6,17.12,0,0.246,0,0
51.31,3,496.4,0,4,73.69,0,0.414,1,0
92.75,4,381.9,0,15,20.98,0,0.54,0,0
63.19,1,858.8,0,4,31.14,0,0.103,1,0
127.65,5,139.8,0,9,77.28,0,0.6,1,0
61.18,4,450.3,0,4,15.1,1,0.0,0,0
41.43,1,254.1,0,13,52.29,0,0.593,0,0
49.01,4,330.2,0,11,21.05,0,0.223,1,0
26.75,4,413.3,0,4,48.65,0,0.486,1,0
0.82,1,572.0,0,8,76.67,0,0.394,0,0
55.88,3,908.9,0,17,49.83,0,0.25,0,0
154.19,2,1277.0,1,22,19.63,0,0.711,1,0
88.1,5,1290.3,0,11,29.34,0,0.61,0,0
53.96,4,13.0,0,16,4.73,0,0.645,0,0
97.85,6,384.8,0,8,38.59,0,0.0,0,0
43.6,5,534.7,0,9,8.98,0,0.594,0,0
104.77,0,477.5,0,0,23.66,0,0.478,1,0
64.23,2,66.4,0,22,28.24,0,0.382,0,0
41.82,4,50.6,0,11,31.41,0,0.311,0,0
77.4,4,1148.2,0,9,25.81,1,0.135,1,0
104.48,3,297.1,0,20,17.43,0,0.56,0,0
78.35,6,548.0,0,5,38.68,0,0.629,0,0
103.79,3,354.1,0,4,37.96,2,0.228,0,0
220.86,3,71.9,1,17,15.82,2,0.336,0,1
114.88,3,207.7,0,3,12.4,0,0.641,0,0
55.65,5,312.9,0,19,10.58,1,0.479,0,0
65.83,4,136.1,0,17,52.43,0,0.258,0,0
104.81,4,1496.5,0,13,70.52,0,0.311,0,0
485.56,1,114.9,0,1,38.91,2,0.57,1,1
20.07,4,1471.8,0,19,75.94,1,0.0,0,0
38.33,5,105.2,0,4,25.44,0,0.13,0,0
246.41,5,259.7,0,15,12.67,0,0.215,0,0
46.71,5,1137.6,0,22,66.44,0,0.302,0,0
84.63,5,218.7,0,0,78.06,0,0.094,0,0
216.64,1,343.0,0,0,29.45,0,0.264,0,0
85.02,6,65.5,0,16,41.38,1,0.384,0,0
131.94,6,763.7,0,20,8.96,2,0.11,0,0
87.43,3,800.6,0,19,2.83,1,0.244,1,0
11.04,4,258.7,0,18,39.37,0,0.213,0,0
65.18,5,432.3,0,10,21.09,1,0.007,0,0
111.33,4,776.0,1,4,11.19,0,0.232,1,0
85.67,4,255.9,0,10,33.99,1,0.482,0,0
36.55,2,556.7,0,22,5.36,0,0.53,0,0
38.77,4,404.3,0,17,84.28,0,0.0,0,0
145.43,6,168.0,0,11,52.14,1,0.286,1,0
80.28,5,406.6,0,17,1.62,0,0.251,0,0
120.96,6,134.8,0,7,7.09,0,0.249,0,0
125.84,5,52.3,0,10,37.99,0,0.0,1,0
143.66,0,752.6,0,0,38.37,0,0.4,1,0
37.08,4,197.4,0,9,35.57,0,0.177,1,0
86.17,6,248.4,0,13,26.44,0,0.214,1,0
52.29,3,1989.9,1,18,10.16,0,0.0,0,0
10.12,5,21.6,1,18,23.82,0,0.679,1,0
60.65,2,610.6,0,11,29.85,0,0.084,1,0
48.81,2,803.1,0,16,12.8,0,0.523,1,0
38.07,4,840.3,1,7,63.8,2,0.105,1,0
18.06,3,1289.3,0,16,23.1,0,0.357,0,0
2.51,1,138.2,1,2,134.29,2,0.573,1,1
46.66,3,41.7,0,9,43.16,0,0.29,0,0
146.75,5,18.0,0,11,22.39,0,0.545,1,0
278.7,3,497.2,0,4,1.02,0,0.712,1,1
197.42,6,3402.1,0,13,50.28,1,0.276,1,0
36.27,5,877.5,0,22,20.14,0,0.669,1,0
30.99,1,99.8,0,2,24.39,0,0.286,0,0
63.08,4,586.5,0,3,16.33,0,0.0,1,0
29.46,2,957.0,0,6,53.25,1,0.471,0,0
86.36,1,1581.5,0,8,8.55,0,0.337,0,0
63.5,3,512.6,0,8,15.07,0,0.042,1,0
714.57,5,295.9,1,6,257.64,0,0.433,1,1
57.94,2,1193.3,0,9,71.54,0,0.0,1,0
0.66,4,2576.4,0,17,7.94,0,0.313,0,0
40.67,2,35.0,1,21,19.57,0,0.0,0,0
153.37,1,525.8,0,21,243.91,1,0.186,1,1
108.66,4,287.6,0,21,10.26,0,0.594,1,0
102.65,3,371.0,0,9,17.77,0,0.242,1,0
56.72,1,264.9,0,1,19.97,0,0.758,0,0
1.14,3,781.0,0,13,29.57,0,0.127,1,0
31.47,3,255.9,0,1,28.47,0,0.0,0,0
27.59,2,555.5,0,22,52.81,0,0.258,0,0
116.42,3,105.3,0,9,25.2,0,0.586,1,0
59.05,7,79.2,0,20,39.83,0,0.384,0,0
68.82,3,1117.4,0,1,4.65,0,0.348,1,0
16.43,4,328.2,0,1,1.58,0,0.0,0,0
48.3,2,558.0,0,3,100.72,0,0.482,1,0
122.14,3,747.8,1,8,4.32,0,0.343,0,0
96.61,5,347.3,0,22,55.69,0,0.123,1,0
121.69,5,416.7,0,4,22.83,1,0.426,0,0
4.43,3,772.7,0,1,11.05,0,0.368,1,0
85.07,0,341.5,0,6,0.24,0,0.0,0,0
30.59,2,358.5,0,13,59.67,0,0.135,1,0
240.52,2,169.9,1,2,67.18,1,0.775,0,1
30.77,3,27.0,0,3,,0,0.388,0,0
151.61,4,13.6,0,6,0.3,1,0.368,0,0
125.04,2,413.4,1,11,79.13,0,0.0,1,0
44.84,3,1292.6,0,2,,0,0.525,1,0
71.19,4,1082.3,0,4,30.4,0,0.242,1,0
54.13,4,182.9,0,8,47.92,0,0.181,0,0
125.01,3,2101.6,0,14,5.41,0,0.0,1,0
68.76,3,918.5,0,20,34.5,0,0.38,0,0
40.74,2,747.1,0,21,52.45,0,0.236,0,0
153.69,0,48.9,0,18,73.06,0,0.723,1,0
110.08,6,972.2,0,16,8.49,0,0.0,0,0
44.94,2,728.2,0,0,48.42,0,0.017,1,0
74.25,2,1164.0,0,20,6.39,0,0.0,1,0
24.0,3,2530.8,0,18,60.07,0,0.139,1,0
82.98,3,233.7,0,16,3.44,0,0.065,0,0
108.19,5,140.5,0,9,15.35,0,0.294,0,0
54.48,8,3903.5,0,22,71.57,0,0.363,0,0
99.05,7,928.5,0,3,34.1,0,0.428,1,0
52.06,2,586.7,0,21,0.19,0,0.222,0,0
90.29,4,535.2,0,16,22.27,0,0.024,0,0
96.43,5,2566.4,0,0,33.43,0,0.272,0,0
48.69,3,557.1,0,9,3.95,0,0.284,0,0
71.04,5,776.9,0,17,1.18,0,0.08,0,0
41.58,2,91.9,0,21,57.71,0,0.379,0,0
29.95,4,990.5,0,22,1.13,0,0.59,0,0
67.83,6,1375.9,0,17,39.88,1,0.411,1,0
186.58,5,1085.6,0,20,18.97,0,0.477,0,0
46.42,1,737.0,0,19,1.12,1,0.433,0,0
37.71,6,88.1,0,2,18.93,2,0.081,0,0
100.96,6,343.0,0,9,20.46,1,0.105,0,0
142.08,5,808.9,0,16,9.32,1,0.338,0,0
77.63,5,1602.5,0,17,66.97,0,0.0,1,0
113.91,4,40.8,0,23,5.06,0,0.518,0,0
188.93,5,251.1,1,8,9.18,0,0.159,1,0
1.5,1,131.8,0,0,18.16,1,0.418,0,0
7.33,3,131.9,0,16,4.87,0,0.579,1,0
147.45,2,444.4,0,18,36.61,0,0.503,1,0
241.23,3,92.7,0,4,12.4,2,0.221,1,1
503.65,3,62.0,0,11,42.84,3,0.697,1,1
104.92,3,189.2,0,10,41.02,0,0.0,1,0
65.97,2,1210.2,0,0,18.03,1,0.283,1,0
27.48,3,394.5,0,12,47.87,0,0.549,1,0
22.66,4,437.3,0,21,63.93,0,0.299,1,0
61.22,1,170.8,0,4,92.06,0,0.396,0,0
133.77,5,1719.4,0,11,31.09,0,0.651,0,0
236.04,5,224.9,1,17,190.48,2,0.394,0,1
101.98,1,764.7,0,11,12.6,1,0.603,1,0
45.07,2,649.5,0,17,48.73,1,0.408,0,0
4.87,4,540.0,0,6,19.21,0,0.068,0,0
89.62,2,570.1,0,11,20.97,1,0.127,1,0
63.89,4,1966.5,0,8,35.24,0,0.0,0,0
127.78,6,365.8,1,14,31.49,0,0.317,1,0
3.29,4,243.1,0,18,42.96,1,0.337,1,0
78.01,6,522.2,0,14,85.21,0,0.205,0,0
557.66,2,550.1,0,10,231.43,0,0.539,1,1
99.33,2,630.9,0,19,4.2,0,0.282,1,0
105.12,11,70.1,0,21,43.92,1,0.031,1,0
179.08,5,776.6,0,6,22.39,0,0.195,0,0
19.56,7,363.0,0,18,8.57,1,0.385,0,0
51.74,4,438.5,0,21,53.79,0,0.459,0,0
114.99,3,57.6,0,4,40.12,0,0.505,1,0
64.2,5,1004.2,0,11,34.32,0,0.022,1,0
184.07,3,19.4,0,2,58.75,0,0.267,0,0
60.01,3,1694.4,0,20,14.32,0,0.695,0,0
116.04,4,155.9,0,11,43.62,0,0.125,0,0
54.87,3,277.4,0,17,6.85,0,0.15,0,0
140.62,7,242.1,1,20,12.93,0,0.342,0,0
39.78,3,2218.4,0,10,26.05,0,0.286,1,0
190.6,3,59.1,0,12,30.05,1,0.115,0,0
69.61,8,751.0,0,2,37.46,1,0.537,1,0
53.24,2,169.3,1,18,19.53,0,0.914,1,1
79.53,3,4.8,0,7,140.39,0,0.524,1,1
106.04,2,892.3,0,4,23.46,0,0.461,0,0
64.32,5,797.0,0,3,18.62,0,0.23,0,0
50.36,2,243.3,0,6,64.19,0,0.0,0,0
18.52,2,885.7,1,6,7.94,0,0.35,1,0
173.46,3,690.6,1,1,76.97,0,0.127,0,0
73.73,3,594.2,0,1,1.35,0,0.0,1,0
45.86,4,897.4,0,16,23.03,0,0.032,1,0
49.42,1,110.7,0,11,28.08,0,0.138,0,0
110.97,5,333.7,0,19,102.73,0,0.22,0,0
26.31,3,392.1,0,9,16.91,0,0.143,0,0
50.83,4,5.2,1,8,53.89,1,0.0,0,0
53.34,3,2717.6,1,0,10.48,1,0.378,1,0
80.02,2,226.7,0,19,93.0,1,0.0,1,0
33.37,4,1926.9,0,2,24.46,0,0.227,1,0
32.65,5,2263.9,0,12,61.31,0,0.365,0,0
56.74,7,771.8,0,2,75.58,0,0.0,1,0
74.79,2,1199.2,0,16,40.94,0,0.209,0,0
153.72,3,392.1,0,20,48.53,1,0.357,0,0
57.18,5,711.5,0,1,54.91,0,0.133,0,0
181.55,4,814.2,0,17,9.76,0,0.27,1,0
64.35,4,1.2,0,4,12.92,0,0.033,1,0
103.9,2,291.2,0,0,26.34,0,0.623,0,0
132.49,3,2104.2,0,18,37.7,1,0.5,0,0
370.4,3,207.2,1,18,187.63,2,0.647,1,1
21.88,2,48.0,0,7,77.73,0,0.099,0,1
48.25,5,54.7,0,22,17.15,1,0.227,0,0
42.65,4,17.4,0,12,136.3,1,0.546,0,1
152.43,2,314.0,1,0,200.18,0,0.833,1,1
51.47,6,226.2,0,9,1.45,0,0.545,0,0
60.31,3,513.3,0,16,,0,0.401,0,1
88.99,6,441.4,0,22,66.29,0,0.773,0,0
229.51,3,77.2,1,4,0.16,1,0.426,0,0
65.19,1,179.5,0,7,73.06,2,0.261,0,0
104.91,3,498.2,0,1,25.57,1,0.03,0,0
131.3,5,3047.8,0,11,42.98,0,0.255,1,0
25.33,5,717.1,0,0,59.86,0,0.138,0,0
80.01,0,514.8,0,11,1.15,0,0.044,0,0
23.26,5,494.6,0,22,37.13,1,0.336,1,0
174.57,3,2.1,0,20,328.11,0,0.375,1,1
38.95,7,172.4,0,5,37.63,0,0.155,0,0
80.73,5,687.1,0,22,31.63,0,0.077,0,0
21.51,1,1001.4,0,6,35.15,0,0.531,0,0
100.89,3,303.7,0,7,69.98,0,0.397,0,0
124.06,1,72.7,0,20,33.2,0,0.345,1,0
65.09,4,1116.9,0,7,18.24,0,0.557,1,0
64.72,2,32.6,0,9,6.61,0,0.431,0,0
3.95,2,79.1,0,3,19.61,0,0.147,0,0
192.56,4,75.1,0,12,6.8,1,0.521,0,0
178.3,4,348.3,0,20,12.19,0,0.01,0,0
37.11,4,237.5,0,13,43.7,0,0.0,0,0
75.1,7,88.5,1,15,9.06,1,0.31,0,0
13.15,5,613.3,0,8,23.58,0,0.416,1,0
81.62,6,1352.8,0,14,83.62,0,0.134,0,0
29.86,7,52.2,0,6,11.43,1,0.235,0,0
9.81,3,1628.2,1,12,66.61,0,0.302,0,0
27.29,8,1234.9,1,4,25.57,0,0.578,0,0
18.88,5,29.7,0,5,24.04,0,0.45,0,0
50.06,2,344.3,0,9,71.78,2,0.457,1,0
19.43,1,200.4,1,6,31.2,0,0.063,0,0
105.02,3,99.6,0,6,31.34,0,0.303,0,0
93.08,2,312.1,0,14,19.92,0,0.478,1,0
51.26,2,322.9,0,4,82.81,0,0.508,0,0
158.72,2,585.1,0,14,18.5,0,0.402,0,0
193.25,5,1043.6,0,0,4.44,0,0.0,1,0
719.33,1,218.6,0,19,31.34,2,0.299,0,1
33.93,3,547.8,0,16,39.07,0,0.283,0,0
24.52,2,304.0,0,15,14.62,1,0.584,1,0
51.83,5,103.5,1,18,34.1,2,0.304,1,1
122.01,3,29.5,0,12,34.73,1,0.075,0,0
109.14,4,894.3,0,19,61.69,0,0.0,1,0
68.71,3,221.6,0,2,50.3,0,0.115,0,0
138.68,5,1375.8,0,23,46.94,0,0.463,0,0
17.6,1,2.1,0,14,47.55,0,0.0,0,0
119.78,4,1729.4,0,13,17.44,0,0.141,1,0
136.44,2,44.1,0,1,68.78,0,0.036,0,0
111.66,4,1085.6,0,0,36.79,0,0.462,0,0
53.89,1,3577.4,0,3,35.9,0,0.411,0,0
5.6,2,1038.8,0,20,19.15,0,0.166,1,0
69.48,8,103.9,0,3,34.76,0,0.609,0,0
0.9,0,65.3,0,11,0.9,0,0.434,0,0
160.19,2,2679.2,0,17,22.54,0,0.0,0,0
28.69,3,2371.0,0,21,21.66,0,0.188,0,0
54.01,4,1144.1,0,13,74.01,0,0.137,0,0
63.8,2,581.0,0,3,26.83,0,0.429,0,0
86.55,1,958.0,0,3,65.28,0,0.425,0,0
75.34,5,97.4,0,23,17.6,0,0.577,0,0
51.12,3,201.8,0,15,4.83,0,0.222,1,0
65.35,0,1799.7,0,6,45.41,0,0.787,0,0
158.43,6,1301.7,0,6,38.64,0,0.294,0,0
118.09,5,460.7,0,4,21.98,0,0.907,1,0
3.82,7,1420.5,0,22,26.09,0,0.358,0,0
115.45,2,1199.9,0,22,28.64,0,0.09,0,0
33.93,3,73.5,0,10,10.4,0,0.456,0,0
183.72,3,86.0,0,0,51.61,1,0.703,0,1
114.0,4,319.8,0,21,28.67,0,0.0,0,0
234.75,2,506.0,1,11,171.38,2,0.357,0,1
121.32,3,831.8,0,21,8.05,0,0.257,0,0
108.53,0,766.8,0,21,13.67,0,0.542,1,1
5.03,4,658.7,0,23,31.59,0,0.0,0,0
457.97,2,120.2,0,7,212.03,2,0.236,1,1
34.74,4,609.9,0,14,14.23,1,0.0,0,0
146.31,1,991.1,0,12,258.67,1,0.518,0,1
52.46,1,64.6,0,14,25.34,0,0.0,0,0
60.55,2,71.7,0,9,43.71,0,0.721,1,0
95.41,5,2046.8,0,8,27.04,0,0.107,1,0
142.33,4,225.1,0,22,21.0,0,0.518,1,0
78.51,3,2929.8,0,14,29.39,0,0.0,1,0
75.73,3,813.5,1,23,8.74,0,0.187,1,0
2.53,4,366.0,0,12,42.96,1,0.374,0,0
117.75,5,769.1,0,2,61.22,0,0.543,1,0
30.85,3,69.6,0,17,46.01,0,0.063,0,0
139.22,6,80.2,0,2,5.25,0,0.088,1,0
5.85,4,185.8,0,18,23.04,0,0.352,1,0
19.68,6,150.8,1,5,13.21,2,0.183,0,0
108.17,4,204.8,0,5,23.24,1,0.154,0,0
94.77,3,268.0,0,6,68.21,0,0.773,0,0
2.91,0,63.6,0,5,86.56,0,0.268,0,0
36.51,6,195.0,0,5,14.12,0,0.359,1,0
71.78,5,654.1,0,22,33.86,1,0.34,0,0
53.28,3,124.3,0,7,11.21,0,0.333,0,0
167.52,3,900.3,0,22,57.52,0,0.303,0,0
5.83,1,2214.6,0,8,26.57,0,0.0,1,0
55.67,6,1595.2,0,5,7.35,0,0.314,1,0
42.9,4,672.0,0,15,29.4,0,0.589,0,0
343.48,3,540.5,0,9,81.73,2,0.322,0,1
59.09,4,1195.3,1,12,1.08,0,0.329,0,0
107.39,5,335.7,0,5,39.09,0,0.568,1,0
233.21,4,33.3,0,12,7.56,1,0.029,0,0
111.05,3,356.3,0,1,27.58,0,0.278,1,0
64.76,2,422.4,0,1,49.81,0,0.78,0,0
102.08,9,1405.6,0,13,12.41,1,0.125,0,0
40.38,3,227.1,1,12,28.76,0,0.445,1,0
84.31,5,700.0,0,4,22.8,1,0.401,0,0
20.53,2,1207.4,0,16,19.0,0,0.232,1,0
119.12,5,100.3,0,22,22.13,0,0.039,0,0
103.95,2,37.4,0,23,18.28,0,0.254,1,0
46.57,3,111.0,0,21,67.12,0,0.0,0,0
84.2,3,1536.4,0,20,52.24,1,0.0,0,0
66.8,3,115.6,1,9,50.63,2,0.554,1,1
154.14,0,224.4,0,22,85.48,0,0.599,0,1
174.85,2,822.3,0,10,13.85,0,0.237,0,0
155.4,3,130.8,0,13,6.84,0,0.411,1,0
22.64,7,1164.1,0,0,32.56,0,0.297,0,0
73.39,4,203.0,0,20,27.98,1,0.347,0,0
58.39,5,131.4,0,23,29.83,0,0.312,0,0
56.66,3,1388.5,0,18,66.06,1,0.242,0,0
231.19,5,274.5,0,1,18.97,0,0.545,0,0
373.24,1,84.2,0,8,16.89,1,0.584,1,1
87.47,3,59.5,0,15,39.86,1,0.163,1,0
106.56,4,535.4,0,5,21.27,0,0.0,0,0
32.18,3,131.7,0,0,6.95,1,0.0,1,0
0.26,0,176.8,0,15,23.03,0,0.211,0,0
588.99,1,542.2,1,14,154.84,3,0.478,1,1
40.86,7,315.2,0,3,34.83,0,0.019,0,0
49.74,3,165.0,0,16,6.45,0,0.257,1,0
37.65,1,991.3,0,15,40.44,0,0.021,1,0
25.39,4,939.0,0,19,24.92,0,0.404,1,0
36.12,4,160.1,0,12,17.49,0,0.198,0,0
128.0,4,80.0,0,5,108.3,1,0.801,0,1
68.02,5,381.5,0,22,11.58,1,0.133,1,0
62.06,4,1302.0,1,4,14.69,0,0.287,1,0
110.45,4,413.8,0,13,33.14,1,0.35,1,0
399.92,2,723.7,0,1,20.62,2,0.737,0,1
4.61,2,208.1,0,23,19.31,1,0.22,0,0
10.44,2,512.0,0,23,6.44,0,0.38,0,0
43.57,2,2546.4,0,10,43.66,0,0.305,0,0
45.57,5,1344.6,0,18,31.38,1,0.092,0,0
21.72,4,18.3,0,15,11.88,0,0.089,1,0
413.35,0,34.7,0,12,160.09,1,0.783,0,1
79.17,2,193.5,0,20,47.93,0,0.141,0,0
119.29,1,290.3,0,6,0.95,0,0.328,1,0
227.99,2,1972.2,0,17,1.6,0,0.502,0,0
122.23,3,1315.5,0,3,19.97,0,0.22,0,0
382.69,2,393.6,0,20,181.33,1,0.991,0,1
287.79,4,6.9,1,10,245.8,1,0.534,1,1
44.83,2,252.7,1,16,73.28,1,0.522,0,0
68.7,2,1246.7,0,21,16.06,0,0.663,1,0
67.01,5,55.8,0,12,24.18,0,0.29,1,0
196.55,2,19.1,0,17,5.43,0,0.073,1,0
7.43,4,662.0,0,13,76.35,0,0.633,1,0
83.58,4,42.2,0,17,56.01,0,0.547,1,0
47.07,2,210.1,0,5,20.85,0,0.0,1,0
66.77,3,532.2,0,3,34.43,0,0.114,0,0
88.24,6,130.7,0,6,27.79,1,0.211,0,0
54.13,1,69.2,0,16,244.11,1,0.0,1,1
26.11,7,52.7,0,23,54.44,0,0.037,1,0
99.31,4,2797.3,0,9,85.23,1,0.321,0,0
13.92,1,37.6,1,13,164.97,0,0.684,0,1
59.31,3,221.3,0,14,55.18,1,0.322,1,0
204.14,1,617.9,0,5,56.08,1,0.38,0,0
143.31,6,23.4,0,2,0.39,0,0.311,1,0
119.7,6,1176.6,0,7,46.05,0,0.288,0,0
74.78,2,14.8,0,21,42.3,0,0.0,0,0
86.87,3,412.8,0,16,36.55,0,0.381,1,0
114.38,3,371.1,1,7,3.28,0,0.413,0,0
58.85,5,283.8,0,11,38.96,0,0.148,1,0
100.26,0,391.0,0,6,22.23,0,0.716,0,0
48.35,4,486.3,0,15,11.16,0,0.215,0,0
11.63,3,840.4,0,20,40.32,1,0.384,1,0
47.11,3,950.6,0,4,21.17,1,0.079,1,0
104.56,5,335.7,0,7,20.02,0,0.077,1,0
120.27,3,44.0,1,1,38.29,0,0.043,0,0
96.89,5,337.7,1,1,48.74,0,0.342,0,0
73.31,3,342.4,0,12,50.77,0,0.29,0,0
53.0,4,2549.3,0,17,25.17,1,0.299,0,0
16.75,4,28.6,0,11,5.64,0,0.232,0,0
156.95,0,200.1,0,17,,0,0.0,0,0
2.26,4,264.2,0,8,14.86,0,0.129,0,0
155.11,3,742.2,0,21,34.3,1,0.504,0,0
79.65,1,544.3,0,14,,1,0.004,0,0
46.52,2,188.3,0,23,25.57,0,0.363,0,0
3.46,1,505.4,0,0,5.3,1,0.782,0,0
233.92,2,24.4,0,20,4.09,0,0.164,1,0
26.44,1,658.3,0,9,103.92,1,0.527,0,1
98.52,1,2669.7,0,11,74.05,0,0.308,0,0
113.84,2,133.6,1,23,59.77,2,0.0,0,0
2.4,4,138.3,1,2,22.29,0,0.653,1,0
268.26,2,355.5,1,4,345.75,3,0.963,0,1
207.78,6,100.6,0,17,22.27,1,0.405,0,0
345.06,4,376.0,1,9,45.29,0,0.367,0,1
577.92,1,323.6,0,21,7.14,0,0.5,1,1
92.41,3,18.8,0,18,48.03,0,0.308,0,0
80.84,10,309.6,1,15,29.31,0,0.318,0,0
54.12,3,29.8,0,8,14.8,0,0.383,1,0
0.72,2,2958.9,0,8,53.93,0,0.579,1,0
46.63,1,482.8,0,16,47.07,1,0.758,1,1
99.34,1,1382.3,0,7,9.53,0,0.331,0,0
18.01,3,535.7,0,11,23.18,0,0.172,0,0
162.66,3,648.3,0,3,9.88,0,0.297,1,0
0.08,2,26.6,0,17,33.59,0,0.874,0,0
36.04,4,539.2,0,14,3.97,0,0.184,1,0
68.01,3,905.5,0,4,14.43,1,0.0,0,0
272.41,5,89.9,0,0,129.35,1,0.699,1,1
153.53,7,97.5,0,21,40.98,2,0.409,0,0
153.92,7,255.7,0,12,12.15,1,0.218,0,0
5.25,8,371.9,0,13,38.45,1,0.122,0,0
81.69,4,84.4,0,6,77.25,0,0.308,0,0
175.43,3,1112.3,0,9,57.8,0,0.0,0,0
120.69,3,235.8,0,6,28.31,0,0.512,0,0
38.48,1,1290.9,0,23,94.7,0,0.275,0,0
164.7,7,214.2,0,6,0.88,0,0.0,1,0
85.41,8,257.0,0,15,8.69,0,0.127,0,0
114.71,4,1508.5,0,9,41.44,0,0.307,1,0
115.85,6,209.5,0,16,52.24,0,0.209,0,0
87.93,1,525.6,0,8,2.58,0,0.076,0,0
107.88,3,719.3,0,6,36.09,0,0.326,0,0
59.23,3,614.8,0,17,28.27,0,0.565,0,0
107.51,4,1190.4,0,22,27.68,0,0.277,0,0
3.29,1,2.9,0,17,44.33,0,0.32,1,0
98.24,4,34.5,0,18,25.89,0,0.876,1,0
114.1,4,18.9,0,18,43.23,1,0.154,1,0
30.36,4,21.2,0,14,36.65,0,0.257,1,0
54.52,4,7.0,0,4,31.09,0,0.067,1,0
97.01,3,2078.8,0,16,5.69,1,0.087,1,0
102.67,2,410.8,0,17,29.61,0,0.534,0,0
37.02,5,189.6,0,19,9.76,0,0.358,0,0
97.43,3,2376.1,0,14,63.07,0,0.402,1,0
81.67,5,1369.9,0,5,49.56,0,0.0,1,0
161.25,8,1332.0,0,2,17.16,0,0.594,0,0
26.31,6,1145.2,1,0,74.24,0,0.273,0,0
141.25,4,171.7,0,17,42.11,1,0.308,1,0
268.74,2,542.2,0,10,231.52,1,0.325,1,1
86.18,1,174.1,0,15,288.88,1,0.692,1,1
77.35,4,1009.3,0,5,38.01,0,0.0,0,0
163.27,5,2400.0,0,1,38.5,3,0.28,0,0
84.47,1,2676.7,0,8,,1,0.414,0,0
106.69,3,1561.1,1,7,31.94,1,0.0,0,0
146.32,3,849.7,0,19,2.15,0,0.0,1,0
260.5,4,99.9,1,8,63.52,0,0.244,0,0
30.8,1,48.2,0,2,11.35,0,0.292,1,0
4.81,3,822.0,0,5,52.39,0,0.673,0,0
85.83,3,415.8,0,1,21.31,0,0.0,0,0
145.35,3,459.9,0,11,1.38,0,0.254,0,0
52.56,5,278.4,0,1,12.68,0,0.323,1,0
108.14,6,269.1,0,1,36.07,0,0.504,0,0
170.94,1,1772.8,0,21,5.29,0,0.329,0,0
82.8,2,496.7,1,19,,0,0.206,0,0
79.55,2,2180.7,1,19,70.7,0,0.062,0,0
103.43,1,1885.7,1,22,33.39,0,0.117,0,0
149.68,3,381.1,1,6,9.69,0,0.433,1,0
98.73,4,327.8,0,14,15.82,1,0.411,1,0
129.05,4,104.3,0,22,15.64,0,0.24,0,0
65.25,1,1136.0,0,9,31.84,1,0.0,0,0
47.86,3,959.9,0,18,31.54,0,0.121,0,0
45.11,2,253.4,0,7,4.66,1,0.01,0,0
80.34,6,1013.9,1,9,69.81,0,0.287,0,0
33.12,3,259.7,0,13,13.72,0,0.63,1,0
121.14,1,632.5,0,10,18.52,1,0.522,0,0
47.48,4,1698.4,1,7,3.97,0,0.618,1,0
0.96,1,1443.7,0,15,51.14,0,0.037,0,0
17.67,3,671.8,0,22,13.92,0,0.342,1,0
671.98,2,1057.0,0,10,212.68,1,0.463,1,1
33.42,8,1074.5,0,20,26.24,0,0.314,1,0
136.69,7,255.6,0,12,50.96,0,0.0,1,0
176.27,6,533.8,0,21,10.55,0,0.357,1,0
51.96,4,896.9,0,12,29.96,1,0.247,1,0
108.43,3,321.0,1,7,91.28,3,0.23,1,0
72.18,5,1273.4,0,1,54.4,0,0.438,1,0
53.59,5,648.1,0,23,44.12,1,0.271,0,0
136.4,5,1745.1,0,17,,1,0.586,1,0
61.14,2,175.6,0,10,17.63,0,0.27,0,0
131.3,2,1944.8,0,13,3.11,0,0.145,0,0
110.73,3,1880.1,1,0,11.01,0,0.0,0,0
178.98,6,258.6,0,6,42.1,0,0.49,1,0
143.53,3,166.2,0,4,83.78,0,0.359,0,0
116.1,4,266.4,1,23,5.55,0,0.0,0,0
160.15,3,589.2,0,0,54.07,0,0.265,1,0
78.52,7,1020.9,0,20,,1,0.03,1,0
291.41,2,504.7,0,13,131.23,0,0.999,1,1
12.56,2,1165.2,0,2,16.24,0,0.266,0,0
40.25,6,682.4,0,9,15.65,0,0.287,1,0
49.59,4,440.0,0,17,20.87,0,0.469,0,0
168.21,6,90.4,0,9,15.98,0,0.481,0,0
22.74,5,2.1,0,8,17.17,1,0.0,1,0
49.5,1,416.9,0,14,57.63,0,0.0,0,0
96.01,6,307.4,0,0,39.26,0,0.008,0,0
147.69,1,215.4,0,23,60.94,0,0.109,1,0
64.42,2,56.8,0,13,43.7,1,0.445,1,0
3.02,3,306.4,0,12,72.22,0,0.272,0,0
133.98,7,273.0,0,20,48.6,1,0.534,1,0
96.11,2,348.2,0,16,24.05,0,0.393,0,0
1.15,7,850.6,1,12,22.55,0,0.343,0,0
6.86,6,216.4,0,19,50.9,0,0.125,1,0
127.27,4,331.7,0,3,83.52,0,0.338,0,0
131.81,5,71.3,0,23,149.61,0,0.381,1,1
151.15,3,2.2,0,16,36.16,0,0.369,0,0
107.43,3,644.9,0,15,25.99,0,0.553,1,0
107.99,4,105.2,0,14,12.58,0,0.021,1,0
128.48,2,2488.1,0,13,39.03,0,0.0,0,0
113.54,1,901.7,0,13,9.5,0,0.377,1,0
10.84,3,642.3,0,5,5.84,0,0.0,0,0
3.06,5,372.4,0,21,2.87,0,0.0,0,0
146.55,7,264.3,0,4,12.3,0,0.203,1,0
81.79,8,135.9,0,18,1.33,0,0.304,0,0
0.37,3,1342.2,0,21,13.68,0,0.529,0,0
29.24,3,822.3,0,5,52.95,1,0.155,0,0
82.06,2,293.0,0,23,75.5,0,0.194,0,0
18.46,1,1012.9,0,3,33.06,0,0.012,0,0
113.5,3,378.6,0,11,38.5,1,0.176,1,0
8.9,3,2121.7,0,15,13.96,0,0.029,1,0
69.48,4,504.7,0,21,35.21,0,0.234,0,0
75.0,8,653.1,0,3,14.33,0,0.243,0,0
58.17,5,2166.6,0,18,62.21,0,0.595,0,0
101.87,3,3386.1,0,18,22.82,1,0.414,1,0
244.31,0,581.6,1,6,323.25,0,0.562,1,1
48.17,5,1159.2,0,15,33.5,0,0.358,1,0
31.18,3,35.5,0,14,30.9,0,0.328,1,0
168.0,2,496.3,0,1,49.51,1,0.617,1,1
22.58,2,510.8,0,22,6.0,0,0.133,1,0
110.96,2,1571.8,0,14,53.58,1,0.527,1,0
38.45,1,500.8,0,17,41.66,1,0.135,0,0
143.27,5,178.7,0,8,24.11,0,0.529,0,0
46.98,3,10.5,0,21,2.93,1,0.299,0,0
10.6,4,607.5,0,18,4.44,0,0.076,0,0
25.78,3,15.5,0,15,20.3,1,0.558,0,0
173.68,4,105.6,0,19,44.09,0,0.249,0,0
233.0,5,294.0,1,20,114.56,0,0.452,0,1
55.83,3,1208.8,0,21,16.35,0,0.449,0,0
104.91,5,767.1,0,9,37.74,0,0.409,0,0
128.15,2,610.3,0,15,31.23,0,0.065,0,0
2.11,0,3417.1,0,7,32.69,0,0.237,0,0
63.98,3,200.3,0,16,24.74,0,0.259,1,0
9.68,2,154.4,0,5,4.14,1,0.248,0,0
208.67,2,51.0,0,3,34.46,2,0.462,0,0
149.71,3,179.6,1,7,37.92,0,0.434,1,0
413.2,4,109.6,0,11,274.07,1,0.311,0,1
92.59,2,235.3,0,4,66.61,0,0.0,0,0
11.96,3,117.7,0,0,57.65,0,0.058,1,0
65.51,4,150.1,0,1,40.75,0,0.164,0,0
281.67,6,1630.1,0,14,61.11,0,0.298,1,1
20.04,5,382.3,0,2,14.75,1,0.334,1,0
37.76,2,1638.5,1,19,39.19,0,0.63,1,0
106.38,5,485.2,0,11,59.0,1,0.128,0,0
202.95,4,1412.5,0,4,15.19,0,0.584,1,0
16.72,3,1454.3,0,23,21.49,0,0.0,1,0
64.8,6,96.0,1,21,40.43,1,0.254,1,0
113.87,0,40.4,0,13,20.71,0,0.183,1,0
116.71,3,2135.7,0,21,22.32,0,0.116,0,0
101.14,4,758.9,0,5,49.53,0,0.478,0,0
125.72,5,571.3,1,5,21.32,1,0.044,0,0
117.27,1,437.9,1,18,18.91,1,0.367,0,0
40.77,4,743.4,0,1,52.24,0,0.608,1,0
9.8,8,483.1,0,19,7.12,0,0.199,1,0
117.9,2,32.9,0,11,51.24,0,0.098,1,0
2.71,4,604.8,0,7,7.81,0,0.565,0,0
52.65,4,1318.2,1,15,12.09,0,0.0,1,0
28.02,4,523.0,0,5,60.42,0,0.376,0,0
67.89,4,149.4,0,7,13.76,0,0.295,0,0
63.78,1,790.5,1,23,22.99,0,0.477,1,0
146.18,2,115.9,0,12,133.44,1,0.702,1,1
224.15,1,105.3,1,20,217.23,0,0.609,1,1
117.68,1,934.8,0,2,0.68,1,0.093,0,0
45.82,4,1279.1,0,20,13.16,0,0.468,1,0
153.69,5,36.1,0,7,,0,0.647,0,0
64.99,7,691.3,0,11,19.23,0,0.388,0,0
155.48,6,900.3,0,5,22.51,1,0.458,0,0
54.1,1,1027.3,0,5,31.8,0,0.03,0,0
28.4,2,1370.2,0,12,129.47,0,0.265,0,0
66.64,2,259.6,0,5,48.58,0,0.162,1,0
21.54,3,304.7,1,22,18.3,0,0.259,1,0
58.29,7,1072.3,0,3,29.33,0,0.33,1,0
55.98,5,375.3,0,0,42.1,0,0.328,0,0
72.61,2,178.3,0,3,28.93,0,0.674,0,0
124.79,1,733.0,0,10,23.38,0,0.402,0,0
276.61,1,172.2,0,17,10.45,2,0.749,0,1
16.84,2,411.3,0,2,22.36,0,0.513,1,0
122.61,3,129.9,1,7,20.46,0,0.236,1,0
15.42,2,252.1,0,12,45.0,0,0.022,1,0
77.88,0,86.0,0,22,31.99,0,0.025,1,0
80.72,0,330.9,1,1,35.84,0,0.0,1,0
19.61,3,306.4,0,7,32.11,0,0.203,0,0
38.46,6,239.7,0,22,60.57,1,0.292,0,0
158.92,8,23.0,0,20,24.32,0,0.187,0,0
81.67,7,609.3,0,13,31.49,1,0.004,1,0
75.7,6,441.2,0,15,49.94,1,0.103,1,0
106.55,3,2337.2,0,5,73.28,0,0.51,1,0
28.67,5,774.2,0,19,62.45,0,0.351,0,0
74.26,2,783.1,0,17,3.65,1,0.209,0,0
186.63,5,183.4,0,18,160.05,2,0.88,0,1
38.53,3,160.1,0,6,12.33,0,0.304,1,0
176.97,4,31.8,1,3,79.76,0,0.177,0,0
173.32,6,362.7,0,4,37.7,0,0.181,1,0
84.06,3,811.0,1,14,59.31,0,0.293,1,0
90.33,6,1703.7,0,20,30.78,0,0.236,1,0
178.75,1,558.9,0,23,22.29,1,0.0,0,0
582.21,2,42.6,0,13,,1,0.86,1,1
70.89,1,151.2,0,10,23.37,0,0.364,0,0
63.75,6,312.9,0,20,31.16,0,0.402,1,0
44.07,3,532.8,0,10,4.59,0,0.436,1,0
55.89,4,635.7,0,7,26.22,0,0.699,1,0
29.07,5,1262.9,0,9,45.37,0,0.33,1,0
76.31,7,455.0,0,10,29.17,0,0.0,0,0
162.05,5,593.8,0,11,10.83,0,0.207,1,0
40.9,4,478.6,1,22,4.0,1,0.036,1,0
3.34,5,900.3,0,6,5.78,0,0.508,1,0
49.9,3,235.9,0,18,30.88,0,0.649,1,0
64.39,2,3966.7,0,22,35.25,0,0.34,0,0
94.49,5,342.5,0,0,253.49,4,0.583,1,1
118.9,2,646.4,0,4,25.07,1,0.403,1,0
43.55,5,220.0,0,3,8.37,0,0.41,0,0
19.73,3,499.9,0,12,73.51,0,0.32,1,0
89.05,3,439.6,0,5,27.15,0,0.0,1,0
119.46,6,389.8,1,4,79.69,0,0.0,0,0
128.91,4,89.8,0,17,53.18,0,0.524,1,0
81.16,2,1323.5,1,6,28.33,0,0.256,1,0
99.97,5,2375.3,0,23,36.93,0,0.431,0,0
138.31,3,419.6,0,17,39.46,1,0.019,1,0
102.57,2,128.7,0,23,66.12,1,0.478,1,0
44.07,0,67.1,0,20,23.23,0,0.294,1,0
160.47,5,291.3,1,15,,0,0.31,0,0
122.57,4,18.6,0,9,7.61,1,0.151,0,0
69.45,0,405.6,0,9,4.4,2,0.651,0,0
56.82,9,2437.1,0,22,13.0,0,0.0,1,0
3.73,1,15.2,0,8,11.05,1,0.0,0,0
26.63,5,1042.6,0,4,1.94,0,0.584,0,0
98.23,4,322.1,1,23,3.46,0,0.138,0,0
66.44,1,1106.7,1,14,94.91,0,0.289,1,0
46.66,6,1814.6,0,5,15.71,0,0.12,1,0
97.09,2,401.3,0,16,43.35,0,0.724,1,0
146.12,3,2361.1,0,10,38.28,0,0.002,0,0
111.66,4,482.5,0,18,8.4,0,0.237,0,0
71.87,2,602.5,0,7,19.45,0,0.113,1,0
250.02,1,50.6,0,17,33.02,0,0.27,1,0
209.31,3,1383.5,0,20,55.81,2,0.319,0,0
29.37,5,920.8,1,21,80.27,0,0.304,0,0
16.0,2,298.2,0,7,53.37,0,0.431,0,0
157.09,2,123.3,1,0,27.07,0,0.0,0,0
95.69,4,252.3,0,3,25.84,1,0.16,0,0
40.87,1,68.7,0,21,7.32,0,0.36,0,0
158.63,3,500.3,1,1,174.59,0,0.473,1,1
156.87,3,397.5,0,22,34.19,0,0.465,1,0
104.28,6,99.5,0,19,202.11,2,0.467,1,1
101.46,4,835.7,0,0,75.7,0,0.445,0,0
66.81,1,242.7,0,13,113.25,0,0.235,0,0
66.1,2,448.6,0,15,20.42,0,0.559,1,0
99.68,1,708.8,0,6,66.15,1,0.174,0,0
19.64,2,889.8,0,9,49.53,0,0.204,1,0
18.39,1,70.4,0,1,77.0,0,0.542,1,1
2.22,4,1861.6,0,8,0.66,0,0.541,1,0
32.55,4,5.3,0,18,37.83,0,0.32,0,0
134.9,6,1349.7,0,8,13.43,0,0.415,0,0
117.82,5,186.6,0,23,42.12,0,0.403,0,0
46.45,1,293.5,0,9,35.22,0,0.174,0,0
162.65,4,268.8,0,12,32.83,1,0.326,0,0
200.4,3,13.0,0,11,198.39,1,0.193,1,1
252.62,4,199.8,0,2,117.52,0,0.167,0,0
4.15,5,2257.8,0,17,6.45,0,0.543,1,0
18.08,7,60.2,0,9,45.89,2,0.402,1,0
228.49,3,126.5,0,5,257.26,1,0.466,0,1
105.69,4,1322.8,0,5,4.24,0,0.179,0,0
136.46,5,43.8,0,22,76.56,0,0.362,1,0
24.05,3,109.6,0,5,27.29,0,0.096,0,0
58.57,5,233.8,0,21,14.73,0,0.38,1,0
108.82,1,201.6,0,20,41.77,1,0.451,0,0
100.68,5,68.0,0,19,7.43,0,0.363,1,0
49.57,4,1547.8,0,18,42.72,0,0.291,1,0
139.94,5,540.2,0,20,59.69,0,0.324,0,0
242.59,2,1585.7,0,0,41.67,0,0.184,1,0
78.25,4,441.5,0,5,15.83,1,0.338,0,0
40.11,2,305.9,0,4,41.83,0,0.136,1,0
58.95,1,428.1,0,23,38.46,0,0.265,0,0
160.64,3,182.5,0,18,44.18,0,0.521,0,0
74.33,4,905.9,0,8,35.66,0,0.156,1,0
67.4,1,66.3,0,15,6.6,0,0.361,1,0
75.77,4,1983.8,0,13,51.41,0,0.0,0,0
170.34,3,16.8,0,11,65.81,1,0.345,1,0
28.11,5,365.5,0,9,40.87,0,0.095,0,0
123.87,3,1153.1,1,15,11.24,0,0.163,0,0
56.15,3,538.2,1,1,29.49,0,0.139,1,0
268.88,4,108.6,1,11,73.62,0,0.752,0,1
58.83,3,115.6,0,20,41.61,0,0.453,0,0
98.89,4,214.9,0,4,15.54,0,0.178,1,0
74.41,0,37.5,1,19,128.34,1,0.674,1,1
153.31,7,1181.9,0,17,36.21,0,0.0,0,0
54.1,6,109.1,0,15,40.54,0,0.197,1,0
9.35,5,1099.3,0,9,44.35,0,0.0,0,0
134.45,3,256.3,1,6,22.84,0,0.0,0,0
157.8,3,242.2,0,7,,1,0.407,1,0
54.53,2,188.9,0,13,31.11,0,0.431,1,0
118.53,3,830.2,0,12,72.94,0,0.207,0,0
71.74,4,168.6,0,7,23.38,0,0.39,0,0
8.38,1,2410.4,0,20,34.01,1,0.567,0,0
3.99,0,706.5,0,4,29.97,0,0.247,1,0
108.18,1,233.7,0,14,11.98,0,0.267,1,0
99.55,1,677.2,1,21,71.08,0,0.338,0,0
33.4,1,342.7,0,20,58.78,0,0.752,1,0
118.34,3,1018.3,0,3,48.32,0,0.207,0,0
127.21,6,130.0,0,1,74.57,0,0.46,0,0
181.64,0,2741.7,0,1,39.47,0,0.353,0,0
28.38,3,923.5,0,15,36.23,1,0.147,1,0
4.09,2,656.2,0,10,39.19,0,0.631,0,0
22.62,4,1284.8,0,18,44.56,0,0.0,0,0
99.12,3,132.4,0,17,100.95,1,0.091,0,0
227.12,3,25.5,0,7,39.64,0,0.394,1,0
68.32,3,903.5,0,16,24.89,2,0.302,0,0
87.71,4,889.8,0,3,6.74,0,0.016,0,0
2.13,5,595.8,0,9,36.85,0,0.0,0,0
30.35,4,223.7,0,10,26.56,0,0.045,0,0
135.8,4,201.1,0,1,64.07,1,0.366,0,0
39.2,6,625.6,0,21,2.79,0,0.278,0,0
123.84,3,1187.4,0,5,18.37,0,0.222,0,0
83.21,5,1233.9,0,21,33.19,0,0.288,0,0
68.74,2,251.6,0,16,9.67,0,0.0,1,0
264.68,8,87.2,0,14,180.95,0,0.74,1,1
24.66,5,145.8,1,5,193.56,0,0.832,1,1
43.87,5,511.0,0,11,45.27,0,0.339,1,0
39.41,2,2180.1,0,11,5.25,1,0.467,0,0
331.76,1,402.4,0,22,189.93,1,0.622,1,1
29.84,3,361.1,0,19,5.36,1,0.687,0,0
70.83,1,844.8,0,18,50.58,0,0.332,0,0
138.32,4,2043.3,0,7,2.5,0,0.217,1,0
95.7,2,360.2,0,18,30.28,2,0.693,1,1
103.38,5,256.2,0,2,3.26,0,0.231,0,0
42.25,2,1717.2,0,15,73.43,0,0.066,0,0
84.52,4,292.9,0,14,33.13,0,0.539,0,0
101.67,1,173.7,0,4,11.89,0,0.483,1,0
109.94,1,679.2,0,19,10.87,0,0.054,0,0
108.25,5,75.5,0,11,39.62,0,0.549,0,0
72.12,4,850.5,0,18,58.79,0,0.451,1,0
291.0,2,210.5,0,16,93.72,3,0.607,1,1
145.62,5,425.3,0,7,6.2,1,0.576,0,0
28.96,6,1485.4,0,1,39.8,0,0.51,1,0
74.9,3,70.5,0,3,23.76,0,0.817,1,0
31.84,3,689.0,0,7,35.34,0,0.429,0,0
105.16,4,153.7,0,17,50.18,1,0.214,0,0
37.71,5,457.1,0,11,30.9,0,0.192,1,0
116.33,5,183.1,0,10,111.69,1,0.488,1,0
115.84,4,891.3,0,17,54.83,0,0.0,0,0
159.66,4,115.4,0,22,286.53,3,0.282,1,1
70.34,3,50.9,0,16,3.67,0,0.254,0,0
22.31,2,81.2,0,2,26.31,0,0.261,0,0
76.82,4,421.0,0,22,64.96,0,0.127,0,0
15.96,0,884.8,0,2,45.66,0,0.763,1,0
151.19,5,570.1,0,11,3.59,0,0.0,0,0
108.42,2,177.1,0,10,12.44,0,0.061,0,0
43.97,1,232.5,0,10,20.61,1,0.474,0,0
26.18,4,947.1,0,0,0.77,0,0.294,1,0
125.03,2,451.8,0,11,19.02,0,0.567,0,0
118.93,3,288.0,0,16,13.74,1,0.546,0,0
109.81,8,1391.5,0,11,18.87,0,0.33,0,0
73.85,0,632.3,0,15,72.19,0,0.147,0,0
70.46,3,421.9,0,4,5.09,0,0.544,1,0
201.24,2,101.5,0,10,,0,0.244,1,0
60.03,3,472.8,0,17,3.55,0,0.197,1,0
138.71,3,264.3,1,19,42.64,0,0.044,1,0
156.88,2,2051.3,0,20,28.6,0,0.503,0,0
231.38,5,426.6,1,15,187.98,1,0.529,1,1
40.54,2,2169.9,0,14,57.78,0,0.378,0,0
44.52,1,39.4,0,8,27.6,0,0.267,0,0
69.2,7,104.3,0,6,0.18,1,0.0,1,0
13.09,4,837.3,0,8,20.84,0,0.288,1,0
140.95,2,397.4,0,13,20.39,0,0.316,0,0
539.76,2,40.9,0,15,22.19,2,0.322,0,1
95.47,6,1038.9,0,6,41.95,0,0.534,1,0
60.26,0,2445.1,1,6,32.03,0,0.387,1,0
105.55,4,604.6,0,18,34.0,0,0.497,1,0
73.35,5,687.4,1,6,46.12,1,0.0,1,0
199.28,6,310.6,0,1,56.73,1,0.556,1,0
110.64,5,356.1,0,1,7.66,0,0.397,1,0
64.51,5,436.3,0,1,49.02,0,0.599,1,0
105.57,4,1647.2,0,7,19.89,0,0.264,1,0
1.4,4,1756.3,0,20,44.83,0,0.138,1,0
152.5,0,321.1,0,2,84.53,0,0.066,1,0
92.81,1,1169.5,0,1,16.32,0,0.389,0,0
95.07,4,238.2,0,10,67.29,1,0.585,1,0
15.02,3,1597.3,1,9,30.57,0,0.107,1,0
88.83,4,1732.3,0,13,0.83,1,0.119,0,0
135.47,3,44.4,0,21,27.02,1,0.768,0,0
171.5,2,94.7,0,22,87.03,0,0.276,0,0
167.39,6,1277.0,0,10,9.06,0,0.257,0,0
20.97,5,101.6,0,8,47.32,1,0.122,0,0
146.38,5,967.6,1,14,7.33,2,0.301,1,0
94.62,6,813.8,0,4,19.06,0,0.181,1,0
103.58,1,28.6,0,7,41.03,0,0.389,1,1
55.22,4,1062.7,1,19,36.75,0,0.657,1,0
86.56,2,364.5,0,5,49.97,0,0.254,1,0
185.89,3,1612.2,0,22,12.52,0,0.265,0,0
178.24,4,1494.0,0,14,59.84,1,0.0,0,0
95.01,3,907.6,0,18,3.73,0,0.064,0,0
109.84,5,46.9,0,5,25.55,2,0.623,0,0
95.73,3,2220.9,1,6,31.31,0,0.247,0,0
135.79,3,157.4,0,2,57.68,0,0.014,0,0
82.94,6,506.6,0,0,31.08,0,0.0,0,0
135.61,2,351.7,0,17,34.52,0,0.0,1,0
37.68,5,39.5,0,13,22.98,0,0.444,0,0
50.45,6,854.4,0,8,38.43,0,0.635,1,0
3.6,7,197.4,0,20,27.27,0,0.272,0,0
24.3,3,28.8,0,23,38.31,1,0.158,1,0
65.99,8,164.2,0,18,36.61,0,0.0,1,0
32.63,4,548.6,0,17,21.92,0,0.529,0,0
89.15,3,332.0,0,7,39.21,0,0.12,1,0
146.53,2,25.1,0,5,36.99,0,0.283,0,0
62.98,3,647.9,0,19,31.02,0,0.402,1,0
31.95,1,157.1,0,12,12.53,0,0.705,0,0
5.85,3,269.2,1,15,26.67,1,0.33,1,0
25.62,5,4195.1,0,7,87.97,0,0.301,1,0
19.7,4,2676.1,0,7,79.85,0,0.0,0,0
21.8,5,348.7,0,5,21.94,0,0.238,1,0
105.35,6,769.6,1,21,8.15,0,0.101,1,0
105.49,4,357.0,0,5,9.84,1,0.656,0,0
27.41,4,50.6,0,3,12.55,0,0.354,0,0
48.33,1,479.2,0,23,10.5,1,0.516,0,0
22.03,8,614.0,0,9,52.32,1,0.377,0,0
129.39,9,170.0,0,18,20.76,0,0.433,1,0
121.62,2,1528.6,0,4,74.25,1,0.276,1,0
54.11,2,395.5,0,3,24.87,0,0.271,0,0
40.51,3,327.0,0,17,19.56,0,0.147,0,0
14.32,4,806.8,0,18,8.75,0,0.325,1,0
49.55,4,230.7,0,15,39.05,0,0.004,1,0
31.12,2,170.2,0,11,31.89,0,0.271,1,0
17.6,3,1439.9,0,17,18.72,0,0.041,0,0
22.79,3,169.7,0,23,6.6,2,0.507,1,0
146.72,1,228.3,0,21,27.2,0,0.561,1,0
70.11,2,528.1,0,10,74.86,0,0.218,1,0
154.44,6,170.2,1,23,7.37,0,0.352,0,0
89.66,1,905.3,0,10,18.64,1,0.247,0,0
188.44,0,22.1,1,14,75.16,0,0.361,1,1
105.06,4,366.5,0,21,1.71,0,0.41,0,0
97.73,6,1013.0,0,1,28.0,0,0.334,0,0
40.84,2,399.9,0,7,56.05,0,0.306,0,0
199.26,2,383.1,1,9,22.8,1,0.27,0,0
19.92,0,25.5,0,3,11.73,0,0.122,1,0
17.52,4,142.6,0,7,1.2,0,0.55,0,0
51.9,6,204.0,0,9,59.32,0,0.698,1,0
56.18,2,767.5,0,22,276.28,1,0.55,0,1
49.96,5,582.9,0,11,39.35,0,0.066,1,0
9.93,3,495.0,1,11,15.52,0,0.0,0,0
34.76,7,103.0,0,16,32.96,0,0.13,0,0
163.21,2,228.7,0,14,43.0,0,0.0,0,0
97.33,2,148.1,0,20,41.05,2,0.522,0,0
18.99,2,635.8,1,2,5.28,0,0.354,0,0
83.02,6,2.8,0,18,5.39,0,0.891,1,0
71.2,5,274.7,0,21,128.73,0,0.022,1,0
85.51,4,449.0,0,8,33.37,0,0.046,0,0
153.59,4,268.8,0,13,49.1,0,0.174,0,0
137.8,7,447.6,0,7,74.89,0,0.289,0,0
180.86,2,28.2,0,3,54.5,0,0.246,1,0
50.93,3,511.8,0,14,13.03,0,0.348,1,0
115.01,9,347.2,1,5,22.63,1,0.667,0,0
7.09,4,856.4,0,2,2.12,0,0.292,0,0
92.13,4,527.8,0,19,,0,0.245,1,0
39.29,4,639.6,0,3,22.88,0,0.536,1,0
132.96,4,744.5,0,6,6.65,0,0.196,0,0
185.24,4,1152.6,0,15,34.85,1,0.448,1,0
32.5,5,73.4,0,20,58.0,2,0.11,1,0
45.62,3,52.7,0,0,5.18,0,0.53,1,0
144.18,3,225.4,0,3,10.7,0,0.261,1,0
33.23,0,415.2,0,5,25.11,0,0.272,0,0
74.77,4,769.9,0,10,58.23,0,0.653,0,0
95.89,4,249.3,0,8,20.36,0,0.0,1,0
143.01,5,1243.4,0,13,81.14,0,0.277,1,0
282.7,3,252.6,1,3,381.44,3,0.342,1,1
186.73,3,276.9,0,0,1.21,0,0.601,0,0
175.69,4,1269.9,0,0,25.58,2,0.398,1,0
20.46,5,132.4,1,11,14.11,0,0.306,0,0
155.16,1,195.6,0,9,6.68,0,0.394,0,0
117.64,5,441.8,0,22,34.12,0,0.424,1,0
48.01,3,487.0,0,12,0.55,0,0.259,0,0
241.34,2,41.7,1,18,120.59,1,0.701,0,1
8.49,4,138.7,0,22,78.52,0,0.074,1,0
85.18,2,317.1,0,1,36.24,1,0.996,1,0
65.74,3,194.3,1,0,3.14,0,0.253,1,0
72.8,4,213.6,0,15,51.12,0,0.37,0,0
20.54,2,373.3,0,21,38.12,0,0.092,0,0
13.46,5,267.1,0,20,4.09,0,0.175,1,0
148.65,2,790.7,0,10,54.21,0,0.291,0,0
59.68,7,240.3,0,20,19.13,0,0.263,0,0
7.99,3,417.3,0,21,71.97,1,0.411,1,0
63.8,4,1065.4,0,11,45.58,0,0.313,0,0
23.51,0,921.2,0,6,14.48,0,0.308,0,0
214.24,4,509.3,0,18,86.27,0,0.695,1,0
111.92,6,546.7,0,1,26.9,0,0.04,1,0
21.67,5,257.0,0,16,16.34,0,0.0,0,0
68.55,1,5045.8,0,22,81.09,0,0.545,0,0
180.99,3,989.6,0,13,10.96,1,0.695,1,0
1.48,6,1510.1,0,10,9.53,0,0.467,0,0
142.61,0,21.3,0,11,56.92,1,0.247,0,0
56.19,5,1050.0,0,18,12.5,0,0.168,1,0
40.74,4,480.6,0,19,47.92,0,0.555,0,0
100.45,1,168.2,0,18,28.11,1,0.596,0,0
21.99,3,352.5,1,16,4.43,0,0.122,0,0
23.53,6,224.7,0,12,24.39,0,0.299,0,0
84.72,4,321.2,0,12,69.46,0,0.497,1,0
8.21,8,1151.1,0,7,1.2,0,0.0,0,0
133.99,3,629.2,0,0,1.11,0,0.035,0,0
76.36,0,1867.3,0,16,37.82,0,0.426,0,0
219.9,1,177.4,0,2,254.22,2,0.519,1,1
43.92,3,1433.1,0,6,50.51,0,0.384,0,0
126.61,2,42.7,1,5,106.06,0,0.0,0,0
63.05,5,629.1,0,12,47.13,3,0.411,1,0
6.44,3,1823.4,0,6,33.84,0,0.582,1,0
34.46,2,226.2,0,15,76.92,0,0.464,1,0
119.3,4,509.4,0,5,65.43,0,0.581,1,0
58.03,3,419.0,0,17,25.58,0,0.406,0,0
74.24,0,83.1,1,10,14.05,0,0.649,1,0
44.75,3,632.9,0,3,6.88,1,0.642,0,0
73.6,2,90.4,0,7,5.86,0,0.031,1,0
72.38,2,708.5,0,1,31.4,0,0.247,0,0
85.93,4,339.5,0,14,36.76,0,0.406,0,0
71.94,4,680.3,0,17,14.05,1,0.035,0,0
155.85,2,1487.2,0,11,,0,0.485,1,0
96.36,3,1941.8,0,15,20.55,1,0.397,0,0
101.31,0,740.4,0,20,30.4,0,0.307,1,0
81.59,4,1014.6,0,6,18.96,0,0.108,1,0
85.25,2,725.5,1,17,23.68,0,0.001,1,0
170.33,5,16.5,0,13,25.4,0,0.427,0,0
152.65,2,1032.9,0,10,49.33,3,0.269,0,0
93.18,4,125.3,0,3,3.47,0,0.32,1,0
42.57,5,1817.2,0,4,32.43,0,0.16,0,0
105.73,2,224.8,0,22,15.69,0,0.217,1,0
68.13,1,329.8,0,12,75.15,1,0.782,1,1
29.7,3,822.1,0,1,59.91,0,0.423,1,0
14.53,1,61.8,0,22,1.58,0,0.177,0,0
98.36,1,91.7,0,13,19.39,0,0.596,0,0
226.29,1,98.9,0,10,71.46,2,0.402,0,1
19.27,2,331.3,0,17,5.96,1,0.399,1,0
74.49,4,115.4,0,6,50.04,0,0.024,0,0
53.21,9,245.4,1,20,74.96,1,0.546,0,0
90.91,3,688.8,0,6,26.82,0,0.0,0,0
138.19,4,858.4,1,20,12.54,1,0.236,1,0
99.44,2,875.9,0,0,2.79,0,0.38,0,0
29.41,3,275.1,0,23,31.02,0,0.35,0,0
202.14,2,622.7,1,19,25.69,0,0.293,1,0
646.7,2,141.0,0,5,245.95,0,0.578,1,1
150.31,10,1114.2,0,9,13.04,0,0.035,1,0
21.37,2,294.6,0,2,44.16,2,0.215,1,0
76.79,5,270.8,0,22,0.87,1,0.235,1,0
50.08,7,538.1,0,12,30.66,0,0.449,0,0
24.54,4,2508.8,0,12,19.72,0,0.055,1,0
83.79,1,440.8,0,0,33.83,0,0.188,0,0
132.65,4,1120.2,0,10,32.7,0,0.422,1,0
48.26,0,888.3,0,22,2.65,0,0.12,1,0
48.35,1,1512.2,0,11,70.7,0,0.114,1,0
68.33,5,941.7,1,12,5.23,0,0.626,1,0
44.21,7,117.3,0,6,4.48,0,0.0,0,0
101.55,4,1360.8,0,23,6.38,0,0.563,0,0
378.53,4,707.7,0,20,131.83,1,0.638,1,1
34.5,1,317.1,1,15,22.67,0,0.51,0,0
16.13,4,376.6,0,15,26.48,0,0.65,0,0
186.62,4,296.3,0,19,54.94,0,0.254,1,0
169.49,5,93.2,0,6,12.72,0,0.515,0,0
16.64,4,5.1,0,1,15.66,0,0.612,1,0
12.67,5,938.0,0,9,43.97,0,0.485,0,0
1.09,4,317.0,0,17,19.42,2,0.104,0,0
128.73,0,266.7,0,23,14.08,1,0.19,1,0
93.5,4,21.4,0,4,5.23,0,0.15,0,0
31.46,4,916.3,0,8,3.7,0,0.0,0,0
60.06,4,1869.6,0,15,30.67,0,0.262,0,0
185.02,0,3.5,0,17,247.48,1,0.616,0,1
90.06,3,1253.1,0,13,59.58,0,0.708,0,0
87.74,3,548.2,0,6,37.77,0,0.446,0,0
94.22,5,66.2,0,10,81.51,0,0.21,0,0
28.25,4,3642.0,0,21,56.6,0,0.387,0,0
106.71,6,40.1,1,20,9.29,1,0.719,0,0
5.77,5,672.6,0,21,39.2,0,0.557,0,0
52.17,4,246.9,0,10,15.41,0,0.303,0,0
139.7,4,203.3,0,15,34.87,0,0.053,0,0
99.24,4,1269.4,0,21,44.79,0,0.37,0,0
106.04,5,269.8,1,3,26.01,0,0.17,0,0
88.0,5,2252.0,0,15,94.59,0,0.198,0,0
128.8,2,1035.4,0,17,39.24,0,0.168,1,0
141.35,4,2350.9,0,18,34.52,0,0.0,1,0
50.63,6,461.3,0,5,88.17,1,0.386,0,0
89.68,3,135.5,0,7,34.25,0,0.514,0,0
61.32,3,179.0,0,8,4.97,0,0.657,0,0
81.27,2,3206.2,0,10,14.65,0,0.034,0,0
3.83,9,1579.1,1,14,0.38,0,0.609,1,0
84.04,5,388.5,0,18,31.72,0,0.341,0,0
21.7,3,113.9,1,8,36.83,0,0.541,0,0
82.78,5,822.5,0,13,26.71,0,0.0,0,0
276.73,3,155.8,0,20,308.02,2,0.613,1,1
143.37,5,360.6,0,13,38.38,1,0.534,1,0
29.65,2,703.9,0,0,15.41,0,0.324,0,0
34.48,1,543.8,0,1,38.76,0,0.711,1,0
22.44,1,244.7,0,23,74.78,1,0.132,0,0
157.77,3,552.0,0,18,67.44,0,0.44,0,0
118.19,3,778.7,0,10,78.63,0,0.0,0,0
173.44,3,28.1,0,2,,0,0.42,0,0
197.12,3,1887.1,0,3,26.7,0,0.542,1,0
128.12,3,1202.6,0,1,2.0,0,0.595,0,0
34.54,5,363.8,0,15,6.24,0,0.292,1,0
183.65,3,1704.2,0,20,21.77,0,0.636,0,0
68.11,2,866.5,0,2,11.53,0,0.245,0,0
48.38,0,1200.2,0,21,52.66,0,0.292,0,0
194.9,4,806.8,0,1,40.03,0,0.118,1,0
50.99,2,423.2,0,18,35.2,1,0.813,0,0
165.56,4,403.3,0,16,21.34,0,0.0,1,0
124.37,7,833.1,0,0,67.33,0,0.385,0,0
57.15,3,93.2,0,6,27.12,0,0.316,1,0
80.43,2,114.8,0,21,73.49,0,0.216,0,0
359.48,3,29.7,0,8,180.2,3,0.424,0,1
148.52,3,815.7,0,3,18.57,0,0.072,0,0
108.6,5,1258.9,0,23,35.88,0,0.471,0,0
175.07,4,1347.1,0,11,107.31,1,0.366,1,1
105.33,0,96.8,0,5,26.92,1,0.663,0,1
16.42,0,488.4,0,14,84.25,0,0.138,0,0
1.85,7,428.9,0,15,11.91,0,0.65,1,0
308.79,1,237.1,0,3,73.93,3,0.54,0,1
12.57,5,364.0,0,18,3.2,1,0.055,1,0
12.05,2,239.5,0,2,30.84,0,0.626,0,0
57.61,4,696.9,0,14,2.8,0,0.0,0,0
161.46,2,319.6,1,17,42.39,1,1.0,1,1
201.85,3,147.2,1,4,6.35,1,0.702,1,1
59.19,5,256.6,0,12,28.81,1,0.452,0,0
57.14,1,75.9,0,18,58.51,0,0.352,1,0
71.54,3,746.0,0,21,19.49,0,0.182,0,0
60.09,6,877.1,0,10,13.71,0,0.417,1,0
35.94,4,610.3,0,20,18.99,0,0.377,1,0
67.89,5,33.9,0,5,39.55,0,0.098,0,0
115.04,3,64.2,0,23,46.44,0,0.328,0,0
86.81,2,315.1,0,12,46.02,0,0.013,0,0
171.2,3,291.0,0,9,18.0,0,0.364,1,0
97.0,5,106.5,0,11,31.19,0,0.128,0,0
2.94,2,70.6,0,14,21.67,0,0.183,1,0
124.92,2,1064.6,0,1,36.6,0,0.33,0,0
36.33,4,422.8,0,22,18.76,0,0.333,0,0
87.08,2,473.3,0,3,45.11,0,0.319,1,0
148.69,3,176.1,0,17,46.3,1,0.427,0,0
34.77,1,876.4,0,18,9.95,0,0.208,0,0
89.62,3,2437.1,0,14,8.84,0,0.465,0,0
99.65,1,530.3,0,8,14.23,0,0.607,0,0
127.41,1,1160.0,0,14,33.32,0,0.557,1,0
36.61,4,66.3,0,10,9.6,1,0.435,1,0
24.23,5,1346.7,0,14,29.4,0,0.194,0,0
194.8,3,166.7,0,11,166.68,2,0.612,1,1
18.01,9,726.4,0,7,53.14,1,0.144,1,0
83.14,3,415.6,0,21,74.43,0,0.209,0,0
38.06,4,230.5,0,22,1.8,0,0.374,0,0
99.45,3,389.2,0,5,79.31,0,0.061,0,0
67.67,8,145.8,0,23,108.67,0,0.051,1,0
213.67,2,296.4,0,10,21.74,0,0.605,0,0
148.57,2,345.7,0,8,37.37,0,0.151,1,0
42.19,3,420.3,0,15,22.34,0,0.075,0,0
106.59,4,48.2,1,8,35.66,0,0.062,1,0
24.01,2,331.6,0,21,12.69,0,0.297,0,0
29.62,5,2186.8,0,3,79.17,0,0.0,1,0
29.08,3,159.0,0,23,17.43,1,0.0,0,0
55.22,3,420.8,0,8,51.71,1,0.215,0,0
49.31,2,778.4,1,9,2.47,0,0.663,0,0
70.79,2,446.4,0,5,5.57,1,0.289,0,0
105.84,0,758.2,0,21,2.04,0,0.259,0,0
381.39,2,12.7,1,23,79.3,0,0.619,1,1
2.69,2,421.2,0,5,18.02,0,0.765,1,1
58.71,2,731.3,0,19,4.28,0,0.213,1,0
89.0,2,55.3,0,11,18.3,0,0.402,0,0
114.46,9,213.4,0,21,40.95,1,0.132,0,0
109.47,1,2095.4,0,17,60.1,0,0.515,0,0
109.65,2,1351.5,0,7,3.67,0,0.202,1,0
11.91,3,261.4,0,4,17.53,1,0.125,0,0
3.25,4,2260.3,0,4,21.92,0,0.286,0,0
110.8,2,70.5,1,18,280.8,0,0.102,0,1
119.11,4,217.7,0,18,35.43,1,0.358,1,0
131.49,1,2803.5,0,4,22.75,2,0.0,0,0
60.75,2,1779.6,0,18,56.61,0,0.0,1,0
62.62,1,618.4,0,1,31.59,0,0.347,1,0
12.39,3,4645.5,0,20,12.79,0,0.0,0,0
28.53,3,334.2,0,8,47.39,1,0.174,1,0
36.31,3,203.0,0,19,44.92,0,0.666,1,0
94.4,2,477.6,0,21,36.66,0,0.156,0,0
176.83,5,331.3,0,20,77.92,0,0.0,0,0
69.81,4,257.4,0,7,10.82,1,0.144,0,0
135.72,3,4.7,0,20,0.09,0,0.632,1,0
2.11,2,1673.3,0,10,49.19,0,0.259,0,0
6.44,3,892.7,0,15,35.21,1,0.485,0,0
56.66,2,118.7,0,17,56.64,0,0.203,1,0
127.01,2,1400.0,0,12,30.37,0,0.523,0,0
100.05,5,1457.1,0,13,54.11,0,0.59,1,0
5.34,6,328.6,0,22,51.02,1,0.18,1,0
85.12,2,45.9,0,0,6.98,0,0.307,0,0
167.57,5,683.3,0,17,85.59,0,0.134,0,0
154.22,1,180.7,1,7,58.94,0,0.409,1,1
54.71,4,513.6,0,1,55.88,0,0.823,0,0
70.68,2,431.9,0,18,22.11,0,0.077,0,0
24.58,2,841.6,0,6,22.14,0,0.079,1,0
301.55,2,112.2,1,11,131.52,0,0.333,0,1
76.31,2,134.8,0,10,13.93,0,0.168,0,0
36.71,4,1202.0,0,15,31.7,0,0.557,0,0
101.2,0,525.9,0,10,66.19,0,0.652,0,0
181.67,4,3110.4,1,21,41.5,0,0.325,1,0
45.77,3,244.8,0,20,33.32,1,0.418,0,0
150.15,2,696.0,0,0,25.36,0,0.0,0,0
10.57,2,451.2,1,4,27.88,0,0.408,1,0
81.32,4,131.0,0,15,10.33,0,0.0,1,0
128.86,4,240.7,1,3,4.49,0,0.172,0,0
121.55,1,276.0,1,17,72.61,1,0.087,1,0
77.74,5,2699.7,0,3,64.81,0,0.318,0,0
159.39,0,176.9,0,13,26.84,0,0.446,0,0
103.15,1,79.3,0,5,6.43,0,0.706,0,0
131.36,0,94.6,0,2,96.18,1,0.506,1,1
120.8,2,358.6,0,6,43.46,0,0.132,0,0
37.43,8,1117.8,0,6,45.14,0,0.137,0,0
64.32,9,917.9,0,13,38.1,1,0.789,1,0
200.48,4,974.4,0,1,33.53,0,0.554,1,0
60.55,2,3.6,0,5,27.32,1,0.341,1,0
22.85,4,869.9,0,11,,0,0.791,0,0
52.53,0,456.0,1,12,51.82,0,0.695,1,0
148.25,5,787.8,0,0,2.96,1,0.301,1,0
143.68,4,3047.7,0,12,1.26,0,0.0,1,0
21.12,2,904.5,0,1,33.71,0,0.635,0,0
5.22,3,123.6,0,0,33.88,0,0.266,1,0
95.34,0,0.9,0,15,21.38,0,0.179,0,0
90.19,4,227.1,0,5,27.04,0,0.279,0,0
84.33,5,200.0,0,9,4.66,0,0.191,0,0
69.03,5,3192.3,1,12,24.39,0,0.346,1,0
47.24,2,704.6,0,16,19.32,0,0.183,0,0
9.68,3,1463.8,1,20,33.84,1,0.0,0,0
177.73,2,892.8,1,8,31.7,1,0.0,0,0
48.86,8,92.1,0,17,21.37,1,0.543,0,0
60.93,2,2902.1,0,8,40.79,1,0.112,1,0
78.39,3,797.9,0,2,99.29,0,0.26,1,0
87.57,3,158.5,0,19,62.66,0,0.434,1,0
36.96,2,1280.7,0,13,23.7,0,0.675,1,0
17.86,3,51.8,0,1,2.08,1,0.505,0,0
44.62,1,24.7,0,21,13.28,1,0.326,0,0
141.07,2,129.4,0,8,26.33,1,0.048,0,0
198.27,1,718.3,1,4,72.84,0,0.347,0,0
122.15,4,957.5,0,22,22.09,1,0.082,1,0
148.43,5,786.6,0,2,10.99,1,0.459,0,0
94.81,4,74.7,1,0,81.14,0,0.458,1,1
91.54,2,137.4,0,9,20.15,0,0.511,1,0
113.41,0,3.2,0,19,24.76,0,0.427,1,1
88.07,6,1225.2,0,0,71.9,0,0.241,0,0
7.82,6,241.9,0,8,76.73,0,0.381,0,0
21.27,4,123.9,0,16,47.49,0,0.448,0,0
6.12,4,216.4,0,5,34.47,0,0.023,0,0
129.03,1,229.4,0,0,1.04,0,0.0,0,0
100.98,9,446.9,0,13,30.88,0,0.744,0,0
133.53,6,294.1,0,4,26.99,0,0.275,0,0
87.5,3,1818.2,1,10,39.63,1,0.08,1,0
122.16,1,393.6,1,3,36.57,0,0.204,1,0
329.25,2,14.0,0,4,94.12,1,0.313,1,1
4.02,3,570.7,1,17,16.52,0,0.612,0,1
57.12,7,453.6,0,4,14.33,0,0.213,0,0
75.06,1,449.4,0,20,40.33,1,0.403,0,0
157.54,5,311.4,0,16,10.81,0,0.338,1,0
133.57,1,203.7,0,9,24.39,0,0.289,0,0
56.72,1,561.5,1,8,4.69,0,0.455,0,0
67.86,0,222.1,0,11,32.16,0,0.26,1,0
93.29,2,913.5,0,18,20.33,0,0.256,0,0
164.63,4,242.4,0,9,24.6,1,0.596,0,0
89.14,5,1499.0,0,18,53.53,0,0.687,0,0
22.64,3,1267.1,0,7,22.61,0,0.339,1,0
31.06,4,1492.1,1,19,41.14,0,0.305,0,0
3.85,5,856.6,0,7,43.63,0,0.175,0,0
214.88,4,647.9,0,12,4.21,0,0.0,0,0
9.34,5,306.0,0,2,44.29,0,0.119,0,0
27.72,4,696.9,0,17,1.68,0,0.201,0,0
72.85,4,156.8,0,3,1.9,0,0.044,1,0
197.3,3,981.3,0,5,75.42,0,0.112,0,0
55.68,3,274.9,1,14,206.11,2,0.191,0,1
53.5,3,609.6,0,12,53.59,0,0.322,1,0
41.83,2,1867.9,0,20,37.64,2,0.476,1,0
97.2,4,2321.3,0,10,42.52,1,0.512,1,0
0.32,0,96.2,0,20,14.62,0,0.37,0,0
50.74,1,277.6,0,1,53.45,0,0.0,1,0
50.56,2,141.8,0,16,13.35,0,0.579,0,0
136.13,3,65.4,1,9,13.0,1,0.444,1,0
106.62,5,444.7,0,6,38.46,0,0.745,1,0
38.62,2,2708.8,1,8,11.73,0,0.22,1,0
30.18,4,614.6,0,4,57.06,2,0.28,1,0
40.33,3,951.1,0,12,45.21,0,0.601,0,0
51.45,2,432.0,0,3,,0,0.083,1,0
83.96,0,38.6,0,10,36.65,0,0.502,0,0
86.12,2,101.3,0,13,14.63,1,0.201,1,0
92.9,4,52.3,0,0,39.44,0,0.115,0,0
77.25,7,0.8,0,20,35.03,0,0.347,0,0
151.9,7,556.8,0,1,22.12,0,0.192,0,0
66.25,3,1424.0,0,9,29.03,0,0.375,0,0
69.02,5,452.9,1,10,68.45,1,0.434,1,0
33.11,3,247.3,0,19,27.69,0,0.116,1,0
29.64,3,339.3,0,2,22.17,0,0.281,1,0
98.47,6,916.0,0,22,26.46,0,0.497,1,0
51.65,2,570.0,0,6,170.78,0,0.589,1,1
90.6,5,279.5,0,19,54.51,1,0.242,1,0
77.53,6,1203.8,0,14,4.8,1,0.0,1,0
420.34,2,119.0,0,14,103.49,1,0.612,0,1
30.65,4,260.1,0,11,46.38,0,0.0,1,0
97.16,5,865.2,0,7,104.27,0,0.0,0,0
22.27,3,367.5,0,12,34.96,0,0.174,1,0
125.06,1,279.0,0,18,9.3,0,0.325,0,0
102.3,3,1070.3,0,0,46.26,0,0.271,0,0
49.47,2,1542.0,0,20,85.19,0,0.328,1,0
77.87,1,557.3,0,14,37.72,1,0.212,0,0
205.78,4,743.7,0,0,9.96,0,0.257,1,0
94.4,5,1164.7,0,21,13.01,0,0.444,0,0
78.19,5,220.6,0,12,60.53,0,0.52,0,0
106.16,7,747.8,0,7,13.9,0,0.663,0,0
70.72,3,163.8,0,6,23.85,0,0.1,0,0
77.31,4,744.8,1,9,22.98,0,0.32,1,0
175.73,3,2798.6,0,15,,0,0.028,0,0
81.79,3,1418.2,1,14,68.82,0,0.845,0,0
104.03,8,736.4,0,15,41.56,1,0.482,0,0
112.13,2,494.2,0,4,19.28,1,0.425,0,0
75.95,2,172.0,0,21,31.14,0,0.51,0,0
155.51,5,495.3,0,22,57.91,0,0.504,1,0
32.71,6,137.6,0,7,24.28,0,0.26,0,0
84.11,8,290.8,1,19,9.19,0,0.0,0,0
68.76,5,596.3,0,3,13.52,0,0.183,0,0
124.47,7,906.8,0,10,44.58,0,0.05,0,0
41.57,5,700.8,0,19,82.72,0,0.113,1,0
21.8,4,246.7,0,11,73.31,0,0.092,0,0
147.72,0,951.4,0,12,14.44,1,0.147,0,0
29.15,2,304.9,0,23,13.17,2,0.282,1,0
88.27,4,585.7,0,23,1.1,0,0.625,0,0
143.03,3,34.2,0,3,49.13,0,0.296,1,0
12.98,4,2453.4,0,8,15.09,0,0.163,1,0
14.78,2,419.0,0,19,60.73,0,0.604,1,0
95.84,9,50.9,1,9,44.41,0,0.578,1,0
87.65,2,6.6,0,21,31.59,0,0.168,0,0
24.65,2,287.9,0,14,68.62,0,0.133,1,0
21.58,4,599.2,0,10,14.76,0,0.251,1,0
57.35,2,130.5,0,4,88.93,0,0.133,0,0
75.87,4,655.8,0,18,63.57,0,0.351,1,0
150.01,7,19.7,0,12,59.03,1,0.799,0,0
6.85,3,2179.4,1,23,16.52,1,0.0,0,0
70.01,1,709.8,0,19,48.95,0,0.0,0,0
159.59,4,1541.5,0,20,35.12,2,0.413,1,0
75.59,4,381.6,0,11,39.19,0,0.366,1,0
5.22,4,762.8,0,15,44.11,1,0.091,0,0
152.55,5,505.8,0,8,9.47,1,0.443,1,0
148.05,3,734.5,0,0,0.21,0,0.291,1,0
96.82,7,1051.6,0,22,9.73,0,0.706,1,0
88.79,1,274.8,0,15,100.72,1,0.313,1,1
95.55,3,405.3,0,23,26.95,0,0.508,1,0
105.37,1,333.0,0,18,17.91,0,0.358,0,0
14.01,5,492.9,0,13,25.99,1,0.392,0,0
33.62,1,1571.5,0,18,44.29,0,0.345,1,0
135.88,1,399.3,0,5,14.28,0,0.2,0,0
137.21,5,718.3,0,20,81.94,0,0.309,0,0
208.58,1,480.6,0,4,0.5,0,0.073,0,1
2.97,2,304.7,0,12,2.31,0,0.0,0,0
81.54,1,983.5,0,10,40.64,0,0.415,1,0
91.19,1,1296.4,0,23,6.89,0,0.128,1,0
69.45,3,824.3,0,2,12.26,1,0.271,1,0
33.51,1,88.3,1,20,41.17,0,0.22,1,0
93.96,2,184.6,0,14,166.74,1,0.889,0,1
107.98,6,1497.2,0,5,9.59,2,0.271,0,0
46.02,4,2226.5,0,18,27.32,1,0.0,0,0
69.67,1,147.7,1,22,99.62,1,0.242,1,0
113.97,9,406.8,0,4,40.79,0,0.0,0,0
4.38,4,729.8,0,17,42.28,0,0.08,0,0
87.97,4,49.5,0,8,50.11,0,0.412,1,0
90.6,2,483.3,0,11,19.63,0,0.001,0,0
18.78,3,676.1,1,4,12.23,0,0.097,0,0
212.6,1,70.1,1,12,188.19,2,0.219,1,1
54.62,2,990.7,0,6,16.83,1,0.327,1,0
137.24,5,1627.2,0,19,45.2,0,0.123,1,0
6.72,0,118.4,0,22,83.32,1,0.218,1,1
47.99,4,546.2,0,22,2.28,0,0.524,1,0
78.26,1,218.3,0,5,29.92,0,0.457,0,0
39.87,2,349.8,0,10,44.58,0,0.0,1,0
66.44,1,511.9,0,5,68.04,0,0.128,1,0
43.43,4,2742.1,0,18,38.65,1,0.257,1,0
158.98,0,104.0,0,16,158.93,0,0.407,0,1
187.09,1,3400.9,0,6,27.38,0,0.209,0,0
47.43,3,1083.2,0,13,44.61,1,0.212,0,0
74.42,4,540.2,1,12,92.56,1,0.502,1,0
136.32,4,32.2,0,20,27.6,0,0.168,1,0
146.92,5,836.1,0,1,27.24,0,0.34,0,0
1.71,4,622.9,0,11,44.09,0,0.094,0,0
55.07,2,1171.8,1,5,21.11,1,0.31,0,0
98.96,3,917.2,0,4,39.32,0,0.289,1,0
160.99,6,1294.7,0,1,2.93,0,0.261,1,0
99.26,4,581.9,0,7,3.35,0,0.302,0,0
9.93,4,142.2,0,10,25.77,0,0.0,0,0
2.24,2,806.4,0,4,19.11,0,0.244,0,0
121.16,3,1707.1,0,21,18.77,0,0.216,1,0
40.65,3,1355.9,0,8,8.18,0,0.367,0,0
48.26,2,799.3,0,8,51.43,0,0.169,0,0
126.13,1,209.9,1,13,6.25,0,0.381,0,0
143.26,3,926.5,0,16,17.49,0,0.084,0,0
49.08,1,258.6,1,12,18.54,1,0.804,0,1
164.4,4,832.5,0,6,21.42,2,0.856,1,0
45.18,3,1420.8,0,13,1.17,0,0.0,0,0
163.13,6,550.3,0,1,17.63,0,0.034,1,0
1.11,2,1093.4,0,16,3.89,0,0.0,1,0
58.77,3,496.9,0,8,10.61,0,0.627,0,0
42.57,3,2123.5,0,10,34.75,0,0.0,1,0
87.63,3,1253.4,0,12,3.49,0,0.388,0,0
25.9,0,263.0,0,18,51.74,0,0.451,1,0
88.28,4,892.4,0,22,43.22,1,0.67,0,0
48.74,3,1916.2,0,2,20.59,0,0.279,1,0
479.02,0,191.6,0,10,147.77,0,0.72,1,1
136.09,2,1681.7,1,23,55.73,0,0.515,0,0
101.57,6,275.9,0,2,25.23,0,0.788,0,0
141.52,4,594.6,0,16,40.44,1,0.318,1,0
149.74,1,159.0,0,13,35.98,1,0.241,1,0
5.0,4,50.8,1,10,60.26,0,0.447,0,1
3.02,5,953.4,0,6,14.32,0,0.488,1,0
83.36,10,462.5,0,11,9.57,1,0.196,0,0
77.13,1,1548.8,0,17,18.84,0,0.208,0,0
105.59,4,469.7,0,9,30.01,0,0.0,0,0
341.3,5,70.4,1,19,160.56,1,0.562,1,1
97.16,3,1723.3,1,11,20.66,0,0.133,1,0
95.32,2,335.5,0,15,19.67,0,0.346,0,0
13.63,8,654.5,0,19,35.24,1,0.422,0,0
43.65,5,901.9,0,11,35.95,0,0.824,1,0
48.2,1,3226.5,0,20,30.74,0,0.497,0,0
121.92,3,543.0,0,6,58.73,1,0.586,0,0
162.67,3,868.6,0,9,8.06,1,0.277,1,0
100.16,3,145.8,0,17,125.94,1,0.655,1,1
115.25,2,458.7,0,14,1.57,1,0.347,0,0
88.87,1,103.5,0,10,93.83,0,0.473,1,1
33.9,3,522.7,0,20,26.54,0,0.094,1,0
105.1,4,60.9,0,21,23.46,1,0.835,0,1
87.52,5,1414.7,1,5,8.69,0,0.248,0,0
514.52,1,327.5,0,6,12.88,1,0.467,1,1
44.64,7,244.6,1,8,72.05,0,0.518,0,0
9.61,6,227.7,1,16,3.77,0,0.0,0,0
106.21,5,57.8,0,9,26.04,0,0.181,0,0
424.51,1,266.0,0,15,315.8,3,1.0,1,1
63.75,5,1660.5,0,11,81.44,0,0.404,1,0
63.59,3,1123.5,0,21,83.72,0,0.598,0,0
1.09,5,1568.9,0,23,28.93,0,0.184,1,0
32.44,3,1621.5,0,12,37.46,0,0.064,0,0
121.21,3,139.3,0,9,0.39,2,0.57,0,1
195.04,4,7.3,0,5,11.69,0,0.0,1,0
21.3,4,650.5,1,9,3.06,0,0.414,1,0
150.3,4,1091.8,0,12,15.02,0,0.387,1,0
70.85,3,99.2,0,22,21.4,0,0.483,0,0
501.06,2,412.4,1,13,61.72,0,0.484,0,1
56.68,6,226.5,0,13,45.91,0,0.524,0,0
58.51,4,9.1,0,10,48.08,0,0.341,0,0
47.04,4,265.9,0,1,35.56,1,0.0,0,0
21.71,2,4198.2,0,2,1.5,0,0.578,1,0
132.13,2,165.3,0,23,7.07,0,0.676,0,0
42.28,2,506.6,1,7,4.16,0,0.437,1,0
702.2,2,369.8,1,21,73.42,0,0.909,0,1
25.85,2,430.1,0,20,39.84,0,0.698,1,0
155.12,1,314.9,0,21,16.4,0,0.0,0,0
3.67,4,706.0,0,9,3.48,1,0.019,0,0
45.4,5,373.4,0,6,49.47,0,0.313,0,0
139.53,3,139.1,0,20,36.14,0,0.0,1,0
44.49,9,229.7,0,0,21.03,0,0.285,0,0
20.86,1,119.7,0,19,56.63,0,0.409,0,0
53.72,4,545.9,0,6,18.86,1,0.03,1,0
16.11,5,16.6,0,11,24.19,0,0.394,0,0
58.69,2,151.3,1,20,75.46,2,0.0,1,0
32.29,8,50.4,0,0,7.78,0,0.309,0,0
75.61,1,48.3,0,1,21.4,0,0.0,1,0
152.81,6,162.3,0,20,58.58,2,0.236,0,1
7.36,5,940.0,0,12,10.47,0,0.516,0,0
106.79,4,754.1,0,23,27.61,1,0.521,0,0
5.09,4,813.0,0,3,54.58,0,0.071,0,0
495.22,1,14.7,0,0,45.93,1,0.841,1,1
38.78,4,2491.5,0,1,9.05,0,0.665,0,0
95.14,4,932.9,0,21,17.82,0,0.51,1,0
121.24,5,495.8,0,13,84.15,0,0.0,1,0
53.14,4,289.6,0,7,4.94,0,0.615,0,0
28.51,2,1661.0,0,22,55.41,1,0.0,0,0
542.64,1,191.5,0,20,15.0,1,0.324,1,1
36.33,2,504.4,0,13,25.38,0,0.426,0,0
106.82,2,260.6,0,22,36.14,0,0.34,1,0
135.17,2,274.8,0,20,11.52,1,0.118,0,0
71.53,4,790.1,0,20,29.14,0,0.517,0,0
66.98,5,18.3,0,19,11.7,1,0.532,1,0
235.99,2,101.9,0,14,14.22,1,0.255,0,0
73.02,3,61.6,0,1,16.51,0,0.6,0,0
45.99,5,213.1,0,6,18.78,1,0.0,0,0
57.43,3,2682.1,0,19,18.35,0,0.87,1,0
102.07,1,342.2,0,1,25.93,1,0.0,1,0
354.99,1,52.8,0,8,192.16,1,0.399,0,1
128.61,4,542.0,0,18,33.39,0,0.506,0,0
169.27,0,12.2,1,0,11.05,0,0.234,1,0
28.67,4,486.9,1,5,70.79,0,0.0,0,0
92.29,7,480.5,0,5,30.94,0,0.266,0,0
33.31,6,302.1,0,3,33.2,0,0.657,0,0
42.19,7,423.1,0,1,23.28,1,0.085,0,0
41.12,2,11.9,0,3,96.67,1,0.445,0,0
50.99,2,796.6,1,11,31.24,1,0.162,0,0
13.19,6,3434.5,0,2,26.14,0,0.629,1,0
39.5,2,108.0,1,16,27.81,0,0.311,1,0
114.5,5,193.8,0,14,23.59,0,0.111,0,0
0.87,2,836.0,0,18,26.44,0,0.219,1,0
2.4,2,778.0,0,18,56.61,0,0.243,0,0
123.45,2,337.5,0,10,82.15,0,0.183,1,0
73.36,1,602.1,0,15,23.8,1,0.383,1,0
430.42,4,8.5,1,16,162.15,0,0.37,1,1
31.68,6,322.0,0,14,38.65,0,0.184,0,0
71.0,1,718.4,0,7,24.53,0,0.321,0,0
63.99,4,20.6,0,22,77.65,0,0.001,1,0
104.65,5,198.1,0,2,5.39,0,0.39,1,0
95.38,5,640.5,0,4,16.79,0,0.0,0,0
99.58,4,686.3,0,22,147.56,2,0.224,0,1
23.37,1,390.7,0,20,0.7,0,0.558,1,0
135.77,2,42.3,1,6,24.15,0,0.109,1,0
155.12,1,11.3,0,22,8.14,0,0.334,1,0
138.15,1,888.6,0,14,20.33,0,0.267,0,0
3.57,3,531.9,0,15,26.32,0,0.256,1,0
435.21,1,175.1,0,8,81.72,2,0.501,0,1
151.67,7,19.7,0,12,27.25,0,0.301,1,0
0.4,2,1347.1,1,16,9.82,0,0.161,1,0
67.57,1,3201.8,0,2,10.64,0,0.05,0,0
54.61,9,291.3,0,14,12.84,0,0.428,0,0
104.71,6,233.7,1,14,31.32,0,0.0,0,0
108.41,4,365.6,0,0,106.11,0,0.285,0,0
69.44,4,365.9,0,22,41.18,0,0.08,1,0
143.39,5,2327.8,0,1,5.78,0,0.056,0,0
55.74,5,227.4,0,19,17.42,0,0.0,0,0
74.04,3,60.9,1,17,65.06,0,0.397,1,0
124.47,0,306.1,0,13,90.79,0,0.401,0,0
74.97,2,947.4,0,2,3.13,0,0.309,0,0
104.34,7,486.2,0,14,40.33,0,0.194,0,0
103.83,4,408.4,0,19,57.83,0,0.945,0,0
17.81,4,1217.4,0,9,31.9,0,0.281,0,0
3.89,2,132.7,0,21,23.53,0,0.334,1,0
120.13,2,1249.3,0,7,16.77,1,0.501,0,0
362.48,1,25.0,1,4,45.88,1,0.302,1,1
81.19,8,13.8,0,1,15.06,0,0.064,0,0
4.38,2,1849.8,0,11,35.19,0,0.067,1,0
82.68,6,775.1,0,1,44.76,0,0.348,1,0
51.89,5,302.1,0,8,51.46,0,0.201,1,0
62.07,5,782.5,1,9,10.68,0,0.682,0,0
110.13,3,1031.1,0,0,24.33,0,0.522,0,0
58.14,5,475.6,0,9,62.04,0,0.0,1,0
80.21,1,50.8,0,12,22.65,0,0.218,1,0
79.18,4,329.1,1,9,32.57,0,0.332,1,0
112.12,2,144.6,0,10,35.35,0,0.029,0,0
320.67,4,257.2,1,20,159.4,2,0.347,1,1
138.89,4,351.5,0,21,11.75,0,0.232,1,0
36.1,3,119.2,1,5,51.73,0,0.398,0,0
156.96,4,596.0,0,23,16.1,1,0.334,1,0
39.18,3,1485.6,0,11,71.16,0,0.008,0,0
157.32,3,1192.4,0,23,42.53,0,0.403,0,0
96.41,2,221.7,1,17,6.36,0,0.303,1,0
14.91,1,365.3,0,19,43.7,0,0.042,1,0
90.39,1,4602.5,0,1,26.09,0,0.082,0,0
110.6,5,256.1,0,1,12.63,1,0.783,1,0
86.2,9,1132.5,0,5,19.5,0,0.558,1,0
110.91,7,7.3,1,6,32.16,0,0.053,0,0
94.37,3,156.8,0,11,58.95,0,0.045,0,0
21.58,5,191.6,1,17,,0,0.292,0,0
117.04,4,194.1,0,16,54.75,0,0.118,0,0
95.31,1,1079.3,0,2,41.3,3,0.411,1,0
48.61,4,898.4,1,1,24.26,0,0.254,1,0
41.68,3,28.3,0,2,20.31,1,0.491,0,0
45.69,5,654.2,0,19,46.87,0,0.49,1,0
137.39,3,331.2,0,11,152.14,0,0.305,1,1
135.76,4,834.3,0,20,49.84,0,0.422,0,0
151.04,3,251.5,0,9,96.06,1,0.88,1,1
162.53,3,1774.3,0,10,66.85,0,0.341,1,0
42.47,1,2695.5,0,4,49.3,0,0.234,0,0
56.5,3,202.9,1,5,49.36,0,0.0,0,0
91.55,2,52.4,1,15,8.72,0,0.521,0,0
122.32,7,328.0,0,14,1.67,0,0.611,0,0
10.61,2,234.6,0,7,15.42,1,0.643,0,0
9.61,4,332.7,0,22,9.08,2,0.373,1,0
64.29,4,1032.7,0,18,16.35,0,0.01,0,0
119.59,5,2786.8,0,16,41.84,0,0.12,0,0
115.76,1,1230.3,0,17,83.87,0,0.254,1,0
145.0,4,1047.2,0,5,13.36,0,0.662,0,0
97.32,4,1959.5,0,0,76.09,0,0.505,0,0
226.46,2,583.6,0,9,154.85,0,0.867,1,1
171.83,1,337.6,0,22,51.4,0,0.609,1,0
9.55,6,1627.0,0,3,65.18,1,0.29,1,0
170.15,4,2.8,0,8,98.95,0,0.596,1,0
18.04,8,28.4,0,23,41.97,0,0.0,0,0
151.17,4,2570.9,0,17,36.4,0,0.269,0,0
160.18,7,253.8,0,1,15.26,1,0.0,0,0
50.89,2,298.3,0,17,0.59,1,0.117,0,0
173.83,3,2608.2,0,4,64.67,1,0.374,1,0
40.16,7,293.8,0,7,51.04,2,0.402,1,0
139.55,6,2964.3,0,9,61.45,0,0.428,0,0
57.11,2,493.9,0,13,0.78,0,0.02,1,0
134.75,1,264.4,0,17,14.11,0,0.421,1,0
26.34,6,1074.0,0,21,29.85,1,0.817,1,0
42.75,2,19.5,0,9,17.55,0,0.647,0,0
19.03,3,1547.3,0,4,31.36,0,0.277,0,0
121.44,3,170.6,0,21,22.26,0,0.532,0,0
39.94,5,1219.7,1,3,17.87,1,0.27,0,0
184.92,1,310.6,1,12,24.23,2,0.393,1,1
93.9,4,508.0,0,0,115.85,0,0.0,1,0
49.16,2,525.0,0,17,2.99,1,0.526,1,0
41.84,4,1405.4,0,21,30.58,0,0.658,0,0
94.01,4,349.9,0,14,5.14,0,0.08,0,0
102.98,4,500.5,0,9,32.99,0,0.2,1,0
22.37,4,665.6,0,13,60.22,0,0.0,1,0
103.35,3,251.7,0,14,20.14,0,0.745,1,0
127.92,5,9.2,0,2,56.64,0,0.062,1,0
49.56,8,453.4,0,0,46.41,0,0.347,1,0
93.28,2,205.2,0,4,,0,0.53,0,0
44.24,3,417.5,0,23,1.37,0,0.425,0,0
77.58,4,388.8,0,5,45.23,0,0.255,0,0
21.23,7,238.5,0,5,71.79,0,0.333,0,0
50.69,2,310.9,0,22,11.13,1,0.331,0,0
0.33,5,144.6,0,18,23.52,2,0.13,1,0
110.08,5,444.1,0,6,17.2,0,0.0,0,0
265.32,1,28.5,0,19,325.47,3,0.442,0,1
5.16,3,105.4,0,1,22.38,0,0.251,0,0
26.78,3,662.6,0,7,64.78,0,0.454,1,0
4.98,4,239.7,0,13,53.77,1,0.358,0,0
175.86,1,1789.9,0,22,42.25,0,0.423,0,0
4.54,3,322.6,0,8,53.68,0,0.019,0,0
37.25,5,775.6,0,7,4.9,0,0.21,0,0
109.74,4,158.1,1,11,36.13,1,0.167,1,0
12.38,7,1773.2,0,5,23.77,0,0.245,0,0
0.27,3,438.7,0,2,63.96,1,0.367,1,1
63.16,3,1423.7,0,12,38.44,0,0.194,1,0
125.97,6,276.2,0,15,28.79,0,0.0,1,0
26.4,3,2351.6,0,1,6.99,0,0.401,1,0
226.2,2,1695.3,0,20,68.0,0,0.399,1,0
43.53,3,1003.1,0,0,47.51,0,0.151,0,0
119.6,1,176.5,0,0,42.89,0,0.126,0,0
132.69,6,310.9,0,22,39.71,0,0.419,1,0
18.71,3,2151.8,0,17,46.32,1,0.61,0,0
63.82,3,968.9,0,11,9.49,0,0.456,0,0
304.85,1,26.5,0,12,181.26,0,0.471,0,1
359.54,2,86.0,0,9,79.79,0,0.472,0,1
93.21,5,42.4,0,4,8.45,0,0.192,1,0
102.27,2,77.8,1,1,5.35,0,0.292,1,0
191.24,7,124.7,0,23,0.33,0,0.105,1,0
52.47,0,2071.9,0,21,60.96,0,0.439,0,0
178.64,5,198.7,0,17,51.18,0,0.007,1,0
48.37,7,516.5,0,19,37.02,0,0.256,1,0
240.78,4,553.6,1,7,9.85,0,0.476,1,0
90.82,6,2458.2,0,1,73.9,2,0.353,0,0
44.09,7,1191.8,0,6,32.74,0,0.461,1,0
158.84,1,524.9,0,17,15.36,0,0.247,1,0
157.14,4,733.9,0,18,31.43,0,0.27,0,0
35.71,1,546.9,0,19,,2,0.556,0,1
141.34,2,882.5,0,20,51.0,0,0.213,0,0
186.41,0,446.5,0,17,7.32,0,0.228,1,0
117.72,4,988.4,0,18,35.32,1,0.246,0,0
36.02,2,1200.9,0,4,67.53,0,0.213,0,0
138.33,4,250.4,0,14,54.92,0,0.585,0,0
82.24,5,605.9,1,10,5.87,0,0.388,1,0
109.11,3,704.0,0,6,63.63,1,0.573,1,0
369.61,3,136.6,0,21,4.36,1,0.571,1,1
61.49,5,178.6,0,2,13.85,0,0.254,0,0
91.13,2,277.3,0,2,54.33,0,0.038,0,0
66.18,2,252.6,0,15,45.05,0,0.285,0,0
72.54,3,543.3,0,1,33.99,0,0.109,1,0
49.29,4,324.5,0,7,45.36,1,0.45,0,0
64.57,2,606.5,0,16,26.2,0,0.544,1,0
117.76,5,90.3,0,19,25.13,1,0.63,1,0
93.87,2,3293.8,0,21,39.77,0,0.401,1,0
133.18,3,399.1,0,13,22.35,0,0.494,0,0
40.87,6,305.8,0,13,14.35,0,0.097,0,0
39.11,6,231.6,0,5,35.65,1,0.216,0,0
104.8,4,1539.2,0,14,39.78,0,0.266,0,0
97.67,0,612.4,0,6,82.38,0,0.511,1,1
131.47,4,441.3,0,12,29.9,0,0.596,1,0
366.81,1,49.8,1,2,218.17,0,0.197,1,1
168.19,2,218.1,0,19,56.78,0,0.171,1,0
55.88,2,1042.8,0,9,20.33,0,0.0,0,0
102.8,6,1392.1,0,16,14.0,0,0.0,0,0
68.91,2,133.7,1,17,40.43,0,0.225,0,0
179.6,5,113.8,0,2,15.64,0,0.0,1,0
59.32,3,337.4,0,10,9.73,0,0.283,0,0
102.29,4,1586.7,0,14,24.13,2,0.217,0,0
54.72,4,312.9,0,23,6.54,1,0.0,1,0
36.38,2,1229.7,0,22,72.03,0,0.708,0,0
98.85,3,2496.3,0,15,5.54,0,0.107,0,0
163.19,2,198.5,0,9,82.94,0,0.506,1,0
80.18,2,2851.1,0,1,28.87,0,0.446,1,0
102.71,0,1046.6,0,9,2.64,1,0.497,0,0
48.49,3,3977.0,0,7,28.67,1,0.703,0,0
9.57,1,508.0,0,8,14.37,0,0.021,0,0
16.62,2,52.3,0,22,33.14,1,0.351,0,0
13.12,7,1190.8,0,15,65.53,0,0.048,0,0
149.13,3,171.3,0,19,45.54,0,0.517,0,0
106.18,4,3186.0,0,18,15.23,3,0.141,1,0
32.63,3,914.1,0,16,50.91,1,0.23,0,0
110.21,2,2031.1,0,12,52.74,0,0.56,0,0
91.38,6,275.8,1,1,28.8,0,0.539,0,0
58.94,2,192.6,0,15,1.97,0,0.15,0,0
21.89,4,3346.5,0,10,56.9,0,0.439,0,0
130.74,5,1220.9,1,18,26.8,2,0.039,0,0
117.7,3,501.4,0,20,26.25,0,0.404,1,0
102.43,3,124.9,0,15,22.6,0,0.545,0,0
152.24,5,714.2,0,12,36.31,1,0.337,1,0
117.27,1,194.8,0,9,30.8,0,0.374,1,0
35.34,7,2280.4,0,10,10.15,1,0.0,1,0
60.23,1,191.6,0,19,95.39,1,0.311,0,0
132.02,1,355.0,0,23,31.2,1,0.118,1,0
78.61,3,217.8,1,19,12.34,0,0.555,0,0
361.77,3,40.4,0,23,112.19,1,0.345,1,1
95.98,4,286.0,0,6,24.58,0,0.277,0,0
112.04,6,744.0,0,14,50.95,2,0.377,1,0
53.18,3,965.7,0,18,12.38,0,0.508,1,0
592.01,3,160.1,0,3,104.73,2,0.573,1,1
24.69,1,0.4,0,15,43.54,1,0.104,1,0
94.05,5,1472.2,1,23,19.9,0,0.148,0,0
57.98,6,19.1,0,13,30.0,1,0.194,0,0
77.34,0,1520.0,0,4,56.19,0,0.027,0,0
23.89,3,5360.2,0,20,1.94,0,0.0,0,0
94.73,4,457.3,0,12,18.69,0,0.0,0,0
61.84,6,332.5,0,21,6.52,0,0.1,1,0
157.31,3,333.0,0,0,45.21,0,0.318,1,0
156.42,1,52.6,0,5,86.08,2,0.52,0,1
87.37,6,4438.8,0,18,28.76,0,0.213,1,0
150.46,1,810.2,0,1,4.63,0,0.038,1,0
163.73,5,795.3,0,13,81.95,0,0.709,1,0
99.63,4,506.4,0,1,57.96,0,0.397,1,0
44.62,1,423.2,0,0,1.44,1,0.336,0,0
102.94,2,920.2,0,13,22.35,0,0.0,0,0
117.42,0,1872.8,0,13,1.66,0,0.13,0,0
38.84,3,610.7,0,5,38.51,1,0.258,0,0
27.52,6,372.3,0,23,53.23,0,0.301,1,0
72.69,0,3342.8,0,4,47.77,0,0.0,0,0
8.8,1,59.0,1,14,20.46,0,0.271,0,0
26.67,1,2508.8,0,10,20.02,1,0.088,0,0
162.05,2,776.0,0,9,13.71,0,0.483,0,0
104.15,3,395.6,0,6,16.8,0,0.175,0,0
74.64,4,1894.1,0,8,45.61,0,0.068,0,0
115.02,4,403.5,0,23,15.31,0,0.329,0,0
158.32,2,2423.4,0,10,129.44,1,0.154,0,0
113.55,3,931.5,0,23,6.86,0,0.214,1,0
52.36,10,715.5,0,17,2.72,0,0.276,0,0
11.3,1,56.1,0,4,59.0,0,0.03,1,0
26.37,2,25.8,1,1,41.82,0,0.446,0,0
126.83,2,118.8,1,19,13.58,0,0.251,1,0
163.33,3,1637.3,0,3,40.06,0,0.275,0,0
118.63,4,537.3,0,21,9.16,0,0.497,0,0
103.7,4,1731.7,1,17,2.26,0,0.12,0,0
60.12,3,1070.1,0,6,93.17,0,0.078,0,0
42.56,7,39.5,0,23,28.65,0,0.416,1,0
43.24,4,452.3,0,19,56.97,0,0.103,0,0
53.7,3,1908.2,0,15,71.79,0,0.289,0,0
82.98,5,2025.2,0,6,4.56,0,0.246,0,0
347.35,1,61.1,1,21,106.09,1,0.863,0,1
6.81,2,764.2,0,0,42.79,0,0.171,0,0
124.63,6,835.0,0,20,28.37,1,0.211,0,0
52.45,4,318.5,0,11,19.71,0,0.568,1,0
48.0,5,268.2,0,7,16.31,0,0.261,1,0
23.75,8,946.8,0,1,0.33,0,0.208,0,0
178.94,6,885.2,0,10,25.53,0,0.215,0,0
81.36,4,651.7,0,22,25.62,0,0.132,0,0
138.81,5,725.5,0,2,12.45,0,0.217,1,0
50.44,5,296.9,0,16,67.36,0,0.292,0,0
132.02,2,158.4,1,4,126.62,2,0.848,1,1
56.89,1,1103.5,0,6,26.12,1,0.061,0,0
54.42,2,205.7,0,18,0.12,0,0.318,0,0
79.79,2,116.5,1,9,73.02,0,0.163,0,0
9.2,2,0.5,0,3,29.91,0,0.13,1,0
110.57,5,547.7,0,11,5.94,0,0.635,0,0
178.61,5,1268.0,0,3,25.59,0,0.125,0,0
77.26,2,1545.7,0,7,45.43,0,0.061,1,0
107.08,3,236.4,0,17,30.24,1,0.398,1,0
97.76,0,572.6,0,10,276.75,0,0.641,1,1
103.79,8,27.6,1,5,34.65,0,0.144,0,0
16.54,3,287.1,0,1,65.46,0,0.268,0,0
162.44,3,294.8,0,16,34.04,0,0.011,0,0
156.59,3,840.0,0,15,115.84,0,0.42,1,0
301.08,3,14.7,0,16,8.89,1,0.491,0,1
35.38,6,617.5,0,5,27.33,0,0.18,0,0
14.73,3,785.3,0,17,52.53,1,0.438,1,0
11.92,1,685.5,1,0,11.53,2,0.403,0,0
100.57,5,148.1,0,16,64.43,0,0.142,1,0
60.11,2,2349.6,1,19,34.57,0,0.357,0,0
91.09,2,2032.5,0,23,60.04,1,0.17,0,0
97.05,3,455.5,1,12,23.62,1,0.228,0,0
192.51,4,861.5,0,16,4.32,0,0.569,0,0
445.07,3,274.9,1,5,8.17,1,0.364,1,1
146.48,3,248.5,0,8,35.82,0,0.261,0,0
84.3,3,630.3,0,16,43.69,0,0.133,0,0
58.25,3,912.7,0,3,45.93,0,0.609,0,0
61.38,3,466.8,0,13,12.36,1,0.164,0,0
42.69,5,1540.9,0,21,12.26,0,0.113,1,0
56.5,8,152.8,0,10,51.63,0,0.112,0,0
15.9,1,1625.9,0,11,12.15,1,0.37,0,0
155.5,1,1007.2,0,16,43.07,0,0.693,0,0
164.25,2,755.6,1,0,32.06,0,0.097,0,0
66.03,6,1632.3,0,4,20.62,1,0.301,0,0
175.81,0,45.5,1,12,16.06,0,0.797,1,1
61.22,3,563.2,0,22,33.68,0,0.113,1,0
46.65,6,1469.7,0,17,39.61,0,0.345,1,0
42.16,0,78.2,0,22,63.49,0,0.033,1,0
106.37,7,273.9,0,13,40.98,0,0.19,1,0
48.78,3,87.4,0,21,39.34,0,0.419,0,0
205.07,4,1999.3,0,20,41.36,0,0.483,0,0
163.69,2,12.1,0,1,180.54,1,0.319,1,1
8.85,5,631.3,0,20,5.72,0,0.245,0,0
145.58,3,551.1,0,3,20.76,1,0.578,1,0
15.34,3,849.1,1,14,43.73,1,0.217,0,0
91.31,4,76.2,1,23,47.1,0,0.68,0,0
120.12,6,134.9,0,4,58.66,1,0.154,0,0
84.24,4,202.0,0,13,10.5,0,0.054,1,0
96.77,6,827.5,0,11,17.57,0,0.201,1,0
70.72,4,1090.8,0,23,62.19,1,0.199,1,0
49.95,4,452.4,1,13,1.62,1,0.356,1,0
74.41,4,93.4,0,5,21.82,0,0.166,0,0
72.9,4,787.2,0,5,20.04,0,0.288,1,0
22.83,2,896.3,0,21,6.02,1,0.284,1,0
11.77,2,324.0,0,16,53.3,0,0.026,1,0
105.91,3,2054.9,0,11,30.54,2,0.026,0,0
165.65,3,104.5,0,20,0.53,0,0.495,0,0
96.22,3,1078.2,1,0,15.38,1,0.234,1,0
26.92,4,1714.3,0,1,24.02,0,0.11,0,0
4.72,3,1203.8,1,1,13.45,0,0.939,1,0
100.13,5,479.8,0,1,8.88,0,0.188,1,0
164.53,6,2229.9,0,21,44.38,0,0.409,0,0
27.85,4,1741.8,0,18,39.81,0,0.43,0,0
172.96,3,180.1,0,2,11.42,0,0.055,0,0
25.14,4,95.5,0,23,17.39,1,0.328,0,0
246.68,4,181.4,0,19,16.41,0,0.065,1,0
55.29,3,10.5,0,20,55.33,0,0.006,0,0
147.15,3,1336.4,1,10,25.18,0,0.421,0,0
16.94,5,531.9,0,1,10.16,0,0.408,0,0
10.81,2,240.3,0,16,27.1,0,0.655,0,0
84.22,3,1298.6,0,6,30.03,0,0.0,0,0
94.02,4,316.0,0,13,20.61,0,0.034,0,0
49.86,5,83.1,0,15,52.45,0,0.433,0,0
180.76,7,553.9,0,7,51.41,1,0.309,0,0
48.07,1,1834.6,0,4,16.79,1,0.347,1,0
98.13,2,243.9,0,16,1.73,1,0.0,0,0
67.4,3,355.9,1,11,18.69,0,0.328,0,0
562.49,2,182.9,0,2,111.26,0,0.667,1,1
124.89,4,115.3,0,14,,0,0.344,1,0
139.18,2,2278.5,0,11,29.89,0,0.239,1,0
37.54,5,296.5,0,9,41.46,1,0.485,1,0
38.37,0,2.1,0,5,50.41,0,0.434,0,0
82.15,4,685.2,0,15,34.11,0,0.746,1,0
111.93,3,982.9,0,1,10.9,1,0.305,0,0
126.47,5,125.3,0,3,22.71,1,0.219,1,0
137.86,4,109.4,0,5,46.62,0,0.188,0,0
58.96,4,58.6,0,8,4.99,0,0.668,1,0
87.25,3,160.0,0,17,1.2,0,0.467,1,0
33.88,5,246.2,0,4,44.64,1,0.137,1,0
124.85,5,416.8,0,8,11.72,0,0.532,0,0
195.78,3,257.2,1,13,65.28,1,0.718,0,1
200.11,5,566.4,0,21,,2,0.519,0,0
112.9,0,293.6,0,12,16.47,0,0.078,1,0
29.48,6,239.6,0,23,22.0,1,0.393,1,0
68.06,5,585.8,0,18,4.21,1,0.0,0,0
324.71,3,225.3,1,2,0.17,0,0.648,1,1
113.49,2,1262.9,0,1,37.87,0,0.485,0,0
71.54,9,62.7,0,16,38.5,0,0.106,1,0
53.32,3,426.7,0,8,67.49,1,0.107,0,0
112.63,2,137.0,1,12,31.94,0,0.717,1,0
10.81,4,1485.2,0,17,88.66,0,0.267,1,0
21.41,7,92.7,0,6,15.2,1,0.564,0,0
33.5,4,580.6,1,0,12.03,0,0.303,1,0
51.34,2,241.9,1,13,18.88,1,0.154,0,0
57.71,3,599.4,0,17,22.77,1,0.5,1,0
1.81,5,251.7,1,21,34.94,0,0.214,1,0
339.88,3,13.6,0,23,67.58,0,0.405,1,1
42.83,3,208.1,0,12,32.75,0,0.395,0,0
46.39,4,2916.3,0,15,1.8,0,0.109,0,0
7.71,8,379.9,0,20,16.58,1,0.0,0,0
44.12,0,704.8,0,2,73.25,0,0.613,0,0
95.08,2,824.7,0,11,85.06,0,0.001,1,0
18.22,3,1113.3,0,16,4.68,0,0.357,1,0
32.85,2,883.5,0,18,44.3,0,0.754,1,0
20.19,3,2033.9,0,15,21.57,0,0.181,0,0
191.28,4,936.3,0,10,14.38,0,0.347,0,0
1.63,7,344.4,0,7,14.94,1,0.212,0,0
86.72,7,15.9,0,19,52.83,0,0.021,1,0
3.81,4,88.0,0,1,62.12,1,0.062,0,0
5.24,3,1533.4,0,20,31.43,0,0.42,0,0
9.11,2,1496.9,0,21,6.89,0,0.722,1,0
85.0,3,366.6,0,5,59.84,1,0.367,0,1
34.4,3,204.7,0,1,68.97,1,0.553,0,0
0.73,2,1867.4,0,8,11.45,0,0.0,1,0
112.68,6,248.6,0,1,66.08,0,0.501,0,0
109.89,4,891.5,1,10,35.09,0,0.57,1,0
151.2,5,197.8,0,23,26.76,0,0.253,0,0
101.42,2,1495.3,0,15,39.97,0,0.313,1,0
101.22,0,871.7,0,5,26.76,2,0.196,1,0
119.45,2,561.9,0,23,47.25,0,0.169,1,0
352.51,0,239.6,0,0,116.81,0,0.357,1,1
149.57,3,15.7,0,6,9.71,0,0.337,0,0
89.71,6,607.2,0,11,16.03,0,0.0,0,0
4.59,2,1676.9,0,14,23.16,0,0.261,1,0
52.65,3,61.8,0,1,29.22,0,0.144,0,0
15.67,5,417.5,0,2,6.07,0,0.023,0,0
100.53,2,2127.9,0,7,11.39,1,0.289,1,0
22.38,4,1383.0,0,19,42.37,0,0.398,0,0
129.53,4,223.3,0,20,33.48,0,0.578,0,0
36.57,5,899.3,0,13,16.07,0,0.294,0,0
1.76,0,278.1,0,13,19.88,0,0.519,0,0
102.01,3,956.7,0,4,49.33,1,0.396,1,0
10.62,5,2394.7,0,22,45.21,0,0.435,1,0
18.49,1,166.0,0,0,15.36,0,0.583,0,0
108.22,3,692.9,0,18,7.91,0,0.702,0,0
105.4,5,3791.8,0,9,29.42,0,0.0,0,0
241.89,2,18.8,0,2,153.01,2,0.354,0,1
30.27,2,756.6,0,9,78.9,0,0.645,0,0
205.99,3,289.4,0,6,25.67,0,0.645,1,0
145.02,3,786.3,0,15,21.63,0,0.447,0,0
107.5,4,148.4,0,23,22.54,0,0.152,1,0
10.32,2,1490.0,0,5,49.69,0,0.566,0,0
143.22,2,282.6,0,18,140.58,0,0.709,1,1
101.42,3,59.3,0,18,62.79,0,0.383,1,0
86.12,5,175.7,1,0,36.25,0,0.263,0,0
117.28,5,2685.9,0,15,65.55,1,0.547,0,0
99.73,2,451.4,0,20,63.11,0,0.09,0,0
24.87,4,666.3,0,23,8.53,0,0.256,0,0
61.88,4,245.6,0,21,9.94,1,0.0,0,0
52.65,4,326.4,0,9,17.47,1,0.496,0,0
50.44,3,342.9,0,3,32.78,0,0.454,1,0
53.17,5,173.6,0,0,9.94,0,0.0,1,0
176.73,1,70.2,1,6,222.86,1,0.457,1,1
66.99,7,392.7,0,13,8.77,0,0.227,0,0
194.8,3,1307.3,0,18,56.2,0,0.481,0,0
91.21,3,1050.0,0,10,23.48,1,0.229,0,0
108.15,2,94.4,0,1,141.61,2,0.765,1,1
248.65,1,675.6,0,8,180.45,2,0.191,1,1
15.58,2,323.6,0,18,3.47,0,0.21,1,0
44.35,5,206.5,0,12,4.77,0,0.19,0,0
128.1,4,7.6,1,2,,1,0.476,0,0
10.82,8,593.2,0,21,14.95,0,0.308,0,0
130.98,3,46.5,0,12,53.51,1,0.167,0,0
237.39,1,539.4,1,11,284.53,2,0.515,1,1
18.04,1,214.1,0,22,22.03,0,0.195,0,0
90.9,4,862.1,0,12,19.43,0,0.5,0,0
54.27,5,341.1,1,22,26.69,0,0.247,0,0
34.44,4,76.0,0,8,69.35,0,0.314,1,0
52.38,6,1277.7,0,7,1.41,2,0.56,0,0
296.14,3,459.9,0,9,9.82,0,0.062,0,1
20.37,6,65.9,0,8,44.83,0,0.164,0,0
65.9,5,243.3,0,21,72.11,0,0.019,1,0
147.45,2,959.4,0,12,75.47,0,0.265,0,0
97.01,6,1443.7,0,23,57.46,0,0.0,0,0
45.44,2,1323.3,0,15,13.86,0,0.467,0,0
190.2,3,2549.3,0,18,16.96,0,0.226,0,0
72.94,4,181.0,0,5,50.22,0,0.477,1,0
113.2,4,343.9,0,8,37.45,0,0.389,0,0
66.04,1,28.6,0,4,13.05,0,0.0,0,0
53.37,1,1025.4,0,23,7.99,0,0.478,0,0
104.75,4,1660.5,0,6,67.7,0,0.909,0,0
12.66,3,187.1,1,12,58.92,0,0.0,1,0
7.56,5,557.3,1,10,14.79,0,0.16,1,0
77.41,4,100.7,1,11,4.56,0,0.292,1,0
356.53,3,253.9,1,23,165.07,0,0.557,1,1
118.16,2,312.5,0,10,18.07,0,0.63,1,0
40.89,3,206.6,0,8,55.98,0,0.544,1,0
3.45,4,707.0,0,1,11.85,0,0.41,0,0
38.15,3,983.1,0,18,50.31,0,0.068,0,0
42.09,0,501.6,0,10,31.39,0,0.161,0,0
158.01,5,608.6,0,7,25.95,0,0.11,1,0
66.82,2,177.5,0,3,3.19,0,0.0,0,0
57.09,4,806.1,0,8,9.68,0,0.08,0,0
180.94,1,895.7,0,17,17.58,0,0.335,1,0
86.01,2,453.7,0,12,8.31,0,0.289,1,0
23.07,6,255.7,0,22,32.32,1,0.47,1,0
45.86,2,2403.3,0,1,51.4,0,0.234,0,0
63.85,4,271.5,0,15,3.9,0,0.115,1,0
44.67,5,174.5,0,4,10.7,0,0.213,0,0
170.13,2,390.1,0,12,59.37,0,0.484,0,1
50.06,7,372.9,0,12,27.83,0,0.348,0,0
88.06,1,1155.7,0,18,23.53,0,0.123,1,0
26.82,7,165.5,0,4,4.54,0,0.14,0,0
81.49,3,3353.7,0,10,,0,0.257,1,0
26.56,3,555.1,0,8,52.21,0,0.408,0,0
90.34,4,238.4,0,0,55.95,0,0.54,1,0
105.31,7,457.5,0,10,33.74,2,0.546,0,0
141.03,4,880.4,0,11,18.2,0,0.066,0,0
44.12,5,48.7,0,15,2.34,1,0.205,0,0
3.07,5,610.8,0,12,65.53,0,0.488,1,0
59.21,2,796.9,1,8,13.51,1,0.0,0,0
36.22,0,317.9,1,12,174.55,1,0.253,1,1
50.62,6,1301.5,0,1,40.79,1,0.39,1,0
71.7,5,287.1,1,8,63.09,1,0.922,1,1
82.87,5,1546.6,1,18,51.5,0,0.474,1,0
71.99,5,4627.6,0,22,10.92,0,0.0,1,0
40.74,5,671.0,0,14,56.48,0,0.668,0,0
125.46,4,1354.0,1,0,20.83,0,0.298,0,0
215.65,2,887.8,0,20,29.04,0,0.307,0,0
73.27,6,161.9,0,9,82.72,2,0.012,0,0
17.8,6,1113.7,0,18,19.52,1,0.331,1,0
0.44,2,2866.9,0,0,32.17,0,0.488,0,0
135.13,5,421.6,0,23,46.03,0,0.268,1,0
212.54,4,361.3,1,16,130.08,1,0.654,1,1
21.18,3,576.0,0,9,11.15,0,0.246,0,0
112.46,5,359.2,0,10,24.66,0,0.355,0,0
83.96,2,874.1,0,15,14.15,0,0.291,1,0
6.49,3,74.8,0,8,63.63,0,0.04,0,0
187.48,2,253.3,0,13,66.81,0,0.453,0,1
3.68,2,49.4,0,12,26.21,0,0.151,0,0
27.54,1,227.3,0,5,61.15,0,0.599,0,0
5.54,4,1204.2,0,7,76.15,0,0.075,0,0
89.27,6,354.7,0,17,4.91,0,0.089,0,0
143.39,6,1736.0,0,23,55.42,0,0.167,0,0
51.32,0,752.2,0,5,31.41,0,0.67,0,0
92.74,1,259.9,0,11,267.17,0,0.753,0,1
76.75,0,48.5,0,4,104.58,3,0.506,1,1
30.05,5,2424.6,0,13,16.73,0,0.647,1,0
78.04,2,809.5,0,5,1.03,0,0.041,0,0
10.32,3,115.2,0,15,25.76,1,0.395,1,0
135.47,1,1895.8,1,13,,0,0.329,0,0
71.16,1,1884.4,0,20,9.45,0,0.27,1,0
10.5,3,171.8,0,18,93.5,0,0.0,0,0
20.64,3,286.7,0,6,16.47,0,0.527,1,0
166.74,3,2294.8,0,2,79.82,0,0.0,0,0
125.39,4,91.7,1,11,136.0,0,0.731,0,1
45.37,3,76.0,0,9,66.58,0,0.134,1,0
60.28,2,1696.2,0,4,2.08,0,0.168,1,0
735.28,1,153.6,1,22,160.17,2,0.7,1,1
427.75,1,358.5,1,11,193.83,0,0.886,0,1
89.4,2,61.7,0,19,34.61,0,0.273,1,0
112.74,1,1242.9,0,14,6.35,0,0.128,1,0
58.07,7,66.1,0,20,78.93,1,0.549,1,0
124.0,3,317.2,0,4,15.08,0,0.51,1,0
1.06,4,173.7,0,8,34.95,0,0.219,0,0
44.69,3,379.7,0,4,27.43,0,0.0,0,0
221.03,2,506.7,0,17,25.76,1,0.0,1,0
149.18,1,267.0,0,20,159.96,0,0.437,1,1
76.91,7,71.8,0,15,55.7,0,0.175,0,0
26.31,5,223.7,0,7,4.24,0,0.398,0,0
10.42,7,370.5,0,3,1.44,0,0.363,1,0
40.43,4,887.4,0,2,40.86,0,0.113,1,0
62.71,3,777.9,0,17,34.76,0,0.0,1,0
51.77,5,2359.3,0,14,18.96,0,0.263,0,0
13.96,5,979.0,0,19,28.37,0,0.0,0,0
89.75,0,84.9,0,2,42.86,0,0.461,0,0
3.62,3,70.0,0,9,18.48,2,0.207,1,0
24.13,0,568.4,0,15,25.23,1,0.119,0,0
102.9,0,28.6,0,3,8.05,1,0.0,0,0
13.32,4,1357.4,0,15,3.48,0,0.0,0,0
133.11,3,42.4,0,2,18.69,0,0.312,1,0
104.22,3,1162.0,0,18,49.1,0,0.0,0,0
78.95,8,322.2,0,13,13.87,0,0.264,0,0
46.18,1,62.2,0,8,47.48,1,0.116,0,0
47.01,4,184.7,0,6,1.9,0,0.328,0,0
82.33,3,572.4,0,2,11.93,1,0.19,1,0
8.83,4,1719.4,0,22,35.69,0,0.569,1,0
19.57,4,498.0,0,23,32.09,0,0.421,0,0
16.88,4,726.5,0,17,20.43,0,0.052,0,0
102.17,2,188.6,0,10,316.68,2,0.615,0,1
33.81,2,21.8,0,10,68.2,0,0.387,0,0
13.17,4,518.0,0,10,62.8,0,0.281,0,0
28.25,1,72.9,0,11,,1,0.0,1,0
40.49,3,868.8,0,22,50.85,0,0.089,0,0
13.63,2,185.1,0,19,,0,0.0,0,0
79.77,1,247.0,1,5,79.69,0,0.213,0,0
40.51,5,86.0,1,6,25.56,0,0.485,1,0
111.62,2,501.4,0,12,76.71,1,0.111,1,0
68.75,2,675.4,1,17,76.31,0,0.0,1,0
71.05,2,455.1,0,13,37.08,0,0.0,0,0
31.87,2,22.0,0,22,74.13,0,0.31,1,0
111.55,2,330.0,0,20,38.91,0,0.203,1,0
61.46,5,908.5,0,0,0.64,0,0.201,0,0
36.68,2,137.4,0,13,12.49,0,0.545,1,0
131.35,6,46.3,0,16,39.39,1,0.295,1,0
128.4,1,677.9,0,13,41.55,0,0.308,0,0
121.69,2,512.5,0,10,8.33,0,0.253,1,0
40.24,3,616.0,0,16,273.65,1,0.117,1,1
149.86,3,147.7,0,8,0.69,2,0.0,1,0
55.83,2,402.3,0,9,28.33,1,0.515,0,0
21.72,2,382.3,0,11,44.29,0,0.113,0,0
41.59,2,198.4,0,4,31.13,2,0.096,1,0
119.25,5,281.9,0,14,44.44,0,0.323,0,0
56.22,5,1301.8,0,1,36.87,0,0.3,0,0
98.84,3,970.4,1,9,59.29,1,0.333,1,0
63.79,5,3445.8,0,8,53.49,0,0.683,1,0
206.41,4,369.4,0,21,32.84,0,0.284,0,0
47.88,4,2433.9,0,21,74.69,0,0.421,1,0
42.78,1,284.7,0,5,18.85,0,0.061,0,0
99.0,3,69.3,0,11,3.94,0,0.163,0,0
144.3,5,119.1,1,23,13.16,0,0.249,0,0
23.21,2,298.0,0,5,57.24,0,0.411,1,0
29.25,4,1121.7,0,12,7.9,0,0.326,0,0
0.15,2,158.1,0,15,24.6,0,0.291,1,0
89.04,3,1566.1,0,17,2.56,0,0.0,0,0
49.29,6,505.4,0,5,65.14,0,0.105,0,0
50.39,1,606.4,0,1,27.51,1,0.356,0,0
4.17,6,192.2,0,6,62.26,0,0.295,1,0
406.82,2,441.9,0,9,171.87,0,0.523,1,1
148.17,5,2233.7,0,15,61.51,0,0.103,1,0
160.25,3,323.0,0,15,76.9,1,0.363,0,0
7.89,5,137.4,0,23,10.01,0,0.0,0,0
11.39,5,282.6,0,21,49.27,1,0.45,0,0
24.44,3,86.4,0,21,9.59,0,0.313,0,0
89.79,1,796.9,0,8,57.63,1,0.295,0,0
97.28,6,1347.8,0,17,34.05,0,0.211,1,0
38.33,8,948.9,0,23,4.19,0,0.314,0,0
4.16,3,916.9,0,9,61.08,0,0.214,1,0
67.07,6,1137.0,1,10,1.45,0,0.605,0,0
130.81,4,55.6,0,4,48.52,0,0.608,1,0
130.87,1,2344.6,0,15,52.72,0,0.39,0,0
107.02,6,386.5,0,3,1.62,0,0.331,1,0
12.68,4,1677.1,0,11,11.31,0,0.25,1,0
193.2,2,225.8,0,10,35.37,1,0.609,1,0
81.75,4,388.8,1,16,0.21,0,0.464,1,0
64.87,1,111.6,0,15,30.53,0,0.443,0,0
127.22,4,285.3,0,15,12.7,0,0.414,0,0
27.95,6,334.2,0,3,35.73,1,0.456,0,0
127.73,0,60.3,0,14,46.25,0,0.5,0,0
137.9,5,163.9,1,8,89.14,0,0.069,1,0
75.67,0,800.3,0,14,1.51,0,0.102,0,0
24.37,1,601.8,0,11,16.25,1,0.149,0,0
36.8,4,283.4,0,15,42.55,0,0.266,1,0
38.7,3,857.3,0,19,75.29,0,0.782,0,0
99.86,1,1090.6,0,14,25.62,0,0.428,0,0
0.82,6,1736.1,0,11,13.48,0,0.563,1,0
53.27,1,252.8,1,0,304.08,1,0.655,1,1
111.51,3,298.1,1,22,67.93,1,0.021,1,0
111.2,4,261.1,0,22,4.18,1,0.273,1,0
59.61,6,133.3,0,18,7.72,0,0.479,0,0
173.5,1,214.4,0,23,32.86,0,0.513,0,0
114.02,1,268.3,0,7,37.54,0,0.0,1,0
18.58,6,4441.6,0,6,32.32,0,0.609,0,0
130.96,3,3428.4,0,21,9.18,0,0.357,1,0
89.01,4,964.7,0,10,10.38,0,0.625,0,0
76.36,2,724.2,0,4,20.08,0,0.365,0,0
6.42,3,9.8,1,1,33.89,0,0.646,1,0
132.33,3,252.5,0,9,36.71,0,0.0,0,0
111.99,3,121.1,0,8,19.42,0,0.032,1,0
89.18,3,4.0,0,23,28.12,0,0.709,0,0
202.73,3,3016.3,0,17,40.37,0,0.424,0,0
529.08,2,176.0,0,6,134.09,1,0.332,0,1
71.68,4,2042.1,0,20,7.57,0,0.025,0,0
146.27,6,70.5,1,9,30.65,0,0.713,0,1
35.28,4,881.2,1,20,22.53,0,0.555,1,0
32.31,5,494.6,0,17,11.21,0,0.262,0,0
93.9,4,377.9,0,1,62.73,0,0.446,1,0
36.85,3,809.2,0,16,47.52,0,0.0,0,0
78.54,2,2507.8,0,16,20.56,0,0.0,1,0
121.58,3,1650.5,0,7,10.11,0,0.429,1,0
369.45,3,144.4,1,2,164.44,4,0.636,0,1
8.27,6,12.6,0,20,2.9,0,0.229,0,0
73.92,1,842.4,0,16,74.05,0,0.381,0,0
4.72,3,428.0,0,16,15.57,0,0.36,1,0
1.09,5,246.3,0,13,3.76,0,0.489,1,0
47.13,4,832.9,0,15,61.88,0,0.497,0,0
11.69,2,667.0,0,17,6.54,0,0.102,0,0
130.67,3,236.3,0,19,16.32,1,0.132,0,0
74.16,2,61.1,0,8,26.12,0,0.146,1,0
32.89,5,149.9,0,19,48.3,0,0.554,0,0
69.55,3,2404.0,0,0,31.55,0,0.335,0,0
161.31,3,1576.7,0,12,73.56,0,0.164,1,0
15.54,5,12.2,0,21,12.1,0,0.0,0,0
39.42,7,181.2,1,4,83.91,0,0.438,1,0
397.22,1,124.5,0,21,199.86,0,0.426,1,1
6.47,5,480.3,0,10,32.09,1,0.389,0,0
57.11,4,887.7,0,19,29.8,1,0.131,1,0
355.54,2,649.8,1,11,52.08,1,0.377,0,1
427.63,5,55.9,0,7,95.02,1,0.332,1,1
8.93,4,453.4,0,2,103.46,0,0.302,0,0
9.96,2,17.2,0,22,5.5,0,0.035,1,0
115.74,1,506.8,1,16,26.1,0,0.079,1,0
16.88,6,655.8,0,21,73.41,1,0.362,1,0
111.17,3,674.9,0,6,48.35,0,0.453,1,0
87.53,5,472.4,0,3,14.63,1,0.292,0,0
81.59,2,3869.5,0,19,20.88,0,0.47,0,0
18.91,1,893.7,0,20,11.99,0,0.232,0,0
353.87,4,227.1,1,19,190.76,0,0.661,0,1
105.98,2,24.8,0,11,129.73,0,1.0,0,1
36.86,4,113.2,0,13,47.33,0,0.35,0,0
77.24,1,2152.3,0,20,18.57,0,0.037,0,0
30.14,4,379.3,0,7,59.45,0,0.55,0,0
128.39,1,964.8,0,4,1.42,0,0.534,0,0
24.85,2,670.8,0,22,19.17,0,0.451,0,0
35.74,3,1286.1,1,4,100.95,2,0.126,0,0
117.88,5,799.5,0,5,31.31,0,0.384,1,0
50.14,5,110.6,0,13,2.66,1,0.424,0,0
131.4,3,2428.3,0,11,2.01,0,0.164,1,0
32.94,2,2987.5,0,18,22.93,1,0.386,0,0
85.03,7,242.9,0,19,13.82,0,0.223,0,0
129.09,2,1147.0,0,6,27.69,0,0.175,0,0
118.54,4,1563.6,0,8,10.65,2,0.391,0,0
90.21,2,260.0,1,12,52.32,0,0.131,0,0
54.79,6,833.5,1,14,5.99,0,0.0,0,0
43.79,7,586.8,0,1,78.41,1,0.364,1,0
155.95,9,332.1,0,13,15.87,0,1.0,0,0
138.54,5,917.4,1,8,0.59,0,0.157,1,0
6.15,4,1538.9,1,10,39.3,1,0.425,1,0
19.2,1,264.8,0,3,51.53,1,0.154,1,0
42.5,3,274.6,0,6,51.51,0,0.128,0,0
133.59,3,283.0,0,14,13.04,0,0.402,0,0
158.67,3,1119.8,0,9,8.09,1,0.0,0,0
326.51,0,300.7,1,4,38.52,1,0.511,1,1
6.91,6,398.7,1,11,18.24,3,0.433,1,0
146.34,6,104.9,0,4,35.45,0,0.65,1,0
374.68,3,21.5,0,17,71.17,0,0.313,0,1
140.97,3,3.2,1,9,12.22,0,0.0,0,0
138.7,6,222.1,0,3,22.82,1,0.0,0,0
64.55,5,109.7,0,15,27.26,2,0.269,0,0
143.69,6,370.5,0,10,83.58,0,0.007,0,0
15.39,6,21.0,0,18,8.61,0,0.113,0,0
142.76,0,167.5,0,23,8.56,0,0.573,0,0
57.23,4,276.0,0,15,29.32,0,0.654,0,0
106.33,2,311.3,1,19,36.5,0,0.253,0,0
92.15,1,794.8,0,10,60.36,0,0.307,1,0
15.22,1,793.5,0,20,76.1,1,0.0,0,0
95.95,1,533.6,0,4,7.69,0,0.341,0,0
42.83,2,42.1,0,1,11.82,0,0.209,1,0
100.06,2,1626.6,0,18,47.01,0,0.263,0,0
6.42,4,94.3,0,0,15.18,0,0.324,1,0
14.72,5,533.8,0,2,15.18,0,0.513,0,0
22.26,3,188.6,1,14,53.3,1,0.424,0,0
81.42,3,601.5,0,20,27.29,2,0.373,1,0
53.27,2,810.2,0,1,47.65,0,0.033,0,0
61.54,7,380.6,0,0,23.24,1,0.166,1,0
32.57,3,1104.2,0,20,15.15,0,0.286,1,0
33.81,9,218.8,0,20,3.2,1,0.289,1,0
44.55,2,224.3,0,14,134.54,0,0.574,1,1
134.31,2,690.0,0,6,21.77,0,0.582,0,0
9.19,6,242.3,0,7,16.2,0,0.48,0,0
120.66,1,2122.9,0,3,42.7,0,0.492,0,0
8.1,4,112.1,0,23,25.42,1,0.384,0,0
90.81,3,603.1,1,8,42.54,0,0.261,1,0
2.33,1,387.0,0,11,19.57,1,0.135,1,0
77.82,6,12.5,0,14,22.78,0,0.377,0,0
5.76,4,1394.1,0,7,28.03,0,0.131,0,0
9.84,2,600.5,0,5,50.94,0,0.029,0,0
114.19,5,338.0,1,9,9.82,1,0.36,1,0
159.26,1,157.0,0,3,19.03,0,0.262,1,1
94.57,1,299.8,0,1,37.84,1,0.145,1,0
126.02,2,289.3,0,0,30.74,0,0.986,1,0
104.72,2,24.2,0,8,28.46,0,0.549,1,0
263.3,1,165.7,0,21,50.39,1,0.839,0,1
26.41,2,94.4,0,20,3.05,1,0.137,1,0
48.85,3,581.8,0,4,,0,0.055,1,0
34.03,5,1162.0,1,0,7.27,0,0.521,0,0
121.9,3,409.0,0,16,11.57,0,0.396,0,0
19.0,9,63.8,0,23,22.39,0,0.315,1,0
66.38,3,666.0,0,20,12.76,0,0.233,1,0
130.77,8,487.7,1,2,34.75,0,0.064,0,0
60.12,4,5005.3,1,8,1.62,0,0.257,0,0
393.3,1,135.0,1,21,178.22,1,0.618,1,1
37.51,2,1720.6,1,8,60.01,0,0.408,0,0
119.18,7,419.7,0,12,3.69,0,0.047,1,0
1.84,1,2329.6,0,21,22.03,0,0.65,1,0
96.68,1,40.0,0,16,144.7,1,0.773,1,1
92.06,3,495.3,0,11,23.59,1,0.103,1,0
170.86,2,251.8,0,22,48.88,0,0.0,1,0
95.69,1,180.4,0,1,61.22,0,0.476,0,0
22.99,4,685.8,0,20,0.37,0,0.379,1,0
37.52,1,355.4,0,20,76.38,1,0.53,1,1
79.28,2,1078.7,0,20,4.83,1,0.139,1,0
157.26,6,735.6,0,5,65.28,1,0.185,0,0
133.6,2,775.8,0,1,47.64,0,0.281,0,0
94.56,3,1352.8,0,8,34.44,3,0.302,0,0
156.52,3,260.9,0,2,0.09,0,0.421,0,0
130.65,5,158.6,0,23,64.06,0,0.292,0,0
256.27,1,294.5,0,16,168.1,1,0.874,0,1
144.77,5,181.2,0,19,20.81,1,0.023,1,0
96.36,3,106.9,0,17,45.19,0,0.329,0,0
48.19,1,84.0,1,11,27.01,1,0.205,1,1
27.16,2,460.8,0,20,37.58,0,0.349,0,0
100.56,5,638.9,0,22,7.93,1,0.365,0,0
10.51,2,74.6,0,1,50.4,0,0.434,0,0
194.14,2,217.1,0,15,32.17,0,0.424,0,0
101.09,4,1233.0,0,5,25.46,0,0.226,1,0
11.39,1,136.9,0,8,16.56,0,0.343,1,0
145.77,4,1857.9,0,14,28.49,0,0.328,0,0
110.26,3,257.5,1,15,27.6,0,0.0,1,0
124.31,3,2414.2,0,10,15.23,0,0.085,0,0
47.16,2,54.2,0,3,72.38,0,0.758,0,0
121.46,2,2042.4,1,21,1.39,1,0.732,1,0
34.8,1,534.9,0,19,43.9,0,0.315,1,0
59.36,3,1178.2,0,9,37.71,0,0.316,0,0
34.75,2,2818.8,0,6,38.56,0,0.0,0,0
128.69,7,587.0,0,2,14.66,0,0.217,0,0
22.77,6,632.5,0,7,8.28,1,0.0,1,0
293.58,2,1290.2,1,10,8.82,0,0.652,1,1
144.99,3,2327.9,1,23,11.77,0,0.167,0,0
43.52,2,1175.5,0,7,8.64,1,0.156,0,0
0.8,1,698.6,0,15,33.88,0,0.305,0,0
0.87,2,788.5,0,12,50.23,1,0.526,1,0
35.02,3,4.1,1,0,99.99,0,0.241,1,0
35.09,1,569.8,1,21,6.08,0,0.133,1,0
87.85,1,94.2,0,2,19.78,0,0.639,0,0
8.11,3,227.9,0,23,43.07,0,0.0,1,0
434.35,6,329.9,0,14,115.09,0,1.0,1,1
119.57,6,1112.6,0,12,8.3,0,0.0,0,0
5.8,4,309.7,0,7,7.42,0,0.415,0,0
35.51,3,1986.5,0,14,54.17,0,0.448,1,0
148.33,4,1326.7,1,4,29.58,0,0.21,1,0
131.14,1,138.8,0,18,86.19,1,0.112,1,0
134.92,2,6.7,0,4,215.2,0,0.731,0,1
157.66,3,447.1,0,4,55.14,0,0.543,0,0
4.64,6,87.0,0,4,,0,0.735,0,0
65.69,7,1421.5,0,21,3.82,0,0.062,0,0
211.78,2,170.2,1,22,332.75,0,0.25,0,1
124.52,5,571.9,0,5,17.58,0,0.191,1,0
0.29,3,437.9,1,5,16.02,0,0.0,0,0
104.34,7,136.6,0,13,94.73,1,0.0,1,0
38.16,6,2165.4,0,12,1.25,0,0.17,0,0
18.73,5,217.0,0,17,3.73,0,0.041,0,0
152.77,2,742.1,0,22,15.84,0,0.452,0,0
51.77,5,473.2,0,15,34.8,0,0.349,1,0
21.85,1,376.2,0,8,12.19,0,0.379,0,0
20.15,1,7.6,0,4,61.46,3,0.706,1,1
110.79,4,212.9,0,15,41.32,1,0.557,0,0
82.23,4,635.4,0,8,22.09,0,0.399,0,0
116.54,2,115.7,0,15,173.45,2,0.533,1,1
29.62,3,229.3,0,13,27.03,0,0.262,0,0
74.37,3,440.5,0,20,0.35,1,0.744,1,0
139.35,5,472.6,0,21,40.73,1,0.503,1,0
117.24,3,651.8,0,14,27.67,1,0.163,0,0
80.38,3,324.7,0,20,5.92,0,0.39,0,0
108.76,3,67.0,0,12,39.98,0,0.294,1,0
14.94,2,489.9,0,8,32.04,0,0.0,0,0
21.62,3,783.1,0,14,5.89,0,0.742,0,0
189.21,4,234.2,0,17,69.29,0,0.15,1,0
69.46,5,256.1,0,21,39.37,1,0.048,1,0
12.42,4,159.8,0,1,41.52,0,0.225,0,0
88.91,3,2567.0,0,14,35.6,0,0.178,1,0
239.48,1,56.5,0,14,40.85,0,0.421,0,1
147.24,3,1891.3,0,23,17.49,0,0.53,0,0
369.2,3,170.4,0,18,63.08,2,0.674,0,1
2.51,4,305.9,0,14,38.71,0,0.222,1,0
58.8,2,813.7,0,11,35.15,0,0.201,0,0
16.45,5,85.9,0,22,3.84,0,0.213,1,0
118.27,4,219.3,0,8,23.83,0,0.908,1,0
108.36,6,180.8,0,19,32.62,0,0.548,0,0
7.4,4,327.3,0,7,52.16,0,0.188,0,0
9.6,4,2722.8,0,2,8.67,0,0.315,0,0
13.26,3,590.2,0,2,122.75,0,0.645,0,0
18.53,6,118.0,0,6,2.09,0,0.338,1,0
17.8,3,75.4,0,1,19.09,1,0.303,0,0
135.21,1,555.4,0,14,2.03,1,0.417,1,0
276.13,5,278.3,1,3,358.14,0,0.425,1,1
103.09,7,487.2,0,14,28.02,0,0.136,0,0
13.51,6,1514.3,0,1,22.2,0,0.052,0,0
36.03,1,2524.4,1,0,2.25,1,0.0,1,0
136.88,1,799.3,1,17,4.46,0,0.0,0,0
191.48,4,14.8,0,2,52.58,0,0.285,1,0
104.01,2,1091.4,0,16,37.59,2,0.137,0,0
71.08,2,685.4,0,1,16.06,0,0.321,0,0
29.13,6,3989.4,0,15,21.55,0,0.799,0,0
54.82,6,32.6,0,15,40.34,0,0.473,0,0
111.7,2,366.4,0,22,29.79,1,0.0,0,0
127.53,2,241.4,1,9,40.3,0,0.0,0,0
136.76,3,818.6,0,15,5.42,0,0.791,1,0
5.38,4,743.4,0,13,75.67,0,0.392,0,0
45.79,5,48.7,0,4,62.26,0,0.736,1,0
24.8,4,631.8,1,5,52.88,1,0.435,0,0
51.77,4,1889.0,1,13,34.03,1,0.283,0,0
7.82,6,925.6,1,19,93.44,1,0.126,0,0
75.65,4,1259.3,0,10,6.15,1,0.0,1,0
50.65,4,469.0,0,10,5.66,1,0.297,1,0
127.84,5,42.0,0,4,4.93,0,0.308,0,0
11.95,2,248.4,0,17,4.52,0,0.378,1,0
29.0,3,258.7,0,19,21.45,0,0.15,0,0
99.13,3,716.1,0,23,46.56,0,0.032,0,0
8.54,2,159.7,1,6,58.25,0,0.142,0,0
55.92,6,1573.9,0,3,96.19,0,0.249,0,0
77.05,6,102.6,0,14,5.29,0,0.443,0,0
145.99,0,653.9,0,23,294.49,0,0.559,0,1
146.69,5,1421.0,0,15,90.09,0,0.237,0,0
217.33,4,93.8,0,18,75.04,1,0.839,0,1
26.79,1,337.8,0,15,26.59,2,0.514,0,0
16.56,9,442.6,1,3,47.47,0,0.101,1,0
155.02,2,569.1,0,1,10.09,0,0.0,1,0
43.98,1,60.9,0,21,154.73,0,0.647,1,1
27.32,2,875.7,0,19,23.16,1,0.0,1,0
31.59,5,1900.0,0,11,28.31,1,0.449,0,0
11.61,4,1631.6,0,1,5.39,0,0.187,1,0
106.32,4,291.3,0,18,70.76,0,0.397,0,0
113.78,4,95.5,0,5,7.64,1,0.0,0,0
15.3,4,379.4,0,11,8.28,1,0.607,0,0
66.01,5,155.2,1,1,28.1,0,0.135,0,0
105.01,6,20.1,0,4,56.98,0,0.427,1,0
24.5,3,148.9,0,9,22.9,0,0.238,0,0
2.51,3,682.6,0,19,,2,0.0,0,0
114.15,6,398.7,0,17,46.59,0,0.197,0,0
1.3,3,114.5,0,8,18.2,1,0.343,1,0
75.05,4,165.9,0,14,15.51,0,0.039,1,0
109.57,4,240.0,0,10,56.93,0,0.623,1,0
377.81,3,555.7,0,11,167.03,1,0.0,0,1
25.95,3,434.5,1,18,6.85,0,0.567,0,0
65.92,4,446.7,0,2,65.2,0,0.0,1,0
69.85,3,602.3,0,22,15.75,0,0.232,0,0
4.44,4,198.3,0,18,31.82,0,0.29,0,0
44.6,4,1312.3,0,11,56.75,0,0.444,0,0
11.2,2,233.0,0,18,67.0,0,0.267,0,0
277.18,0,428.3,0,5,72.01,0,0.22,0,1
100.3,1,163.6,0,2,16.85,0,0.185,0,0
3.16,5,1905.1,0,21,38.68,0,0.0,0,0
66.44,3,378.0,0,18,38.1,0,0.301,0,0
127.14,2,6.2,1,9,19.86,1,0.021,1,0
7.36,4,149.5,0,10,12.23,0,0.155,0,0
53.93,1,91.7,0,2,38.19,0,0.122,0,0
76.38,3,604.4,0,16,0.21,0,0.296,1,0
99.46,3,1792.5,0,3,9.21,0,0.021,1,0
17.54,4,122.7,0,15,36.48,0,0.499,0,0
71.06,4,1031.1,0,5,48.43,1,0.111,1,0
86.92,3,600.1,0,1,0.63,1,0.468,1,0
132.61,1,1998.5,0,18,38.39,0,0.475,1,0
0.12,2,1323.4,0,1,45.35,1,0.371,1,0
36.25,0,2408.8,0,4,13.15,1,0.172,0,0
143.48,0,1162.3,0,0,48.56,0,0.149,1,0
32.85,3,1082.6,0,17,10.39,1,0.306,0,0
66.12,4,380.1,1,15,45.54,0,0.081,0,0
148.67,0,96.1,1,11,233.19,0,0.619,1,1
81.34,2,507.2,0,16,28.59,0,0.414,0,0
50.2,4,50.6,0,9,61.57,0,0.208,0,0
0.66,5,1499.0,1,5,44.82,0,0.19,0,0
88.66,6,23.0,0,2,74.75,0,0.341,0,0
226.46,2,527.0,0,22,58.36,0,0.27,0,0
32.99,5,636.8,0,7,14.25,0,0.0,0,0
8.36,6,940.2,0,0,75.91,0,0.565,0,0
98.89,4,1136.9,0,21,22.98,2,0.0,1,0
73.24,4,2225.2,0,2,56.83,0,0.126,0,0
142.89,1,37.0,1,9,255.94,0,0.57,0,1
35.35,2,89.5,1,15,11.22,0,0.238,0,0
6.26,5,332.1,0,3,2.59,0,0.742,0,0
89.57,5,1910.3,0,5,98.55,0,0.509,1,0
29.26,5,3223.4,0,17,27.37,0,0.255,0,0
64.31,4,244.3,0,22,16.94,0,0.0,1,0
128.8,1,324.1,0,14,7.46,0,0.025,0,0
260.61,4,169.5,1,22,233.83,0,0.74,0,1
184.69,5,250.9,0,3,151.27,0,0.315,1,1
499.49,3,257.1,1,12,85.73,1,0.236,0,1
76.06,2,911.5,0,19,25.85,0,0.0,0,0
15.17,3,188.1,0,15,15.74,1,0.087,1,0
113.46,2,1525.0,0,6,75.97,0,0.285,0,0
11.05,4,368.7,0,3,18.49,0,0.177,1,0
59.57,4,854.7,0,20,51.01,0,0.57,1,0
95.4,4,158.7,0,5,0.97,0,0.166,1,0
133.14,1,674.9,0,1,88.63,0,0.086,0,0
71.26,6,1810.5,0,7,28.66,0,0.458,0,0
64.38,6,472.5,0,6,50.17,2,0.465,1,0
41.64,6,296.8,0,23,48.32,0,0.155,0,0
38.85,6,37.2,0,19,26.2,0,0.064,0,0
64.31,1,187.0,0,19,60.72,0,0.272,0,0
39.56,5,272.1,0,1,20.68,1,0.406,0,0
188.66,4,168.1,0,15,37.12,0,0.135,0,0
51.97,8,245.7,0,8,13.67,0,0.01,1,0
110.65,3,606.1,0,3,14.84,0,0.285,1,0
132.13,3,427.4,0,18,42.49,0,0.734,0,0
141.42,5,124.0,0,3,23.43,0,0.021,1,0
142.5,3,179.2,0,2,21.84,1,0.35,1,0
152.2,3,330.7,0,10,12.35,0,0.271,1,0
212.86,5,208.4,1,18,6.09,0,0.131,0,0
0.21,3,310.5,0,11,4.02,0,0.042,0,0
1.96,1,599.3,0,16,43.85,0,0.0,1,0
238.21,4,67.9,0,21,177.11,0,0.524,1,1
33.48,5,835.2,0,8,43.59,1,0.0,1,0
271.0,0,100.8,1,22,162.85,3,0.508,1,1
43.95,3,36.8,1,11,331.0,1,0.733,1,1
52.74,7,96.2,0,0,24.98,0,0.45,0,0
36.06,2,127.4,0,5,15.26,1,0.063,0,0
73.79,3,432.5,0,16,88.2,0,0.45,0,0
64.09,5,80.9,0,1,2.27,1,0.348,0,0
40.66,1,292.3,0,17,48.64,0,0.622,0,0
128.45,2,1620.6,0,18,15.84,0,0.506,0,0
61.41,3,9.0,0,18,27.45,0,0.245,0,0
150.33,3,916.3,0,1,51.02,0,0.356,0,0
108.5,6,2385.0,0,10,38.32,1,0.396,0,0
181.94,1,130.1,1,14,229.67,3,0.769,1,1
48.58,5,406.0,0,16,71.59,0,0.346,1,0
234.74,5,103.2,0,2,2.49,0,0.0,1,0
78.71,2,85.4,0,16,79.88,0,0.429,1,0
24.11,4,329.2,0,14,6.23,0,0.358,0,0
188.8,1,571.8,0,2,29.78,0,0.094,1,0
8.46,3,1185.8,0,7,35.53,0,0.179,1,0
133.17,5,637.7,0,13,19.49,0,0.071,0,0
55.55,0,1298.8,0,18,40.04,0,0.845,1,0
157.99,9,15.3,0,19,17.2,0,0.507,1,0
31.12,3,137.6,0,21,7.38,0,0.606,1,0
235.64,3,207.1,0,11,49.61,0,0.424,1,0
71.89,2,1769.9,0,18,4.05,2,0.399,1,0
202.59,3,1741.3,0,22,42.06,0,0.217,0,0
145.83,5,299.4,0,13,5.37,0,0.632,0,0
47.82,5,28.5,0,11,7.29,0,0.462,1,0
168.2,4,168.2,0,11,107.35,3,0.529,1,1
1.32,3,723.8,0,17,39.51,0,0.369,1,0
84.54,3,1212.0,0,9,0.73,0,0.469,0,0
33.85,6,217.3,0,19,1.83,1,0.242,1,0
184.11,4,778.8,1,14,2.84,0,0.461,1,0
48.53,1,1022.9,1,8,14.48,0,0.435,0,0
262.92,3,297.9,0,13,123.77,1,0.6,1,1
302.24,2,665.1,0,21,106.26,1,0.955,1,1
1.1,2,1626.4,0,7,44.13,0,0.294,0,0
61.23,5,803.9,0,14,76.41,0,0.297,1,0
89.34,2,519.9,0,0,53.27,1,0.836,0,0
54.85,2,406.5,0,3,28.88,0,0.013,1,0
171.49,3,665.7,0,12,42.26,0,0.203,0,0
65.93,4,351.9,0,10,115.0,1,0.354,0,1
106.09,4,30.4,0,16,8.64,0,0.167,0,0
152.85,0,528.7,0,11,41.84,0,0.153,0,0
176.08,10,327.6,0,17,27.06,2,0.32,0,0
121.8,5,452.5,0,11,12.18,0,0.292,0,0
107.7,1,749.8,0,15,75.42,0,0.231,0,0
138.09,4,322.6,0,20,27.89,0,0.198,0,0
290.23,3,28.6,1,13,24.5,2,0.081,1,1
41.56,7,481.4,0,20,41.99,0,0.564,0,0
87.68,3,1860.1,0,0,8.68,2,0.387,0,0
0.5,6,406.2,1,17,42.34,0,0.494,0,0
142.91,2,274.8,0,3,69.29,1,0.769,0,0
119.35,2,47.3,0,6,18.73,0,0.251,1,0
15.51,3,210.4,0,0,19.21,0,0.046,1,0
354.41,2,43.5,1,13,245.93,1,0.256,1,1
230.73,7,425.3,1,12,16.61,0,0.0,0,0
5.6,6,415.1,0,8,50.87,0,0.057,1,0
36.23,3,105.9,1,3,6.29,0,0.523,0,0
201.91,2,468.3,0,10,20.93,1,0.0,0,0
9.22,6,227.7,0,5,,2,0.377,0,0
127.08,2,9.3,0,3,3.32,1,0.093,0,0
0.01,5,294.3,0,23,38.63,0,0.682,0,0
68.42,11,922.2,0,6,31.27,0,0.053,0,0
97.62,5,554.4,0,10,38.1,0,0.128,0,0
80.27,2,1266.0,0,6,31.54,0,0.459,1,0
96.29,2,1782.9,0,16,44.03,0,0.167,1,0
143.09,4,758.2,0,5,2.24,0,0.0,0,0
51.56,1,185.6,0,18,0.27,0,0.509,0,0
18.39,6,780.6,0,1,42.02,0,0.278,1,0
48.09,8,338.3,0,18,21.5,0,0.27,0,0
18.58,2,1404.7,0,10,9.27,0,0.313,0,0
122.43,5,106.8,0,5,,0,0.021,1,0
62.43,3,310.9,0,15,14.53,0,0.422,0,0
20.85,3,1018.4,0,12,64.39,0,0.392,1,0
168.63,4,3119.0,0,4,,3,0.17,0,0
49.59,2,711.0,0,16,3.25,0,0.516,1,0
173.71,3,641.6,0,1,36.46,0,0.101,0,0
130.87,2,405.2,0,7,19.8,1,0.39,1,0
153.8,5,212.7,1,13,78.01,1,0.952,1,1
112.68,3,201.5,0,7,4.42,3,0.272,0,0
173.29,7,761.0,0,22,51.92,0,0.391,0,0
66.9,3,990.4,1,17,19.14,0,0.379,1,0
31.77,3,1237.2,0,14,20.94,0,0.415,0,0
50.02,2,2488.9,1,7,46.69,0,0.419,0,0
32.96,7,181.9,0,15,24.0,0,0.0,0,0
64.46,4,41.2,0,4,9.13,0,0.052,1,0
23.55,0,417.3,0,2,61.05,0,0.291,0,0
86.17,2,938.1,0,7,49.62,1,0.27,1,0
98.35,2,921.0,0,4,109.11,0,0.285,0,0
53.52,2,213.9,0,16,,0,0.291,0,0
61.62,4,116.7,0,9,15.3,0,0.153,1,0
130.54,3,302.4,0,11,0.11,1,0.282,0,0
43.4,5,505.9,0,7,46.56,0,0.209,1,0
35.7,5,12.1,0,12,6.21,0,0.272,1,0
73.68,1,2130.2,0,19,80.43,0,0.24,1,0
207.43,4,17.6,0,13,25.82,0,0.035,1,0
162.13,7,673.1,0,2,24.82,0,0.029,0,0
157.78,7,37.2,0,20,7.33,1,0.273,0,0
33.61,6,133.8,0,22,73.2,0,0.213,1,0
36.65,3,370.8,0,13,,0,0.594,1,0
94.29,3,141.3,0,7,48.98,1,0.246,1,0
117.19,2,122.6,0,11,73.52,1,0.284,0,0
82.93,5,1214.6,0,15,72.15,0,0.656,1,0
140.73,2,488.7,0,12,10.89,0,0.43,0,0
19.24,3,226.1,0,3,24.8,0,0.104,0,0
47.81,6,358.2,0,22,28.41,0,0.0,1,0
54.11,4,1363.8,0,14,19.99,0,0.125,0,0
85.54,0,305.5,0,10,25.22,0,0.438,1,0
33.01,1,1205.8,0,1,5.42,0,0.158,0,0
140.86,4,913.6,0,18,47.42,0,0.0,1,0
188.07,4,2983.7,0,15,11.5,0,0.375,0,0
124.69,1,824.8,0,4,114.35,1,0.378,0,0
37.31,4,1657.7,0,6,16.37,0,0.086,0,0
23.8,2,1033.3,1,14,58.26,0,0.369,0,0
51.88,4,159.4,0,2,39.83,0,0.241,0,0
88.35,3,238.5,0,10,32.82,0,0.329,0,0
131.23,6,126.5,0,5,33.01,0,0.557,1,0
27.55,5,301.4,0,4,6.2,0,0.189,0,0
39.91,3,297.9,0,1,55.62,0,0.115,1,0
69.29,7,282.0,1,20,43.5,0,0.577,0,0
33.68,5,2036.6,0,6,41.42,0,0.194,0,0
21.55,2,206.0,0,4,13.56,1,0.349,1,0
28.36,8,65.5,0,15,70.85,0,0.211,1,0
82.75,3,489.1,0,17,49.51,0,0.208,1,0
13.24,4,132.3,0,5,17.8,1,0.341,0,0
132.83,4,1023.3,0,19,10.03,1,0.0,1,0
154.15,1,116.5,0,11,9.0,1,0.235,1,0
59.58,6,2.7,0,7,6.42,0,0.51,0,0
24.07,5,195.6,0,4,30.29,0,0.404,0,0
51.74,4,67.8,0,23,53.11,0,0.045,0,0
12.04,10,65.3,0,2,19.95,0,0.615,0,0
119.75,2,1836.5,0,3,19.71,0,0.503,1,0
343.96,2,43.2,0,21,1.39,0,0.612,0,1
15.11,4,114.3,0,16,40.47,0,0.147,0,0
186.33,7,1226.6,0,2,81.45,0,0.412,0,0
53.02,0,51.1,0,13,148.18,1,0.39,1,1
373.54,0,7.8,0,12,97.27,0,0.364,1,1
49.27,3,683.4,0,22,97.47,1,0.364,1,0
91.08,6,2901.7,0,7,82.43,0,0.618,0,0
14.15,2,279.2,0,18,53.22,3,0.414,0,1
0.72,2,528.0,0,13,68.54,0,0.0,1,0
263.93,2,423.1,1,7,34.51,1,0.334,1,1
105.5,6,235.9,0,6,45.06,0,0.373,0,0
42.06,7,199.3,0,4,17.76,0,0.433,0,0
48.35,3,1063.2,0,3,29.99,0,0.248,1,0
74.72,7,363.4,0,13,69.47,1,0.344,1,0
140.87,3,362.1,0,0,85.93,1,0.291,0,0
42.25,4,124.5,0,1,5.98,0,0.215,1,0
90.47,3,23.8,0,6,13.42,0,0.532,1,0
99.43,3,238.9,0,6,31.4,0,0.325,0,0
4.45,3,2888.2,0,16,85.84,0,0.424,0,0
655.5,2,172.3,0,6,29.44,0,0.506,1,1
142.95,4,730.0,0,4,51.53,0,0.154,0,0
87.41,3,2557.6,0,19,8.9,0,0.444,0,0
43.75,9,229.5,0,7,48.88,0,0.673,0,0
51.02,3,1409.2,0,8,56.24,0,0.381,0,0
30.96,3,1208.0,0,15,42.7,0,0.257,0,0
156.9,5,2616.0,0,4,19.98,0,0.364,1,0
111.88,5,657.5,0,19,72.5,0,0.121,1,0
118.07,4,2226.4,0,20,50.4,0,0.377,0,0
163.1,3,288.7,0,16,25.62,0,0.409,0,0
32.33,4,2.5,0,23,22.13,1,0.222,0,0
48.75,2,382.2,0,0,58.5,0,0.45,0,0
2.31,2,839.4,0,14,43.68,0,0.167,0,0
33.56,5,358.5,1,21,31.63,1,0.208,1,0
189.03,1,969.5,1,1,59.68,3,0.456,1,0
1.27,4,392.1,0,2,15.02,2,0.295,0,0
79.17,4,4898.3,1,20,5.02,0,0.075,1,0
125.24,1,504.9,0,0,4.25,0,0.005,1,0
18.51,3,1300.5,0,18,71.78,0,0.385,0,0
79.95,4,89.0,0,3,53.77,0,0.357,0,0
74.14,4,1265.9,0,7,21.38,0,0.132,1,0
105.25,5,1035.8,0,16,59.48,0,0.144,0,0
56.35,4,825.1,0,3,62.73,0,0.287,0,0
169.93,5,424.5,0,22,30.64,0,0.288,0,0
3.18,1,702.0,0,0,11.35,0,0.003,0,0
79.6,5,260.2,0,10,6.07,0,0.032,0,0
73.87,1,1854.0,0,18,20.75,0,0.188,0,0
95.45,3,310.2,0,14,54.2,0,0.191,0,0
74.06,4,1396.0,1,7,13.02,0,0.247,0,0
40.29,2,222.9,0,11,35.02,1,0.162,1,0
135.86,1,2794.3,0,9,19.74,0,0.741,1,0
4.65,4,800.7,0,2,2.99,0,0.497,0,0
41.3,3,609.1,0,7,4.36,0,0.203,0,0
54.78,4,104.0,1,18,18.28,0,0.296,1,0
102.07,2,510.8,0,7,44.67,0,0.288,0,0
36.68,5,124.1,0,16,11.34,1,0.034,0,0
140.12,5,128.3,1,20,5.65,1,0.355,0,0
150.4,4,874.7,0,22,16.86,0,0.317,0,0
76.08,3,50.6,0,17,51.2,0,0.468,1,0
5.07,4,1061.1,0,2,22.26,1,0.094,0,0
24.1,4,633.3,0,1,29.43,0,0.404,0,0
34.85,3,282.6,1,16,37.18,0,0.524,0,0
36.36,9,156.2,0,22,31.88,0,0.275,1,0
2.82,4,1445.4,0,7,28.91,0,0.19,0,0
562.21,3,40.9,0,19,113.2,1,0.403,0,1
164.78,5,2447.1,0,9,51.63,0,0.306,0,0
13.83,2,352.8,0,19,48.61,0,0.404,0,0
166.56,3,466.7,0,17,8.32,0,0.649,1,0
3.37,5,1188.0,0,3,22.25,0,0.387,0,0
117.56,6,1054.9,0,6,39.06,0,0.167,0,0
46.06,7,346.0,0,8,68.97,0,0.282,0,0
20.12,2,9.2,0,20,34.52,1,0.189,1,0
43.39,6,1355.3,0,15,106.46,0,0.167,1,0
23.99,4,78.6,0,9,53.32,0,0.277,0,0
7.85,3,1842.3,0,20,2.3,0,0.352,1,0
4.84,2,642.6,0,18,25.13,0,0.0,1,0
150.33,1,1114.7,0,12,29.52,0,0.516,1,0
170.01,3,1291.8,0,22,1.28,0,0.153,0,0
10.12,6,163.3,0,14,20.97,0,0.413,1,0
478.08,0,113.4,0,10,188.1,0,0.088,0,1
64.3,4,131.3,0,2,26.71,0,0.484,1,0
84.43,5,94.2,0,0,61.2,0,0.378,1,0
184.87,1,214.9,0,18,74.82,0,0.346,1,0
119.68,3,946.1,0,18,41.18,1,0.251,0,0
78.31,6,857.9,1,10,22.92,1,0.038,0,0
173.38,4,981.3,0,23,62.33,1,0.353,0,0
29.16,1,1287.1,0,9,48.22,0,0.483,1,0
7.14,5,1406.3,0,2,16.31,1,0.216,0,0
60.86,2,494.1,0,22,39.62,1,0.166,1,0
213.46,7,710.2,1,14,25.68,1,0.004,1,0
110.62,2,1972.1,0,1,42.3,0,0.084,1,0
99.07,2,1703.9,0,18,22.86,0,0.287,0,0
0.53,3,188.3,0,2,38.72,0,0.486,0,0
95.65,4,1058.7,1,2,21.79,0,0.119,0,0
39.35,4,1160.0,0,3,40.73,0,0.374,0,0
161.57,4,83.2,0,13,37.29,0,0.311,1,0
389.09,0,113.1,1,14,87.91,1,0.424,0,1
13.64,4,600.3,0,1,19.24,1,0.481,1,0
78.91,3,585.5,0,20,44.71,0,0.024,0,0
129.8,4,38.3,0,9,6.64,0,0.317,0,1
87.03,2,175.1,0,22,58.13,1,0.299,0,0
109.95,5,231.5,0,13,12.88,0,0.291,0,0
59.97,7,1152.5,0,4,4.57,0,0.028,1,0
41.1,7,1076.6,0,1,26.62,0,0.206,1,0
128.24,3,188.3,0,13,124.52,0,0.46,0,0
43.02,4,14.7,0,20,28.04,2,0.194,1,0
11.52,8,7.6,0,6,56.3,1,0.336,0,0
111.15,1,79.3,0,19,76.68,0,0.513,0,0
189.92,5,671.3,0,3,,0,0.517,0,0
36.11,6,1237.6,0,18,4.29,0,0.269,0,0
145.27,5,152.6,0,11,8.46,0,0.136,1,0
306.64,1,149.1,0,20,105.44,0,0.512,0,1
52.49,6,880.5,0,6,36.7,0,0.371,0,0
7.17,3,113.6,0,11,49.38,1,0.082,1,0
20.45,4,749.5,0,11,31.02,0,0.243,0,0
163.24,2,1812.1,0,14,16.29,1,0.0,0,0
73.97,3,2201.2,0,14,,0,0.193,1,0
15.82,5,79.0,1,0,3.23,0,0.0,0,0
21.93,1,268.4,0,7,13.07,0,0.703,1,0
66.11,1,734.7,0,15,19.99,0,0.553,0,0
30.48,5,428.6,0,17,37.35,0,0.28,0,0
116.16,7,565.0,0,17,43.92,1,0.339,0,0
272.43,1,30.5,1,23,45.88,1,0.731,1,1
72.35,7,683.8,0,20,9.18,0,0.62,1,0
62.58,0,116.5,0,6,12.25,0,0.717,1,0
121.36,4,1825.8,0,7,30.8,0,0.271,1,0
58.27,5,1797.2,0,4,29.56,1,0.183,0,0
58.93,7,455.2,0,3,38.24,0,0.578,0,0
23.14,4,97.0,0,20,30.44,0,0.188,0,0
47.01,3,303.5,0,4,5.89,0,0.0,0,0
83.14,4,166.6,0,16,3.62,0,0.521,1,0
133.47,5,501.0,0,4,40.28,0,0.432,0,0
113.09,4,2307.3,0,20,86.85,0,0.461,0,0
107.04,6,484.8,0,23,10.32,0,0.0,1,0
124.69,4,773.8,0,6,19.03,0,0.0,1,0
20.92,4,24.0,0,4,12.66,0,0.563,1,0
134.52,2,1394.5,0,13,51.64,1,0.203,0,0
66.5,4,70.6,1,21,3.81,0,0.155,0,0
62.12,1,3027.5,0,19,13.48,0,0.231,0,0
35.41,4,827.2,0,11,104.86,1,0.267,0,0
55.2,5,895.2,0,4,39.04,1,0.082,0,0
56.1,3,77.6,0,1,41.65,0,0.541,0,0
27.17,1,119.4,0,22,,0,0.471,0,0
129.06,2,30.5,0,23,35.98,0,0.413,1,0
53.88,5,567.6,0,7,28.16,0,0.162,1,0
34.28,5,144.8,0,0,69.32,0,0.028,1,0
208.66,6,634.8,1,5,15.33,1,0.488,1,1
165.43,3,292.1,0,4,3.0,1,0.0,1,0
67.31,3,600.4,0,10,84.57,0,0.013,1,0
177.6,4,282.7,0,1,14.24,0,0.213,1,0
99.72,4,469.9,0,0,15.72,1,0.13,0,0
1.08,1,901.2,0,23,4.22,0,0.101,1,0
179.37,4,2447.4,0,9,58.34,0,0.569,0,0
167.44,3,382.3,0,12,3.77,0,0.447,0,0
111.78,2,41.2,0,23,26.82,0,0.44,0,0
24.54,1,691.3,0,21,21.67,0,0.187,1,0
153.46,2,611.4,0,5,17.75,0,0.493,1,0
250.02,3,1360.5,0,6,37.9,0,0.125,0,0
0.0,4,360.3,0,5,41.03,0,0.119,1,0
26.81,1,252.8,0,8,73.2,1,0.0,0,0
299.21,1,99.1,0,8,,0,0.421,1,1
4.97,3,2337.8,0,22,19.47,0,0.159,1,0
80.35,4,184.8,0,12,0.39,0,0.016,0,0
137.11,4,517.2,0,5,38.12,0,0.103,1,0
14.59,4,310.0,0,10,19.33,0,0.569,0,0
22.99,3,209.9,0,16,14.53,0,0.358,0,0
79.81,6,237.0,0,17,80.45,0,0.0,1,0
68.78,3,174.7,0,16,21.15,0,0.053,1,0
178.89,2,492.7,0,20,5.52,1,0.278,1,0
115.79,0,2271.9,0,10,8.32,0,0.447,1,0
134.57,3,704.8,0,9,79.68,1,0.0,1,0
178.28,2,453.2,0,12,25.67,0,0.177,0,0
21.22,4,260.8,0,8,2.49,0,0.354,0,0
131.21,1,158.4,0,21,251.61,1,0.688,1,1
208.08,6,2290.8,0,15,18.78,0,0.003,1,0
6.48,12,122.2,0,13,17.16,0,0.432,0,0
84.31,2,398.3,0,1,17.4,1,0.082,0,0
147.67,3,710.8,0,4,49.31,0,0.367,1,0
172.2,2,38.1,0,12,2.77,0,0.446,0,0
58.61,3,571.8,0,7,28.46,1,0.432,0,0
117.85,3,192.8,0,0,26.41,0,0.406,0,0
52.41,3,1422.2,0,19,89.77,1,0.258,1,0
33.2,6,1274.7,0,12,17.14,0,0.0,1,0
11.78,2,219.8,0,17,13.02,0,0.152,0,0
116.08,7,285.6,0,19,23.96,0,0.557,0,0
57.91,2,1319.1,0,19,40.15,1,0.084,0,0
98.0,4,26.9,0,6,33.36,0,0.527,0,0
84.78,6,312.5,0,17,0.87,1,0.401,0,0
161.6,4,386.6,0,22,41.15,0,0.515,1,0
170.2,3,913.7,0,4,25.44,0,0.377,0,0
110.83,4,1998.2,1,16,29.75,1,0.054,1,0
15.61,4,43.9,0,3,114.71,0,0.168,1,0
195.79,5,454.5,1,23,40.61,0,0.167,0,0
199.4,3,2622.2,0,8,32.52,0,0.439,0,0
11.34,9,64.7,1,0,,0,0.36,0,0
15.03,1,2082.0,0,20,30.48,0,0.208,1,0
74.35,4,2087.3,0,16,11.08,0,0.485,0,0
29.44,4,896.0,0,10,23.03,0,0.139,1,0
54.42,4,105.8,1,7,27.66,1,0.285,0,0
2.32,5,1333.0,0,14,1.3,0,0.068,0,0
34.95,3,415.3,0,17,88.41,1,0.143,0,0
115.57,6,957.4,0,8,57.51,1,0.26,1,0
47.8,4,58.5,1,2,80.51,0,0.105,0,0
105.78,3,20.1,0,0,23.44,0,0.308,0,0
15.62,2,200.9,0,20,53.72,0,0.47,1,0
67.65,5,798.9,0,15,27.94,0,0.113,1,0
127.86,2,665.6,0,17,38.59,0,0.009,1,0
139.13,1,2433.0,0,6,11.34,1,0.659,0,0
81.66,2,529.8,1,21,39.58,0,0.0,0,0
76.9,3,378.2,0,19,37.15,0,0.219,0,0
109.19,3,257.3,0,21,115.97,3,0.234,0,1
80.02,4,1323.6,0,8,36.66,1,0.294,1,0
67.9,7,532.7,0,18,16.53,2,0.261,0,0
99.78,5,483.6,0,11,3.97,0,0.0,0,0
101.61,3,544.1,0,23,15.39,1,0.075,0,0
106.18,4,402.1,0,6,58.37,0,0.256,1,0
161.21,3,1091.5,0,2,29.93,0,0.521,1,0
85.67,7,1013.5,0,8,50.4,0,0.709,0,0
61.73,4,496.7,0,7,,1,0.164,1,0
98.64,6,622.0,0,15,48.06,0,0.434,1,0
519.1,3,157.8,1,17,154.57,2,0.373,1,1
31.18,5,491.2,0,5,24.19,0,0.0,0,0
31.47,2,351.1,0,19,15.95,0,0.239,0,0
148.92,3,2526.1,0,14,16.41,2,0.153,0,0
17.5,3,452.3,0,5,32.18,0,0.353,0,0
178.25,1,964.3,0,22,28.82,1,0.215,0,0
33.73,4,512.2,1,9,30.24,0,0.318,0,0
124.87,2,2170.2,0,16,68.12,0,0.31,1,0
1.79,2,2843.5,0,16,44.76,0,0.521,0,0
116.72,6,256.6,0,23,42.31,0,0.143,1,0
96.89,5,13.7,0,9,5.12,0,0.212,0,0
92.8,5,55.2,0,15,5.63,0,0.045,0,0
25.51,4,415.8,0,7,36.41,0,0.187,0,0
224.76,2,65.3,0,11,174.05,1,0.363,0,1
81.14,4,227.7,1,5,40.04,0,0.404,0,0
104.49,7,1511.0,1,22,8.5,0,0.271,0,0
102.81,6,993.6,0,3,53.84,0,0.325,0,0
105.23,2,615.7,0,7,36.69,0,0.402,0,0
11.08,2,1050.1,0,0,95.7,0,0.075,0,0
103.61,4,582.7,1,17,7.04,0,0.35,0,0
74.77,2,2023.4,0,7,21.12,1,0.082,1,0
463.91,1,482.7,0,20,193.99,1,0.7,1,1
78.29,5,55.8,0,15,3.04,0,0.292,0,0
13.32,5,443.5,0,12,18.14,0,0.532,1,0
93.51,1,1373.0,0,14,42.6,0,0.054,0,0
178.13,1,718.4,0,8,17.67,0,0.229,1,0
34.47,6,804.9,0,21,17.34,0,0.395,1,0
169.39,4,604.3,1,5,186.3,1,0.558,0,1
181.96,3,167.3,0,7,14.24,1,0.373,1,0
97.66,2,198.7,1,19,110.1,0,0.096,0,0
44.48,4,427.2,0,18,26.93,0,0.216,0,0
171.5,2,45.4,1,7,25.69,0,0.226,0,0
43.68,5,25.6,0,18,10.43,0,0.564,1,0
138.15,3,279.0,0,20,303.52,0,0.284,1,1
149.48,3,905.5,0,15,60.19,1,0.131,0,0
436.39,2,384.0,0,14,362.85,2,0.697,0,1
113.76,2,617.7,1,19,15.31,0,0.29,0,0
90.59,4,183.5,0,13,15.81,0,0.338,0,0
4.79,2,336.6,0,11,11.0,1,0.0,0,0
72.33,5,20.5,0,0,52.01,0,0.222,0,0
123.89,2,1596.5,0,6,26.62,0,0.0,0,0
97.51,3,323.6,0,17,39.23,1,0.207,1,0
76.14,2,121.7,0,4,32.3,0,0.19,0,0
243.38,1,834.4,0,0,139.11,0,0.526,1,1
50.73,0,541.2,0,11,4.54,0,0.906,1,1
99.95,4,95.7,0,10,15.66,0,0.109,0,0
51.26,3,524.3,0,11,5.63,0,0.28,0,0
67.43,5,16.7,0,7,16.84,0,0.307,0,0
36.83,3,270.2,0,6,0.11,0,0.221,0,0
36.75,5,949.1,0,6,17.7,0,0.069,0,0
218.53,2,440.3,0,4,129.71,0,0.417,0,1
110.61,3,100.8,1,15,15.44,0,0.0,0,0
56.18,3,62.1,0,21,21.12,0,0.149,1,0
48.74,3,637.6,0,5,34.36,1,0.474,1,0
92.86,2,195.5,0,16,44.53,0,0.99,1,0
82.31,6,455.7,0,7,53.76,1,0.0,1,0
7.85,0,114.5,0,20,2.42,1,0.367,1,1
54.66,1,467.1,0,7,65.51,0,0.26,1,0
58.66,2,479.8,0,4,31.75,0,0.377,0,0
156.44,2,146.6,0,0,5.85,1,0.58,0,0
74.4,3,613.3,0,4,12.36,0,0.292,0,0
53.57,6,2137.1,0,12,4.56,0,0.014,1,0
60.28,1,658.4,0,14,2.77,0,0.07,0,0
39.45,5,208.3,0,22,24.35,0,0.0,1,0
63.75,2,128.6,0,0,32.91,0,0.135,1,0
169.48,8,950.1,0,11,4.83,0,0.0,0,0
56.62,4,469.7,0,5,8.44,0,0.0,0,0
85.58,5,1586.8,0,4,47.14,2,0.3,1,0
20.42,6,1720.4,0,13,25.34,0,0.478,0,0
3.08,2,684.6,0,1,36.98,0,0.131,0,0
14.46,3,409.1,1,13,46.43,0,0.346,0,0
389.97,5,165.6,0,17,83.27,2,0.407,0,1
67.71,2,183.1,0,22,74.03,0,0.593,1,0
59.37,3,2346.1,0,11,99.74,0,0.171,1,0
139.61,2,102.5,0,6,41.73,0,0.313,0,0
47.05,2,2218.8,0,21,9.39,0,0.263,0,0
159.43,2,139.8,1,12,2.94,0,0.37,0,0
172.02,3,0.5,0,8,5.14,0,0.432,1,0
97.7,7,427.4,0,17,23.44,0,0.358,1,0
93.63,11,103.9,0,19,7.48,0,0.328,0,0
61.49,3,1282.5,0,12,38.2,0,0.0,0,0
353.69,3,130.0,0,23,318.72,1,0.939,0,1
98.83,3,155.0,0,3,17.47,0,0.077,0,0
63.32,1,1221.6,0,15,40.76,0,0.218,0,0
17.78,2,771.9,0,11,44.18,0,0.393,0,0
101.71,3,84.1,0,16,27.71,0,0.186,0,0
30.88,2,141.2,0,2,15.8,0,0.0,0,0
47.46,4,5.1,0,9,44.47,0,0.48,0,0
98.85,7,363.6,1,8,56.16,0,0.0,0,0
19.0,3,433.0,0,16,14.51,0,0.328,0,0
125.37,4,204.9,0,4,31.01,1,0.557,1,0
9.32,0,1645.4,0,17,31.46,0,0.338,1,0
89.85,1,1397.0,0,13,37.61,0,0.249,0,0
71.96,3,114.8,1,20,43.17,0,0.696,0,0
55.21,3,13.6,0,13,73.2,0,0.053,0,0
109.09,4,88.5,0,6,28.45,1,0.025,0,0
260.03,1,30.9,1,12,71.42,0,0.615,0,1
35.84,6,652.0,0,21,65.86,0,0.564,0,0
63.77,4,210.9,0,15,30.4,0,0.0,0,0
164.47,4,1475.1,0,1,17.67,0,0.467,1,0
107.14,2,1027.7,0,4,48.6,0,0.628,0,0
122.37,1,453.0,0,1,11.8,0,0.028,0,0
140.53,2,1923.6,0,9,2.59,0,0.092,0,0
35.63,5,343.9,0,3,14.55,0,0.193,0,0
246.38,3,1904.3,0,21,86.81,0,0.348,1,0
66.66,4,1166.3,1,20,3.99,0,0.746,0,0
62.82,5,200.7,0,22,288.04,1,0.348,1,1
91.34,1,182.7,1,17,86.02,0,0.0,1,0
45.19,4,1078.9,0,13,60.2,0,0.407,1,0
42.02,1,1065.1,0,10,42.29,3,0.34,0,0
57.82,4,362.9,0,2,373.76,0,0.431,1,1
13.08,3,37.6,0,4,48.73,0,0.02,1,0
7.99,5,229.5,1,1,32.58,1,0.0,1,0
0.59,5,551.4,0,14,39.41,1,0.424,0,0
93.53,0,341.9,1,0,126.21,1,0.523,1,1
174.51,5,574.1,0,21,27.84,0,0.013,0,0
186.48,2,249.1,0,19,18.63,0,0.734,1,0
50.27,3,223.1,0,2,33.14,0,0.0,0,0
49.79,7,673.6,0,5,77.18,0,0.117,1,0
110.8,5,302.2,0,8,6.21,0,0.25,0,0
95.63,3,98.6,0,5,47.54,0,0.32,0,0
127.38,2,88.8,1,12,45.08,0,0.512,0,0
99.16,4,647.9,1,2,32.59,0,0.216,0,0
12.92,1,37.9,0,15,65.8,0,0.273,0,0
189.21,5,220.6,0,5,20.38,0,0.113,0,0
0.62,4,828.5,0,6,28.23,0,0.0,1,0
70.03,3,138.7,0,6,19.19,0,0.191,0,0
91.1,2,1671.0,0,10,11.56,0,0.565,1,0
39.77,3,1081.2,0,0,1.47,0,0.685,0,0
152.66,3,472.1,0,8,22.34,0,0.398,0,0
21.26,0,207.3,0,12,22.34,1,0.667,1,1
23.68,4,125.6,0,6,74.09,1,0.046,1,0
171.81,4,1341.3,0,6,20.34,1,0.425,1,0
75.76,5,123.8,0,18,7.48,0,0.0,0,0
94.52,2,1591.5,0,18,30.89,0,0.486,0,0
49.27,7,175.1,0,17,58.48,1,0.0,1,0
102.14,3,553.9,0,14,20.35,0,0.381,1,0
70.88,5,319.5,0,9,32.27,0,0.293,1,0
93.04,1,840.6,0,2,17.97,0,0.791,0,1
92.49,4,61.8,0,8,53.32,0,0.339,1,0
90.22,6,619.8,0,22,25.68,1,0.276,0,0
61.18,2,546.3,0,7,5.15,1,0.689,1,0
71.04,1,330.7,0,12,66.75,0,0.391,1,0
81.23,4,855.3,0,21,2.13,0,0.461,0,0
127.9,4,93.1,0,20,34.55,0,0.654,1,1
84.82,3,34.9,0,14,63.32,0,0.39,1,0
115.4,4,890.5,0,15,2.53,0,0.28,0,0
64.08,1,1872.9,1,2,22.13,0,0.073,1,0
3.37,1,557.7,0,9,22.9,0,0.547,0,0
87.37,8,1199.1,0,12,48.45,1,0.363,0,0
10.49,5,408.0,0,21,10.24,0,0.141,0,0
50.52,4,899.3,0,18,50.63,1,0.495,1,0
48.05,3,198.9,0,4,48.31,0,0.341,0,0
34.57,5,283.8,0,18,46.09,0,0.572,0,0
118.96,1,645.6,0,20,24.59,0,0.269,1,0
172.86,3,349.6,0,16,44.82,0,0.263,0,0
53.64,5,1162.5,0,18,13.25,1,0.0,1,0
28.92,2,1324.3,0,17,9.31,2,0.885,1,0
53.91,2,448.0,0,11,9.92,0,0.548,0,0
68.89,3,1952.8,0,18,8.32,2,0.505,1,0
26.14,1,651.2,0,17,66.49,2,0.291,1,0
103.26,4,508.6,0,1,52.53,1,0.656,1,0
40.24,2,11.3,0,20,77.6,0,0.04,0,0
108.63,5,391.5,0,20,27.32,0,0.345,1,0
42.43,7,608.1,0,1,13.62,0,0.356,0,0
20.56,5,1130.9,0,3,5.77,0,0.61,0,0
136.04,3,165.6,0,12,17.17,0,0.0,1,0
94.27,3,730.8,0,10,3.3,0,0.075,0,0
371.78,2,213.4,1,18,195.62,0,0.694,1,1
120.62,7,157.2,0,17,33.72,0,0.137,0,0
0.01,4,745.6,1,9,50.83,0,0.0,1,0
162.07,2,23.1,0,17,28.94,0,0.455,0,0
65.22,3,637.6,0,0,,0,0.456,1,0
695.41,2,72.5,0,5,256.0,1,0.864,1,1
42.12,6,381.6,1,20,1.85,0,0.081,1,0
67.65,2,438.9,1,10,13.94,0,0.327,0,0
155.63,4,1229.4,0,22,11.6,0,0.391,1,0
5.73,7,600.6,0,20,33.58,0,0.293,1,0
28.11,2,45.1,0,13,32.12,0,0.255,1,0
26.6,1,29.5,0,17,4.02,0,0.0,0,0
31.97,6,374.3,0,19,36.15,0,0.247,0,0
106.78,4,183.4,0,9,40.17,0,0.598,0,0
63.07,5,92.6,0,5,16.92,0,0.108,0,0
248.49,6,195.6,1,11,132.65,0,0.383,1,1
40.67,5,313.6,0,2,9.18,0,0.172,0,0
68.2,5,76.0,0,12,8.28,0,0.262,0,0
36.46,2,668.9,0,17,63.91,0,0.177,0,0
27.19,3,1113.4,0,23,2.09,1,0.471,0,0
41.85,0,984.8,0,1,66.22,1,0.385,0,0
165.54,5,801.6,0,1,24.39,0,0.0,0,0
74.54,3,403.3,0,14,41.8,0,0.616,0,0
49.02,6,393.2,0,5,7.68,0,0.433,0,0
75.18,3,507.3,0,8,22.4,0,0.608,1,0
167.63,2,2979.5,0,20,15.65,0,0.0,0,0
141.36,4,1145.5,0,4,11.54,1,0.591,0,0
169.21,1,254.4,0,5,199.29,0,0.931,1,1
155.01,4,1652.4,0,17,20.02,1,0.0,0,0
16.89,3,2827.2,0,22,47.39,0,0.033,0,0
83.35,2,816.9,0,11,10.19,0,0.235,1,0
65.64,5,1252.8,0,16,6.46,0,0.074,0,0
148.45,7,1648.7,0,13,49.55,0,0.21,0,0
96.38,4,1795.9,0,9,27.16,0,0.0,0,0
83.15,4,431.1,0,5,1.47,0,0.046,0,0
121.29,3,43.5,1,17,14.94,0,0.318,0,0
70.16,3,3730.4,0,21,34.55,0,0.208,1,0
30.78,5,528.8,0,16,35.63,0,0.743,1,0
73.8,5,283.5,0,18,77.02,0,0.504,0,0
28.47,3,712.0,0,20,20.7,0,0.588,1,0
9.23,2,100.9,0,6,54.61,0,0.481,0,0
189.26,4,1272.4,0,18,41.64,0,0.209,1,0
74.77,6,154.0,0,5,18.06,0,0.26,0,0
505.37,1,206.7,0,17,103.97,0,0.262,1,1
57.99,5,822.2,1,22,17.75,0,0.336,1,0
69.82,6,1031.9,0,13,40.02,0,0.643,1,0
17.61,4,88.4,0,15,18.65,0,0.171,0,0
87.29,4,2071.3,0,14,29.08,0,0.14,1,0
15.19,4,349.1,0,2,7.47,1,0.088,1,0
116.83,3,66.5,0,14,61.16,1,0.439,0,0
51.09,4,23.0,0,12,34.28,0,0.0,0,0
28.69,4,20.4,1,19,13.64,2,0.411,0,1
27.12,4,270.8,0,18,30.66,0,0.148,0,0
79.22,5,66.4,0,17,28.06,2,0.14,1,0
35.97,5,101.3,0,15,50.25,0,0.358,0,0
226.62,5,1388.2,0,10,4.47,0,0.283,0,0
68.12,1,907.7,0,16,47.09,0,0.368,1,0
141.15,2,770.9,1,9,48.71,0,0.207,0,0
118.67,5,357.0,0,18,34.99,3,0.15,1,0
130.67,6,94.6,0,20,11.39,0,0.127,0,0
110.71,3,446.3,0,14,95.96,3,0.764,1,1
8.9,2,1173.9,0,0,,0,0.349,0,0
32.78,1,514.2,1,18,3.86,0,0.259,0,0
85.68,7,2143.7,1,2,13.09,0,0.445,0,0
20.45,3,229.2,0,18,50.65,0,0.342,0,0
87.06,4,15.1,0,1,12.78,0,0.408,0,0
170.22,7,1238.7,0,20,35.22,0,0.438,1,0
48.68,3,128.9,0,5,52.84,0,0.159,0,0
54.75,4,1192.4,0,23,76.94,0,0.504,0,0
115.95,2,370.5,0,22,45.53,0,0.319,0,0
72.46,5,1399.3,0,3,8.31,0,0.379,0,0
47.3,2,2122.3,0,21,22.93,1,0.367,1,0
263.04,5,604.8,1,10,233.09,0,0.482,1,1
42.2,3,675.1,0,16,26.9,0,0.486,0,0
57.36,3,655.7,0,3,160.02,1,0.912,0,1
32.37,2,106.7,0,14,11.72,1,0.0,1,0
162.34,3,770.6,0,22,34.62,0,0.31,1,0
56.0,2,2064.5,0,10,26.57,0,0.145,1,0
300.69,0,580.5,0,16,164.17,2,0.016,0,1
136.93,5,75.5,0,16,24.19,1,0.648,1,0
136.6,1,168.8,0,23,228.45,0,0.263,0,1
200.88,1,596.7,0,14,67.42,0,0.359,1,0
193.61,2,150.0,0,18,32.07,0,0.236,0,0
85.39,2,1844.7,0,20,35.84,1,0.0,1,0
6.46,4,113.2,0,19,26.56,0,0.0,0,0
249.48,2,845.2,0,15,78.45,0,0.303,0,0
221.66,3,655.3,0,12,108.81,0,0.437,1,0
98.34,3,138.3,0,17,17.15,0,0.427,1,0
7.66,2,740.9,0,21,22.79,0,0.363,0,0
88.07,3,482.5,0,0,60.84,0,0.448,0,0
179.31,5,1664.0,0,16,11.13,0,0.156,1,0
19.67,4,723.2,0,7,11.65,0,0.431,0,0
183.9,2,330.6,1,7,196.86,2,0.557,1,1
51.49,3,2167.2,0,2,1.68,0,0.283,1,0
95.42,4,71.8,0,11,4.17,0,0.271,0,0
130.25,6,756.1,0,2,5.83,1,0.342,0,0
56.27,2,430.9,0,2,37.56,0,0.267,1,0
143.11,2,1556.7,0,2,13.61,0,0.0,0,0
198.73,4,255.7,1,10,29.88,1,0.493,1,0
94.83,4,374.7,0,16,6.37,1,0.468,0,0
185.69,6,4.7,1,1,9.53,0,0.615,0,0
105.92,3,1306.9,0,11,25.55,0,0.474,0,0
113.54,4,405.7,0,18,71.71,0,0.493,1,0
82.5,1,486.1,0,9,14.58,0,0.296,0,0
109.35,6,494.4,0,8,22.54,0,0.302,1,0
26.01,1,470.9,0,6,7.65,1,0.0,0,0
60.0,2,57.2,1,16,15.24,0,0.43,0,0
90.71,6,14.4,0,12,,0,0.281,1,0
65.21,4,1398.0,0,15,20.13,0,0.442,0,0
123.8,7,1145.4,0,20,26.82,0,0.0,1,0
9.05,4,646.8,0,8,11.36,0,0.022,0,0
357.74,8,544.0,0,2,165.02,1,0.786,0,1
7.92,4,181.4,0,10,52.95,0,0.141,0,0
243.89,2,220.1,0,23,25.24,1,0.622,1,1
51.96,1,1982.7,0,19,34.97,0,0.402,1,0
181.38,6,282.8,0,4,31.86,0,0.327,0,0
140.89,5,52.9,0,2,24.79,0,0.223,0,0
257.2,1,101.8,0,1,140.94,1,0.77,0,1
39.94,6,584.7,0,13,22.44,1,0.099,1,0
52.57,5,171.0,0,13,16.91,1,0.166,1,0
169.46,6,164.3,1,5,8.91,0,0.256,1,0
29.23,3,1944.0,0,21,31.7,0,0.081,0,0
19.95,4,3339.7,0,14,24.84,0,0.375,0,0
60.63,2,725.9,0,1,27.65,0,0.152,1,0
165.11,2,128.3,0,8,214.25,1,0.629,1,1
155.7,7,333.4,1,1,105.19,0,0.161,1,0
34.91,5,1864.7,0,13,13.55,1,0.433,1,0
32.86,5,677.1,0,16,,0,0.505,0,0
120.03,5,1173.9,0,5,18.22,1,0.412,0,0
12.46,5,118.2,0,22,28.82,0,0.134,1,0
131.34,4,218.5,1,22,6.18,0,0.192,1,0
134.19,3,315.4,0,4,1.46,0,0.283,0,0
82.99,4,82.2,0,5,6.83,0,0.297,1,0
120.43,4,645.3,0,20,48.37,1,0.0,1,0
85.85,2,927.9,0,2,44.06,1,0.453,1,0
89.84,5,167.1,0,6,44.95,0,0.272,1,0
103.98,2,1707.6,0,1,22.18,2,0.239,0,0
37.87,5,489.9,0,5,56.83,0,0.24,0,0
145.02,3,802.5,0,18,60.63,1,0.565,0,0
205.73,1,3.7,0,16,154.43,1,0.67,1,1
17.24,3,170.1,0,7,63.28,2,0.269,0,0
21.63,2,145.9,1,10,47.85,0,0.274,0,0
76.65,4,253.4,0,8,59.81,1,0.443,0,0
25.91,5,773.0,0,7,61.94,0,0.259,1,0
140.83,3,1624.5,0,11,20.5,0,0.133,1,0
169.92,7,176.2,0,17,9.8,1,0.397,0,0
166.75,1,1647.3,0,19,32.88,0,0.502,0,0
121.44,2,416.1,0,5,16.6,1,0.102,1,0
61.05,4,114.4,0,22,0.36,0,0.352,0,0
0.19,2,413.2,0,6,80.59,0,0.56,1,0
66.26,7,666.3,0,0,62.5,0,0.0,0,0
94.28,8,400.2,0,20,11.45,0,0.358,1,0
85.68,0,1400.0,0,10,31.29,0,0.0,1,0
114.3,10,573.0,0,7,9.64,0,0.04,0,0
228.6,2,353.5,0,2,58.05,0,0.0,1,0
38.09,1,260.2,1,17,11.91,1,0.0,1,0
151.11,2,475.3,0,2,62.59,1,0.131,0,0
415.5,3,384.3,1,23,85.16,2,0.555,1,1
308.27,1,441.1,0,1,323.47,1,0.519,0,1
173.29,3,984.4,0,9,8.25,0,0.474,1,0
131.55,3,1823.9,0,23,33.68,0,0.283,1,0
108.89,2,821.0,0,19,70.37,0,0.328,0,0
55.44,4,2373.6,0,5,10.54,0,0.554,0,0
34.0,0,51.5,0,7,5.5,0,0.139,1,0
85.64,7,470.0,0,2,2.51,0,0.027,0,0
227.75,0,915.5,1,3,37.24,0,0.043,0,0
56.71,2,1319.3,1,14,46.02,0,0.661,0,0
85.89,6,211.8,1,13,41.68,0,0.457,1,0
34.92,3,471.4,0,14,20.95,0,0.989,0,0
171.65,4,689.6,0,7,174.69,0,0.388,1,1
206.0,6,134.7,0,11,0.23,1,0.096,1,0
73.31,5,1629.0,0,21,19.62,1,0.654,0,0
89.32,5,1175.5,0,5,39.63,1,0.463,0,0
43.33,5,1787.4,0,14,4.43,0,0.09,0,0
70.84,0,424.9,0,14,78.46,0,0.0,1,0
89.39,6,1214.9,0,12,48.1,0,0.114,0,0
25.48,4,423.4,0,22,9.54,1,0.261,1,0
19.7,2,152.4,0,22,57.92,0,0.072,0,0
73.53,3,776.5,0,19,26.79,0,0.557,0,0
28.78,1,623.8,0,19,34.25,0,0.369,0,0
31.63,7,745.4,0,9,32.07,0,0.585,1,0
41.65,2,380.3,0,7,27.29,0,0.597,0,0
157.48,3,27.9,0,20,31.72,0,0.295,1,0
128.43,6,378.5,0,18,21.91,0,0.281,1,0
61.57,3,886.1,0,17,29.27,0,0.296,0,0
102.75,9,17.8,1,19,32.76,0,0.0,1,0
15.47,2,345.4,1,10,142.37,0,0.289,1,1
22.31,6,317.0,0,20,90.15,0,0.567,1,0
124.41,0,1652.9,0,2,44.18,0,0.276,0,0
34.71,5,72.7,0,19,61.32,0,0.108,1,0
159.78,3,89.5,0,18,21.99,1,0.458,1,0
93.38,2,111.6,0,17,11.35,1,0.297,0,0
151.87,4,481.7,0,6,32.2,0,0.563,1,0
94.7,4,244.2,0,22,5.16,0,0.264,0,0
92.87,1,123.2,0,4,40.62,0,0.47,0,0
108.88,6,3560.9,0,22,14.87,0,0.085,1,0
145.0,5,194.7,0,21,24.18,0,0.379,1,0
412.99,1,480.1,0,20,71.37,0,0.455,1,1
20.93,2,546.4,0,19,14.98,1,0.298,1,0
48.63,3,430.7,0,15,32.86,1,0.212,0,0
106.6,8,441.6,0,9,152.26,1,0.0,0,0
74.59,8,419.3,0,1,26.22,0,0.377,1,0
63.18,5,665.6,1,8,4.41,2,0.028,0,0
68.9,2,139.6,1,17,31.17,0,0.511,0,0
178.0,4,735.8,0,20,25.29,0,0.504,0,0
60.14,4,287.5,0,6,44.83,0,0.132,0,0
64.64,3,57.8,0,2,66.47,0,0.28,1,0
183.62,1,1584.5,0,19,67.32,0,0.196,0,0
90.93,1,528.4,0,12,103.61,0,0.38,0,0
137.1,4,2357.8,0,7,0.32,0,0.0,1,0
61.4,0,1908.8,0,1,3.49,0,0.143,0,0
76.27,2,227.6,0,0,,0,0.254,1,1
8.95,2,959.6,0,10,25.81,0,0.003,0,0
136.72,3,208.0,0,16,27.57,0,0.232,1,0
206.43,2,90.9,0,4,29.11,2,0.437,1,1
64.98,8,85.3,0,13,53.71,1,0.179,0,0
94.86,4,2113.8,0,5,65.62,0,0.399,0,0
9.26,4,355.7,0,23,4.3,0,0.117,0,0
83.79,3,112.5,0,16,8.24,0,0.707,1,0
229.92,7,566.7,1,18,24.7,1,0.301,0,0
88.27,3,1103.7,0,6,5.35,0,0.608,0,0
41.99,4,1258.0,0,15,14.67,0,0.658,1,0
150.57,3,3452.4,0,19,1.32,0,0.298,1,0
72.02,5,157.3,0,10,101.12,3,0.524,0,1
42.73,4,63.5,0,6,89.15,0,0.356,1,0
68.88,4,104.8,0,4,48.62,0,0.311,0,0
71.68,2,529.9,0,20,46.82,0,0.447,1,0
195.0,5,49.4,0,15,55.52,1,0.617,0,1
36.66,3,370.7,0,17,41.91,0,0.107,0,0
134.19,3,361.0,0,0,55.01,0,0.227,1,0
33.58,3,325.2,0,12,23.47,0,0.0,0,0
152.17,2,1864.2,1,23,56.47,0,0.03,0,0
33.71,7,432.1,0,0,44.2,0,0.223,0,0
52.23,0,730.4,1,8,80.74,0,0.051,0,0
33.3,4,323.5,0,4,9.56,0,0.706,0,0
178.44,4,1823.8,1,1,66.14,0,0.035,0,0
3.13,5,288.0,0,23,0.26,0,0.0,1,0
7.17,4,84.7,0,0,12.42,0,0.118,1,0
137.14,4,206.3,0,14,25.61,0,0.399,0,0
157.22,5,263.2,0,11,13.34,0,0.926,1,0
133.5,4,25.8,1,13,91.24,0,0.476,1,0
9.66,5,13.4,0,10,37.68,0,0.0,0,0
55.77,2,28.5,0,4,41.83,1,0.209,1,0
156.15,2,140.3,0,17,4.97,1,0.321,0,0
150.81,2,643.1,1,20,29.65,0,0.0,1,0
321.08,3,354.9,1,15,5.96,2,0.704,1,1
68.93,6,851.7,0,0,42.82,1,0.101,1,0
104.7,0,66.6,0,16,38.32,1,0.478,0,0
94.69,5,267.8,0,6,41.06,0,0.2,0,0
117.44,2,148.4,1,11,60.22,3,0.535,1,1
46.37,4,554.4,0,0,19.83,0,0.028,0,0
93.79,3,40.2,0,2,45.73,0,0.713,1,0
86.51,1,1081.2,0,3,2.1,0,0.122,0,0
165.01,6,306.8,1,10,15.14,1,0.27,1,0
377.3,4,428.4,0,22,94.14,2,0.419,0,1
121.19,4,547.4,0,18,38.56,2,0.285,0,0
51.54,0,193.9,0,11,53.32,0,0.352,0,0
47.02,3,838.9,0,22,22.59,0,0.326,1,0
132.42,1,35.5,0,11,40.1,1,0.041,0,0
201.85,0,283.0,0,0,51.94,0,0.472,1,1
116.12,3,240.0,0,18,27.23,1,0.0,1,0
16.92,5,221.5,0,1,23.35,0,0.339,1,0
34.36,4,1899.4,1,7,12.51,1,0.556,0,0
1.55,4,685.2,0,11,32.44,0,0.439,1,0
153.65,3,1466.2,0,1,21.29,0,0.433,0,0
161.28,3,1519.9,0,19,4.23,0,0.501,0,0
382.1,4,800.1,1,22,184.21,0,0.59,0,1
8.83,0,386.4,0,5,51.17,0,0.147,0,0
233.68,1,0.8,0,22,122.14,1,0.408,1,1
58.78,1,73.0,0,14,25.97,0,0.257,1,0
26.45,1,80.7,0,14,233.26,1,0.784,0,1
50.21,3,1384.7,0,20,15.38,0,0.622,1,0
60.64,4,554.1,0,15,31.3,0,0.225,0,0
20.83,2,63.5,0,12,34.48,0,0.0,1,0
232.23,7,814.0,1,7,205.27,0,0.905,1,1
422.3,3,641.7,1,21,214.8,1,0.304,1,1
178.93,4,133.0,0,14,124.18,1,0.592,1,1
46.39,3,1419.2,0,14,10.03,0,0.509,0,0
169.82,4,11.2,0,4,26.7,0,0.0,0,0
9.48,4,1038.9,0,21,25.08,0,0.545,0,0
141.6,4,248.1,0,11,132.31,1,0.85,1,1
144.06,5,943.1,0,11,17.71,1,0.073,1,0
145.73,2,135.5,0,13,164.17,1,0.602,0,1
9.72,7,1934.1,0,22,3.75,0,0.279,0,0
160.34,4,1382.9,0,22,25.58,0,0.47,1,0
159.96,5,8.3,0,19,30.69,0,0.258,1,0
51.91,6,1113.1,0,14,26.55,0,0.337,1,0
59.16,6,327.6,0,7,22.1,0,0.466,1,0
13.29,6,731.4,0,15,5.51,0,0.183,1,0
57.95,7,384.4,1,10,43.21,0,0.189,0,0
170.18,5,527.2,0,18,32.39,0,0.497,1,0
11.68,4,562.9,0,1,59.17,0,0.07,1,0
24.38,6,3788.6,0,0,24.73,0,0.308,0,0
79.2,4,644.0,0,11,37.89,0,0.122,0,0
14.44,2,1363.2,0,23,30.25,0,0.0,0,0
204.09,9,1068.9,0,11,32.63,0,0.439,0,0
73.13,3,55.0,0,4,17.92,0,0.142,0,0
95.1,2,450.6,1,21,152.15,1,0.35,1,1
61.12,3,60.3,0,15,12.54,0,0.318,0,0
14.38,3,2145.6,0,1,26.67,0,0.21,0,0
165.31,4,268.3,1,21,81.06,0,0.629,0,0
11.47,3,76.6,0,5,25.78,0,0.192,1,0
34.36,6,881.4,0,15,57.58,0,0.562,1,0
66.66,1,534.5,1,15,88.16,0,0.496,0,0
53.06,4,435.6,1,9,7.62,0,0.107,0,0
229.21,2,356.3,0,1,73.94,2,0.574,1,1
34.48,1,119.5,0,21,70.6,0,0.272,0,0
137.94,4,1309.4,0,4,30.48,1,0.053,1,0
40.78,5,1066.3,0,23,41.87,0,0.054,0,0
28.85,2,509.6,0,11,14.17,0,0.514,0,0
28.88,2,572.0,0,9,0.31,0,0.264,0,0
129.2,3,238.3,0,1,20.95,1,0.316,1,0
81.8,3,238.7,0,18,57.41,0,0.432,0,0
69.32,5,32.3,0,18,0.23,0,0.562,1,0
221.02,2,3.8,0,3,25.36,0,0.346,1,0
65.37,2,122.6,0,3,64.48,0,0.347,0,0
74.75,4,476.2,0,7,11.74,0,0.138,1,0
357.77,2,264.9,0,11,118.7,2,0.711,0,1
26.92,5,1494.3,0,9,19.12,2,0.638,0,0
134.38,2,588.2,0,6,17.68,0,0.088,0,0
19.95,6,979.0,0,2,1.77,0,0.046,0,0
90.5,2,1978.0,0,12,51.34,0,0.378,0,0
124.86,5,354.7,0,17,8.72,0,0.272,1,0
103.25,3,14.2,0,0,69.79,1,0.119,0,0
85.65,2,3043.1,0,11,7.75,0,0.204,1,0
39.75,4,84.6,0,11,114.92,0,0.701,1,1
37.84,0,530.7,0,20,1.05,0,0.041,0,0
90.89,4,571.3,0,2,37.13,0,0.541,1,0
9.83,2,491.2,0,2,7.95,0,0.0,1,0
166.23,6,1842.5,0,10,2.7,0,0.075,1,0
101.13,5,314.3,1,10,28.27,0,0.226,0,0
103.7,5,36.0,0,15,22.89,0,0.096,1,0
19.31,6,917.1,0,7,78.61,0,0.469,0,0
124.46,0,9.2,0,6,36.34,1,0.605,1,0
94.91,4,121.2,0,14,27.89,0,0.421,1,0
50.9,3,294.5,0,3,109.52,0,0.335,1,0
190.61,3,972.2,0,14,35.13,0,0.243,0,0
56.85,5,626.7,0,6,30.44,0,0.208,1,0
243.02,7,394.8,0,1,83.79,0,0.6,0,0
20.84,3,324.7,0,10,14.19,0,0.336,0,0
100.36,1,200.0,0,20,45.37,0,0.326,1,1
120.14,7,15.9,0,23,37.7,0,0.661,0,0
55.89,1,36.6,0,0,54.2,0,0.021,0,0
84.23,6,213.1,0,16,45.25,0,0.688,0,0
25.04,3,118.1,0,0,27.2,0,0.125,0,0
109.04,0,1200.8,0,18,98.2,0,0.311,1,0
60.15,5,1200.8,0,0,4.17,1,0.35,0,0
137.73,1,182.9,0,2,217.86,1,0.524,0,1
76.3,1,955.3,0,23,3.29,0,0.368,0,0
111.47,5,710.2,0,0,17.56,1,0.26,0,0
150.19,1,42.7,0,16,17.77,0,0.725,1,0
94.94,3,609.5,0,14,19.15,0,0.266,0,0
47.09,5,106.3,0,9,48.94,0,0.25,0,0
119.87,3,1268.3,0,16,3.03,0,0.074,1,0
3.1,1,41.7,0,6,0.23,1,0.484,0,0
128.25,5,568.3,0,20,1.41,0,0.203,1,0
69.15,4,315.0,0,2,14.36,0,0.528,1,0
120.54,2,891.1,0,9,21.58,0,0.237,1,0
78.84,3,904.8,0,2,21.3,0,0.047,1,0
52.42,5,259.7,0,4,33.98,0,0.332,1,0
14.91,5,85.3,0,16,53.22,0,0.204,1,0
133.75,2,279.2,0,2,66.29,0,0.401,0,1
69.93,4,2408.8,0,19,0.83,0,0.167,0,0
17.95,2,259.1,0,13,58.49,0,0.715,1,0
206.72,3,166.4,0,13,38.0,1,0.315,0,0
193.32,5,1827.9,1,2,15.88,0,0.107,1,0
10.67,3,367.1,0,21,6.72,2,0.221,0,0
173.66,6,413.3,0,9,302.71,2,0.258,1,1
2.36,0,755.4,0,19,19.68,1,0.253,0,0
46.78,2,110.1,0,9,86.25,0,0.366,0,0
31.06,2,1350.1,0,11,40.16,0,0.304,1,0
45.44,2,127.0,0,16,41.84,1,0.291,0,0
68.09,2,2964.7,0,3,11.68,0,0.203,0,0
36.1,1,806.3,0,0,51.2,0,0.495,0,0
22.35,2,64.4,1,20,38.03,0,0.625,0,1
128.72,1,769.7,0,20,9.3,1,0.54,0,0
14.49,2,482.9,0,13,52.9,1,0.26,1,0
17.78,3,621.0,0,16,64.35,0,0.508,0,0
4.23,3,104.9,0,2,3.09,0,0.723,1,0
72.18,3,1668.6,0,5,26.2,0,0.448,0,0
120.78,6,305.8,0,6,19.5,1,0.342,0,0
5.51,3,48.6,0,9,17.93,0,0.396,1,0
52.39,1,861.2,0,17,31.62,1,0.051,1,0
175.99,1,239.7,0,4,3.23,0,0.675,1,0
69.34,2,385.2,0,7,26.52,0,0.182,1,0
121.5,2,1202.0,1,12,415.43,2,0.354,1,1
114.92,9,1611.4,0,10,9.7,1,0.386,1,0
85.36,2,241.9,0,18,91.34,0,0.348,1,0
177.47,5,325.6,0,18,33.82,2,0.0,0,0
114.76,1,970.5,0,2,55.52,0,0.445,0,0
65.6,3,2538.9,1,7,5.86,1,0.126,1,0
113.28,6,268.9,0,1,122.34,0,0.027,0,0
314.69,1,91.0,0,14,299.13,1,0.387,1,1
89.8,3,641.4,1,6,30.64,0,0.103,1,0
154.23,1,26.4,0,6,123.99,0,0.531,0,1
53.76,3,1964.0,0,11,25.52,1,0.0,0,0
34.27,4,48.9,0,13,53.46,0,0.314,0,0
122.23,7,284.4,0,14,,0,0.001,0,0
70.4,4,4.3,0,17,18.0,2,0.563,0,0
159.86,6,125.1,1,10,18.73,0,0.374,0,0
170.46,3,351.3,0,11,48.29,0,0.167,0,0
46.48,1,723.7,0,7,26.47,0,0.113,1,0
139.08,3,295.0,0,21,21.92,1,0.206,0,0
3.03,0,1305.5,0,6,43.97,0,0.394,1,0
45.55,1,277.2,1,10,11.89,0,0.443,0,0
58.16,7,3125.1,0,2,45.9,0,0.418,1,0
0.65,4,1234.7,0,19,,0,0.172,1,0
30.11,2,973.7,1,19,59.83,0,0.324,0,0
77.27,3,773.9,1,20,54.95,0,0.266,1,0
35.84,3,1254.2,0,12,71.11,0,0.159,0,0
11.86,3,866.2,1,18,56.34,2,0.525,0,0
78.61,5,47.4,0,21,11.34,0,0.243,0,0
205.0,4,142.2,0,22,1.19,1,0.466,1,0
496.07,1,178.3,0,4,145.98,0,0.659,0,1
89.46,2,395.3,0,8,45.98,0,0.454,0,0
59.77,3,93.1,0,22,,0,0.369,0,0
70.82,3,180.0,1,23,24.52,0,0.227,0,0
23.14,3,323.0,0,4,27.54,0,0.1,1,0
28.53,2,1422.3,0,5,122.1,2,0.381,0,0
100.52,3,2760.0,0,16,57.96,0,0.437,1,0
109.65,5,961.6,0,1,0.37,0,0.156,1,0
178.46,6,18.9,0,0,1.75,0,0.108,0,0
4.2,2,385.0,0,17,3.4,0,0.279,1,0
111.24,5,1980.5,0,19,57.61,0,0.191,0,0
0.15,8,1572.0,0,19,60.11,0,0.125,1,0
56.44,3,2870.0,0,0,15.28,1,0.349,1,0
126.62,4,777.2,0,14,40.4,1,0.0,0,0
45.83,3,1960.8,0,19,33.12,1,0.274,1,0
156.89,3,969.0,0,20,11.06,0,0.0,0,0
59.59,7,642.0,0,6,77.93,0,0.109,1,0
128.51,2,279.9,0,21,30.7,0,0.373,1,0
52.38,5,176.8,0,6,3.36,0,0.525,1,0
109.84,4,245.9,0,17,43.39,0,0.0,1,0
129.38,5,120.2,0,2,40.25,0,0.367,1,0
169.47,4,2.3,1,3,16.26,1,0.6,0,1
54.33,7,1033.4,0,2,22.44,0,0.519,0,0
115.26,3,329.6,0,18,19.21,0,0.347,0,0
63.49,1,2909.8,1,23,27.08,0,0.147,1,0
54.88,1,156.0,0,2,41.19,1,0.456,1,0
106.75,5,876.3,0,23,22.92,0,0.604,0,0
56.39,4,162.8,0,22,14.35,0,0.247,1,0
105.03,4,820.5,0,7,29.75,0,0.353,1,0
141.02,5,696.8,0,6,28.88,0,0.858,1,0
55.67,0,419.1,0,15,47.2,0,0.443,1,0
88.78,5,50.9,0,19,39.25,1,0.452,0,0
233.41,5,79.5,1,15,135.9,0,0.553,1,1
74.9,7,264.4,0,4,85.51,0,0.325,0,0
99.09,2,53.1,0,12,45.84,0,0.304,0,0
474.23,2,773.2,1,16,64.28,0,0.822,1,1
126.64,6,396.7,0,15,2.39,0,0.522,1,0
83.94,4,2482.4,0,17,57.54,1,0.349,1,0
53.2,2,468.3,0,7,47.98,0,0.192,1,0
67.85,5,282.2,0,14,58.7,0,0.13,1,0
135.71,9,212.0,0,18,55.13,1,0.355,1,0
94.86,3,756.3,0,15,,0,0.0,1,0
112.55,3,69.6,0,9,12.61,0,0.364,1,0
296.26,0,292.1,0,7,202.05,1,0.691,1,1
55.34,4,321.4,0,3,88.93,0,0.091,1,0
114.93,5,671.6,0,6,0.81,0,0.299,0,0
118.74,2,49.1,1,21,97.03,1,0.285,0,0
19.15,2,1343.1,0,2,28.88,3,0.354,0,0
90.79,3,1568.7,0,4,10.22,0,0.848,1,0
94.02,0,39.2,0,4,31.75,1,0.412,0,1
42.01,1,9.7,1,16,10.26,0,0.345,0,0
79.44,3,266.8,1,21,17.6,0,0.128,1,0
156.12,3,192.0,1,23,138.86,1,1.0,0,1
69.4,3,1233.2,0,18,27.39,0,0.215,1,0
188.93,3,384.2,1,17,16.73,0,0.221,1,0
39.82,1,1889.0,0,7,8.77,0,0.362,1,0
148.7,2,435.0,0,0,63.63,0,0.0,0,0
153.68,3,46.4,0,23,133.18,1,0.752,1,1
10.67,3,282.0,0,16,48.45,1,0.689,0,0
12.73,3,201.7,0,8,31.07,0,0.038,0,0
83.33,5,435.7,0,12,5.37,1,0.375,0,0
202.65,5,486.0,0,3,24.58,0,0.041,0,0
21.44,2,439.6,1,12,81.25,0,0.715,1,0
92.55,5,336.5,0,8,18.87,0,0.105,0,0
123.13,2,2400.0,0,7,43.23,0,0.382,0,0
151.15,4,831.8,1,23,50.57,0,0.381,1,0
138.8,5,108.9,0,0,5.35,0,0.221,0,0
40.27,1,335.6,0,20,88.75,1,0.269,0,0
38.46,4,450.9,0,19,28.64,0,0.261,1,0
154.71,2,486.7,1,9,218.52,1,0.184,1,1
16.17,3,143.0,1,10,60.49,0,0.02,1,0
40.49,4,561.1,0,13,3.42,0,0.279,0,0
1.99,3,1238.6,0,0,67.09,0,0.537,0,0
7.75,2,781.6,0,20,35.39,0,0.396,0,0
66.77,4,324.3,0,5,67.13,0,0.187,0,0
95.47,4,559.7,0,20,2.5,0,0.173,0,0
35.11,2,458.7,0,11,29.59,0,0.186,0,0
58.64,3,26.7,0,10,3.43,0,0.481,1,0
188.22,5,982.7,0,10,0.75,0,0.131,1,0
13.78,1,181.7,1,19,32.32,0,0.527,1,1
434.65,2,559.6,0,19,198.12,1,0.868,1,1
41.67,5,837.7,0,2,5.64,1,0.046,0,0
29.73,6,228.3,0,10,50.14,1,0.4,0,0
52.5,5,111.6,0,20,83.88,0,0.583,0,0
101.78,3,44.1,0,13,23.24,0,0.36,0,0
7.06,1,174.7,1,7,0.59,0,0.515,1,0
20.12,6,246.0,0,7,7.57,0,0.207,0,0
26.72,7,486.9,1,11,27.04,0,0.431,1,0
119.56,4,118.9,0,7,46.93,0,0.384,1,0
316.6,2,125.5,0,8,52.58,2,0.468,0,1
91.77,4,440.0,0,17,5.56,0,0.595,0,0
100.47,4,255.5,0,4,57.83,0,0.211,1,0
74.79,3,1087.2,0,15,15.31,0,0.338,0,0
67.28,3,584.1,0,3,17.02,0,0.326,0,0
188.79,1,795.2,0,17,18.12,0,0.152,1,0
95.35,4,6265.9,0,2,21.82,0,0.329,1,0
94.42,3,21.1,0,8,15.82,1,0.339,0,0
120.07,7,820.1,0,0,53.31,1,0.05,0,0
88.28,2,1069.6,0,3,4.78,0,0.667,0,0
54.56,6,1492.6,0,4,25.24,0,0.366,1,0
139.93,1,826.1,1,2,12.6,0,0.187,0,0
130.73,2,410.2,0,18,41.54,1,0.545,1,0
82.29,6,395.8,0,21,23.62,1,0.356,1,0
31.04,2,4366.0,0,16,31.41,0,0.021,1,0
16.75,2,2501.9,0,11,27.44,0,0.371,0,0
53.88,3,289.0,0,10,43.69,0,0.562,1,0
45.07,1,90.7,1,22,192.74,1,0.407,0,1
48.92,5,1361.3,0,12,49.84,0,0.054,0,0
84.89,1,502.0,0,2,87.69,0,0.455,0,0
93.35,4,708.5,0,8,61.62,0,0.253,1,0
12.03,7,446.8,0,11,6.01,0,0.365,0,0
295.95,1,54.2,0,8,129.19,1,0.47,0,1
41.13,1,1772.9,0,8,45.89,0,0.225,0,0
93.92,2,80.6,0,23,6.35,0,0.2,1,0
23.83,9,503.5,0,21,35.97,0,0.0,0,0
58.46,5,2115.3,1,5,37.89,0,0.329,1,0
140.62,1,19.3,0,6,174.29,1,0.683,1,1
158.54,2,36.1,1,20,439.58,1,0.616,1,1
5.72,3,503.4,0,3,72.6,1,0.374,1,0
50.25,2,276.7,0,8,2.73,1,0.186,1,0
145.01,5,780.6,0,16,31.86,0,0.0,1,0
13.83,3,154.4,0,16,23.61,0,0.409,1,0
103.82,3,122.5,0,16,35.71,0,0.551,0,0
40.28,4,937.5,1,22,60.2,1,0.239,1,0
18.22,2,478.1,0,20,9.52,0,0.309,0,0
93.23,3,1888.6,1,13,39.17,0,0.425,0,0
110.29,0,45.7,0,10,213.78,1,0.52,1,1
89.68,2,376.6,0,21,122.63,1,0.78,1,1
14.57,4,45.0,0,8,48.9,0,0.254,1,0
34.06,7,428.8,1,20,60.19,0,0.217,1,0
79.75,3,410.9,0,3,42.8,0,0.317,0,0
229.29,3,554.2,0,22,20.36,1,0.332,0,0
110.9,4,28.2,0,6,45.56,0,0.077,1,0
41.81,4,42.0,0,11,,0,0.047,0,0
71.04,3,199.7,0,20,28.89,2,0.147,0,0
14.51,4,125.0,0,22,17.43,0,0.136,1,0
47.06,4,1955.1,0,9,34.69,0,0.129,1,0
1.15,6,1155.1,0,17,80.21,0,0.525,1,0
18.25,4,914.9,0,16,8.25,0,0.205,1,0
87.16,2,208.1,1,21,27.64,0,0.603,1,0
172.29,2,2020.8,1,12,18.96,0,0.005,0,0
440.72,3,479.2,1,10,33.92,2,0.704,1,1
171.65,7,519.2,0,20,25.57,0,0.544,0,0
69.29,2,855.5,0,1,26.49,0,0.25,0,0
107.95,2,321.0,0,17,21.29,0,0.297,1,0
18.79,9,919.6,0,0,91.29,0,0.146,0,0
57.17,0,681.0,0,22,60.35,0,0.0,0,0
35.88,1,525.3,0,5,14.2,0,0.366,0,0
5.87,4,268.1,0,2,14.64,0,0.022,1,0
108.56,1,19.3,0,8,14.35,0,0.337,0,0
67.36,4,1519.8,0,11,58.89,1,0.494,0,0
118.46,7,252.8,0,3,24.92,0,0.078,0,0
119.77,3,395.8,1,6,61.2,0,0.034,1,0
175.51,2,124.0,0,21,53.74,0,0.363,0,0
110.09,4,917.4,0,10,1.15,1,0.139,1,0
94.92,7,601.9,0,2,0.16,0,0.386,1,0
141.74,2,396.9,0,21,9.25,0,0.39,0,0
34.96,1,427.3,0,14,,0,0.539,0,0
160.55,3,490.5,0,9,13.18,1,0.136,1,0
36.56,3,151.2,0,8,3.18,0,0.148,1,0
263.75,0,846.4,0,20,34.67,0,0.522,1,1
59.94,1,1155.5,0,20,13.29,0,0.0,1,0
25.65,3,1440.3,0,6,10.42,1,0.267,1,0
322.7,0,22.3,0,11,119.47,2,0.727,1,1
10.3,6,1657.9,0,8,7.33,0,0.0,0,0
38.83,2,101.7,0,22,13.67,0,0.299,0,0
5.16,4,99.3,1,9,8.88,0,0.259,1,0
39.03,5,1.7,0,10,45.04,1,0.346,1,0
50.0,4,570.5,0,4,85.46,1,0.0,0,0
123.37,3,1241.4,0,19,34.61,1,0.378,0,0
70.52,2,67.2,1,13,9.07,0,0.19,0,0
130.27,4,685.2,0,15,3.95,0,0.16,1,0
118.33,5,663.3,0,23,,0,0.183,0,0
42.6,5,3006.3,0,10,2.43,0,0.0,0,0
33.69,1,65.5,0,13,42.24,0,0.255,1,0
165.48,4,23.4,1,12,23.71,1,0.3,0,0
151.65,6,541.6,0,16,51.28,1,0.497,1,0
20.51,7,143.8,0,21,11.11,0,0.304,0,0
123.41,2,578.6,0,11,12.32,0,0.435,0,0
62.21,0,271.0,0,19,81.94,0,0.275,0,0
46.78,3,916.6,0,0,9.06,0,0.252,0,0
107.24,4,1103.2,0,0,78.3,0,0.0,0,0
21.62,3,777.7,0,4,43.41,1,0.453,0,0
32.44,3,13.4,0,10,67.51,0,0.351,0,0
9.44,1,152.0,1,8,1.76,2,0.553,1,0
183.5,1,648.0,0,3,8.6,1,0.288,0,0
451.95,0,36.8,1,2,235.67,0,0.959,1,1
87.5,3,2668.2,0,1,28.13,0,0.193,1,0
28.04,5,561.4,0,16,55.01,1,0.0,0,0
113.68,2,130.5,0,10,51.25,1,0.434,0,0
239.75,2,264.3,0,15,3.52,0,0.659,1,1
138.71,6,781.6,0,15,2.53,0,0.409,0,0
93.02,3,49.6,0,6,68.5,0,0.301,1,0
54.19,4,2668.8,0,0,14.45,0,0.362,0,0
44.1,2,314.2,0,18,5.66,0,0.473,0,0
46.28,4,809.3,0,5,24.45,1,0.29,1,0
38.54,9,1572.6,0,2,21.2,0,0.498,0,0
109.39,3,1773.0,0,2,44.76,1,0.412,0,0
7.49,6,894.3,0,9,3.68,0,0.299,0,0
132.27,3,110.1,0,23,38.79,0,0.265,0,0
444.75,1,348.0,0,8,107.47,0,0.846,1,1
409.57,2,16.1,0,1,261.94,0,0.422,1,1
34.85,3,11.8,0,2,44.37,0,0.171,0,0
71.78,1,398.1,0,4,2.32,1,0.243,1,0
28.66,6,1415.9,0,17,21.85,0,0.466,0,0
35.8,4,309.8,0,21,30.41,0,0.35,0,0
66.58,1,784.8,0,8,35.3,0,0.0,0,0
29.03,5,1130.7,0,20,13.75,0,0.396,0,0
142.34,4,387.1,0,2,30.46,0,0.179,1,0
204.34,5,992.7,0,13,17.34,0,0.587,0,0
324.39,3,28.5,1,11,12.16,0,0.839,1,1
0.74,1,107.7,0,21,35.34,0,0.233,0,0
145.71,3,146.7,0,18,,1,0.227,0,0
66.77,8,1022.0,0,0,16.55,0,0.0,0,0
49.34,5,178.6,0,11,15.4,0,0.724,1,0
6.61,4,2484.2,0,14,55.4,0,0.454,0,0
197.23,3,68.9,0,22,120.2,0,0.664,0,1
52.84,4,417.1,1,23,63.52,0,0.337,0,0
148.44,6,41.1,0,22,8.89,0,0.063,1,0
15.48,3,582.2,0,4,,0,0.619,0,0
14.8,4,406.6,0,1,24.11,0,0.097,0,0
140.68,3,120.9,0,16,32.06,0,0.0,0,0
298.78,5,722.4,0,7,161.64,3,0.697,1,1
116.37,5,961.8,0,23,10.0,0,0.437,0,0
72.24,4,1116.2,0,17,21.69,1,0.107,0,0
116.74,1,196.3,0,17,52.96,0,0.089,0,0
104.27,6,450.8,1,17,44.24,0,0.525,1,0
23.06,1,161.8,1,15,261.06,0,0.76,1,1
91.11,5,659.8,1,14,87.54,1,0.374,1,0
16.7,1,818.2,0,3,31.47,1,0.438,1,0
124.21,8,839.2,0,10,46.64,0,0.0,1,0
126.78,2,135.3,0,22,5.58,0,0.25,1,0
65.55,3,121.5,0,10,16.33,0,0.144,1,0
150.42,2,1327.7,1,14,69.46,0,0.411,0,0
27.5,1,364.3,0,3,9.15,0,0.191,0,0
121.54,4,208.8,0,21,47.18,0,0.007,0,0
193.13,2,956.1,0,7,21.97,0,0.165,1,0
51.72,11,1608.1,0,12,30.22,0,0.306,1,0
36.41,3,635.0,0,15,53.22,0,0.013,0,0
512.1,4,17.7,0,6,138.09,0,0.824,1,1
67.15,5,187.0,0,6,13.03,0,0.674,1,0
86.53,6,307.7,0,1,58.25,0,0.161,0,0
432.9,4,667.5,0,1,308.7,0,0.941,1,1
65.48,1,442.5,0,7,30.46,0,0.155,0,0
119.13,3,224.7,0,15,58.08,0,0.396,1,0
14.15,2,785.7,0,1,17.94,0,0.419,1,0
4.58,2,958.9,0,13,6.94,0,0.154,1,0
0.63,9,1044.7,0,10,99.14,0,0.303,0,0
122.88,1,1048.9,0,8,2.7,0,0.294,1,0
185.92,4,1530.0,1,21,93.27,0,0.545,0,0
73.66,2,345.1,1,20,49.09,0,0.683,1,1
116.11,3,480.9,0,10,50.07,1,0.029,0,0
64.31,3,2115.9,0,4,30.88,1,0.0,0,0
145.5,2,63.5,1,22,37.38,1,0.622,1,1
137.16,1,131.3,0,21,27.46,0,0.0,1,0
94.39,4,200.4,0,23,74.15,0,0.408,0,0
4.79,1,624.6,1,5,70.49,0,0.0,1,0
97.56,5,110.5,0,17,1.65,1,0.19,1,0
5.72,1,169.2,0,14,47.32,1,0.559,0,0
83.3,3,137.5,0,16,28.85,0,0.094,0,0
65.28,4,471.2,1,13,5.59,0,0.194,1,0
62.19,1,432.8,1,5,4.8,0,0.6,1,0
282.17,4,284.9,0,2,82.74,4,0.557,0,1
174.6,5,268.7,0,20,6.57,0,0.551,0,0
92.14,5,407.4,0,6,19.44,1,0.177,0,0
120.4,2,556.9,0,4,22.03,0,0.451,1,0
25.06,2,815.3,0,12,60.92,0,0.278,1,0
37.09,2,610.8,0,22,20.31,1,0.441,1,0
44.47,1,1157.4,0,22,39.91,0,0.201,1,0
77.48,1,697.6,0,10,14.21,0,0.399,1,0
216.96,2,220.7,1,15,63.27,2,0.743,0,1
130.71,6,112.0,1,0,2.31,0,0.49,0,1
35.5,2,3097.7,0,16,38.98,1,0.277,0,0
75.9,8,164.9,0,0,43.26,1,0.428,0,0
91.65,6,1465.8,0,2,25.12,0,0.188,0,0
170.64,2,9.3,0,5,95.78,1,0.298,1,0
213.42,4,1045.7,0,15,2.3,0,0.218,1,0
290.57,2,89.5,0,1,108.01,1,0.54,1,1
37.15,4,823.7,0,5,4.42,0,0.507,0,0
90.35,3,168.7,0,11,6.25,0,0.373,0,0
14.82,4,228.3,0,6,34.25,0,0.386,0,0
82.21,3,439.4,0,10,54.14,0,0.051,0,0
101.03,3,1048.2,0,10,4.45,0,0.063,0,0
127.22,4,251.2,0,17,12.75,0,0.328,0,0
165.5,1,271.2,1,10,81.75,1,0.44,0,1
100.81,3,1071.8,0,11,81.26,0,0.466,0,0
506.08,3,154.2,1,14,230.41,1,0.537,0,1
127.62,8,1560.3,0,12,38.01,0,0.0,1,0
122.27,2,381.9,0,23,18.38,0,0.175,1,0
131.81,4,900.8,0,19,34.62,1,0.267,0,0
154.76,3,43.8,0,21,31.69,0,0.409,0,1
72.3,9,848.9,0,20,18.44,0,0.469,0,0
112.93,4,849.7,0,23,46.68,0,0.375,0,0
297.55,1,628.4,1,7,292.25,1,0.462,1,1
75.08,2,546.9,0,20,28.58,0,0.338,0,0
5.96,7,805.3,0,6,,0,0.077,1,0
29.56,2,723.8,0,14,43.03,0,0.048,0,0
171.85,1,47.0,0,4,61.46,2,0.898,0,1
4.18,4,1009.6,0,23,18.07,0,0.231,0,0
126.21,1,705.9,0,3,188.77,2,0.235,0,1
34.25,2,1635.0,0,15,2.58,0,0.096,1,0
81.46,4,443.2,0,4,41.03,0,0.15,1,0
22.56,3,224.6,0,12,9.41,0,0.024,1,0
53.44,2,603.6,0,0,58.99,0,0.137,0,0
4.64,2,407.0,0,3,48.07,0,0.772,1,0
43.82,3,727.0,0,15,1.63,0,0.448,1,0
589.52,3,211.1,1,3,120.35,1,0.702,1,1
47.71,4,265.0,1,12,54.75,1,0.0,1,0
74.05,3,271.0,0,7,30.82,0,0.499,0,0
52.98,6,583.8,0,21,129.9,0,0.007,0,0
29.9,4,238.6,0,17,56.19,1,0.262,0,0
30.21,1,62.7,1,6,216.91,0,0.105,0,1
146.65,1,426.6,0,8,7.27,0,0.556,0,0
41.78,5,241.7,0,6,5.8,0,0.5,0,0
73.19,1,274.4,1,4,42.4,0,0.551,0,0
73.83,1,70.9,0,16,32.73,2,0.558,1,0
249.98,3,53.9,0,15,37.54,1,0.25,1,1
60.6,2,190.8,0,19,91.47,0,0.518,0,0
17.27,2,203.1,0,16,31.52,0,0.334,1,0
103.87,1,1290.6,0,0,54.1,0,0.374,0,0
23.76,2,599.1,0,19,17.32,1,0.319,1,0
59.55,5,18.9,0,11,17.74,0,0.276,0,0
90.86,1,2200.9,0,7,138.12,0,0.4,1,0
71.95,5,351.6,0,12,20.43,1,0.21,0,0
156.21,3,82.9,0,14,67.4,0,0.119,1,0
19.78,2,978.2,1,21,15.64,1,0.56,0,0
36.91,7,2172.4,0,18,0.46,0,0.044,0,0
52.28,4,945.7,0,10,75.49,0,0.426,0,0
69.61,5,1173.6,0,8,28.49,0,0.332,0,0
115.28,2,41.1,1,5,16.12,0,0.138,1,0
84.64,5,197.5,0,22,21.56,1,0.625,1,0
131.35,4,460.8,0,11,6.62,1,0.235,0,0
211.87,6,238.2,0,22,32.39,0,0.16,1,0
149.36,3,872.7,1,21,38.8,0,0.222,0,0
71.21,4,1630.7,0,0,9.14,1,0.575,0,0
119.2,1,149.9,0,7,6.25,0,0.23,0,0
311.73,1,479.2,0,16,155.32,0,0.576,1,1
46.24,2,248.2,1,4,52.04,0,0.369,0,0
103.98,7,483.4,0,1,25.0,1,0.185,1,0
41.76,2,202.4,0,0,21.64,0,0.371,1,0
22.18,0,553.3,1,4,40.8,0,0.22,1,0
58.4,3,141.7,0,6,64.45,0,0.501,0,0
57.21,2,1222.3,1,0,10.83,1,0.0,0,0
32.71,5,136.1,0,13,48.73,0,0.595,1,0
43.26,0,1108.4,0,5,28.33,0,0.372,0,0
251.79,1,249.9,1,15,128.76,0,0.84,0,1
34.47,3,53.6,0,7,25.23,1,0.027,1,0
140.38,4,1337.5,0,11,42.75,0,0.302,1,0
11.83,4,1215.8,0,14,35.52,1,0.081,1,0
49.36,2,43.5,0,6,18.62,0,0.268,0,0
107.18,5,305.5,0,20,68.85,1,0.255,0,0
35.93,3,248.9,0,4,196.04,2,0.491,1,1
73.37,4,165.5,0,14,61.96,0,0.409,0,0
54.92,3,144.2,0,15,36.6,0,0.517,1,0
431.6,4,80.7,0,10,74.42,0,0.129,0,1
89.66,3,248.1,0,9,12.73,0,0.256,1,0
13.43,2,388.7,0,19,68.27,0,0.448,1,0
92.2,5,122.5,0,3,5.08,2,0.132,0,0
67.33,3,325.3,0,18,25.53,0,0.204,1,0
34.5,3,1594.2,0,15,75.97,1,0.092,0,0
44.41,4,636.9,0,22,77.37,0,0.0,1,0
130.05,2,569.1,0,2,7.76,1,0.156,0,0
80.56,7,1007.6,0,7,58.26,0,0.344,1,0
83.65,3,2219.7,0,20,38.59,0,0.329,1,0
119.84,2,87.3,0,16,13.16,0,0.667,0,0
109.27,4,1953.0,0,22,18.82,0,0.0,0,0
102.91,4,1028.2,1,22,3.11,0,0.153,1,0
69.65,5,198.4,0,14,0.45,1,0.251,0,0
11.15,6,777.7,0,5,15.03,0,0.431,0,0
27.45,3,477.5,0,9,51.33,0,0.157,1,0
13.56,2,853.1,1,18,28.15,1,0.185,0,0
123.32,2,687.0,0,2,7.38,0,0.359,0,0
154.41,4,246.4,0,19,39.6,0,0.029,0,0
17.5,2,133.0,0,3,4.12,0,0.531,0,0
186.43,2,51.4,0,1,22.63,1,0.0,0,0
39.26,4,1870.6,0,9,83.21,0,0.204,0,0
9.29,4,336.8,0,23,46.51,0,0.071,1,0
78.19,2,616.5,0,11,25.09,0,0.545,0,0
64.18,6,2447.3,0,10,50.27,0,0.431,1,0
99.82,4,469.3,0,13,10.09,0,0.548,0,0
110.64,1,1472.8,0,22,32.63,0,0.201,0,0
108.52,3,2528.9,0,1,33.29,1,0.281,0,0
53.22,2,400.9,0,4,84.28,0,0.642,1,0
118.09,2,1051.3,0,7,86.91,0,0.471,1,0
19.98,4,607.9,1,23,2.86,0,0.433,1,0
33.23,3,852.9,0,12,24.24,0,0.009,0,0
30.42,2,539.4,0,15,2.2,0,0.582,1,0
65.57,6,911.7,0,13,33.65,0,0.403,0,0
3.9,4,210.6,0,11,62.25,0,0.245,0,0
25.36,3,421.7,0,21,5.79,0,0.0,0,0
58.65,4,430.6,0,8,63.85,0,0.384,0,0
75.94,2,202.1,0,17,24.19,0,0.0,0,0
132.96,3,68.8,1,7,36.71,0,0.773,0,0
112.8,5,61.1,0,15,1.82,1,0.502,0,0
34.29,8,1110.5,0,9,,1,0.48,1,0
522.26,2,194.4,0,15,162.16,0,0.556,1,1
62.59,4,581.9,0,1,49.68,0,0.008,0,0
369.97,2,761.8,1,23,171.45,0,0.392,0,1
50.39,0,198.4,0,13,20.69,1,0.381,0,0
14.33,4,35.3,0,21,47.34,0,0.388,0,0
59.69,1,932.8,0,16,55.03,0,0.152,1,0
15.04,5,1695.4,0,16,14.63,0,0.151,0,0
37.4,2,556.1,0,20,24.35,0,0.207,1,0
4.33,1,343.0,0,5,10.21,0,0.557,1,0
142.31,3,276.6,0,10,1.39,2,0.173,1,0
17.34,3,923.3,0,0,0.65,0,0.482,0,0
119.0,1,942.3,0,7,91.64,0,0.352,0,0
81.29,5,108.7,0,17,16.71,1,0.313,0,0
79.36,1,953.7,0,22,64.76,0,0.596,1,0
165.59,4,410.8,0,12,46.05,0,0.473,0,0
262.75,5,96.5,0,20,33.13,0,0.582,0,0
85.7,3,3583.5,0,1,1.63,1,0.443,1,0
79.44,8,1102.7,0,15,14.14,1,0.0,0,0
34.5,6,1200.3,0,23,65.63,0,0.289,0,0
157.17,6,225.4,0,4,114.48,1,0.0,1,0
117.88,2,3.0,0,6,14.51,0,0.912,0,0
21.64,1,2034.3,0,4,21.94,0,0.124,0,0
93.94,1,116.1,0,10,0.18,0,0.067,0,0
76.67,2,87.8,0,18,33.46,1,0.375,0,0
39.59,1,495.3,0,19,20.06,0,0.152,0,0
159.9,2,311.6,0,7,2.67,0,0.19,1,0
82.97,3,1523.8,1,3,17.2,0,0.246,1,0
291.97,6,186.0,0,4,106.65,1,0.44,1,1
71.3,4,446.3,0,2,3.09,0,0.441,1,0
153.43,3,313.7,0,1,80.37,0,0.615,0,0
81.03,0,215.6,0,7,44.86,0,0.0,0,0
115.74,6,487.9,0,0,10.69,0,0.525,1,0
49.0,1,377.2,0,5,138.66,3,0.516,1,1
84.39,6,1280.6,0,5,39.4,1,0.407,0,0
189.81,2,1433.0,0,16,32.18,0,0.231,0,0
111.29,5,568.0,0,23,16.64,1,0.032,0,0
82.6,6,1115.5,0,16,27.58,0,0.225,0,0
153.7,2,612.8,0,3,1.54,0,0.499,0,0
60.73,2,69.7,0,8,5.89,0,0.612,0,0
57.42,3,717.7,0,9,43.7,0,0.226,0,0
28.35,2,61.9,0,0,20.75,0,0.283,0,0
196.89,2,1204.9,0,22,25.52,0,0.0,0,0
66.27,3,2828.5,0,15,23.32,2,0.315,0,0
9.96,6,2473.9,0,19,41.7,1,0.33,0,0
37.36,5,59.0,0,20,9.51,1,0.0,0,0
19.06,7,39.7,0,22,42.98,0,0.427,0,0
70.13,7,726.4,0,21,42.81,0,0.669,1,0
72.48,5,367.8,0,20,19.6,1,0.725,1,0
34.57,0,91.4,0,4,25.01,0,0.19,1,0
308.03,1,363.9,0,1,302.04,2,0.716,0,1
16.35,4,1123.7,0,1,30.4,0,0.503,1,0
149.27,1,175.3,0,11,250.69,1,0.455,1,1
144.91,6,481.0,0,19,28.1,0,0.031,0,0
24.33,3,333.0,0,11,27.78,0,0.149,1,0
7.32,4,403.3,1,3,,1,0.456,1,0
64.64,4,30.5,0,4,176.21,1,0.896,0,1
9.41,1,656.0,0,4,21.44,0,0.682,0,0
144.73,4,202.3,0,10,17.57,0,0.171,1,0
18.56,6,1292.1,0,19,31.65,0,0.315,1,0
111.35,1,183.9,0,12,174.23,0,0.242,1,1
87.47,2,324.7,1,6,35.86,1,0.5,1,0
25.95,2,2691.5,1,16,73.21,0,0.0,0,0
57.28,2,1115.9,0,5,18.87,1,0.484,1,0
82.37,1,899.6,0,2,65.86,0,0.779,1,0
44.62,6,1503.6,0,3,41.76,0,0.092,1,0
50.71,5,149.5,0,0,62.34,1,0.004,0,0
58.14,4,200.0,0,1,38.09,0,0.347,0,0
147.8,2,258.9,0,10,22.62,0,0.315,1,0
37.97,2,159.6,0,9,41.62,0,0.69,1,1
90.99,4,77.9,0,7,33.5,0,0.481,0,0
71.26,3,650.4,0,21,13.29,1,0.0,1,0
93.5,1,70.4,0,7,22.52,0,0.043,0,0
229.29,4,176.7,0,16,58.26,3,0.583,1,1
143.58,2,22.4,1,18,116.81,2,0.624,1,1
421.48,1,102.0,1,19,117.49,0,0.477,1,1
124.88,1,1338.9,0,5,,1,0.132,1,0
150.92,5,510.3,0,23,6.22,1,0.432,0,0
23.62,1,48.6,0,17,41.63,0,0.668,0,0
53.83,4,1192.5,0,16,16.9,0,0.155,1,0
38.73,6,397.9,1,10,22.21,0,0.383,0,0
109.74,5,226.5,1,22,14.39,0,0.173,0,0
30.35,2,33.4,0,1,51.14,1,0.015,1,0
86.38,5,18.5,0,8,264.62,1,0.426,1,1
3.91,8,3307.1,0,16,8.37,0,0.376,0,0
24.69,7,714.2,0,1,26.58,1,0.264,1,0
45.74,4,524.9,0,5,30.93,0,0.34,0,0
10.62,3,1691.3,0,14,53.89,1,0.0,1,0
27.02,1,658.8,0,20,68.64,0,0.557,0,0
97.39,3,27.5,0,2,41.67,0,0.037,0,0
88.77,6,1497.3,0,17,28.49,0,0.605,0,0
20.97,2,728.7,0,8,12.68,1,0.112,1,0
185.8,6,218.1,0,15,5.47,0,0.0,1,0
120.18,7,1208.6,0,9,9.94,0,0.0,1,0
64.9,0,958.8,0,11,34.62,1,0.465,1,0
58.14,5,1284.4,0,18,82.03,0,0.474,0,0
2.15,3,1775.2,0,17,13.57,1,0.0,1,0
21.35,6,1364.3,1,20,36.78,0,0.442,0,0
58.22,4,87.6,0,9,23.75,1,0.556,0,0
11.97,5,709.6,0,18,10.48,0,0.265,1,0
104.31,7,2512.3,0,16,55.99,0,0.359,1,0
81.71,2,624.6,0,9,38.34,0,0.043,0,0
25.57,4,54.3,0,8,21.06,0,0.393,1,0
117.12,2,682.5,0,21,14.54,0,0.171,0,0
46.81,5,19.6,0,13,39.34,1,0.541,0,0
66.25,1,327.5,0,5,55.08,0,0.028,1,0
92.48,4,627.9,0,7,1.7,0,0.465,0,0
62.13,4,103.1,0,8,1.69,0,0.238,0,0
117.26,3,446.3,0,1,51.78,1,0.496,1,0
167.77,4,835.6,0,18,50.89,0,0.0,0,0
29.56,4,1236.8,0,12,28.52,0,0.403,1,0
3.6,1,30.4,0,9,17.93,1,0.501,1,0
105.67,4,7.5,0,9,41.5,2,0.352,0,0
86.18,3,565.4,0,9,1.09,0,0.27,1,0
171.41,4,1059.1,0,23,63.36,0,0.307,0,0
39.67,2,2964.8,1,16,25.66,1,0.349,1,0
18.89,5,237.6,0,3,68.9,0,0.449,1,0
77.46,1,328.7,0,16,39.08,0,0.0,1,0
49.71,9,1554.7,0,18,34.39,0,0.269,0,0
128.45,5,475.3,1,10,32.54,1,0.0,0,0
39.91,2,1390.6,1,23,7.13,0,0.221,0,0
30.55,3,122.4,0,0,3.52,0,0.254,1,0
128.23,3,69.3,0,20,16.56,0,0.802,0,0
157.52,6,136.7,0,20,,0,0.034,1,0
19.5,0,101.8,0,16,25.04,1,0.598,0,0
274.77,2,580.2,1,15,109.19,1,0.097,1,1
87.55,4,163.3,0,1,5.31,0,0.415,1,0
161.42,3,773.4,0,15,50.09,1,0.206,0,0
201.31,0,153.6,0,9,120.11,1,0.567,0,1
101.91,4,562.9,0,23,24.97,0,0.039,1,0
85.36,4,146.6,0,13,23.12,0,0.0,1,0
70.92,3,33.5,0,0,23.0,0,0.299,1,0
58.16,6,50.7,0,19,3.22,1,0.294,0,0
100.91,2,527.7,0,11,45.04,1,0.116,0,0
84.63,3,1322.2,0,22,20.9,0,0.267,0,0
12.76,3,377.6,0,20,58.37,0,0.107,1,0
109.51,4,231.3,1,3,27.52,0,0.46,0,0
3.18,4,180.0,0,2,6.89,0,0.712,0,0
67.22,5,273.6,0,14,2.27,1,0.21,0,0
186.75,2,1260.3,0,13,35.82,0,0.525,0,0
87.36,4,1055.4,0,10,72.4,0,0.343,0,0
100.15,7,833.5,0,11,27.85,1,0.32,0,0
75.76,1,174.9,0,22,413.14,2,0.424,1,1
35.11,7,1098.7,0,22,8.01,0,0.391,1,0
116.85,5,236.5,0,9,41.97,0,0.351,0,0
80.63,4,364.4,1,6,64.72,0,0.56,0,0
178.39,2,1099.4,0,18,10.29,1,0.467,1,0
7.48,6,590.7,0,10,4.52,1,0.703,1,0
79.53,6,1022.9,0,15,49.23,0,0.239,1,0
1.43,3,415.7,0,3,52.11,0,0.0,1,0
85.79,2,35.6,0,11,,0,0.334,1,0
82.01,4,1487.9,1,14,58.2,0,0.194,1,0
84.62,1,816.5,0,11,36.96,0,0.0,0,0
13.02,5,174.1,0,14,99.26,2,0.307,1,0
69.48,0,991.6,1,1,11.53,0,0.0,0,0
118.4,5,541.0,0,20,6.56,0,0.062,1,0
86.42,5,160.9,0,10,12.12,0,0.203,1,0
103.38,5,341.8,1,5,9.0,0,0.179,0,0
82.51,3,477.8,0,11,0.34,1,0.392,0,0
12.97,5,553.6,0,0,111.17,1,0.688,1,0
79.32,7,350.8,0,0,57.08,0,0.091,0,0
142.37,4,217.2,0,21,4.4,0,0.328,0,0
60.96,9,456.2,0,9,4.64,0,0.0,0,0
21.08,4,942.9,0,9,11.87,0,0.171,0,0
36.68,5,996.9,0,9,31.75,0,0.116,0,0
35.57,3,1995.7,1,20,3.77,0,0.0,1,0
189.1,7,264.9,0,4,45.08,0,0.402,1,0
141.02,2,219.0,0,0,61.96,1,0.152,0,0
62.49,2,588.7,0,8,63.4,1,0.486,0,0
179.98,2,709.1,0,7,22.16,0,0.171,0,0
163.25,4,1492.5,0,7,57.3,0,0.184,1,0
80.71,4,139.9,0,9,34.09,0,0.272,0,0
42.79,0,1155.8,0,14,38.25,0,0.338,0,0
104.91,3,883.6,1,22,11.02,0,0.175,0,0
613.31,4,175.8,0,17,97.37,2,0.411,1,1
42.12,6,1038.5,0,1,17.05,0,0.695,0,0
18.72,5,139.3,0,2,72.3,0,0.361,0,0
123.75,5,3.2,0,12,52.68,0,0.424,0,0
104.17,6,639.9,0,2,42.4,0,0.369,0,0
90.88,3,191.3,0,17,47.72,1,0.0,1,0
168.58,4,539.1,0,9,48.78,0,0.625,0,0
97.75,3,153.1,0,13,6.17,0,0.0,1,0
86.53,3,344.9,0,18,11.65,0,0.144,0,0
118.81,0,934.3,1,2,16.46,0,0.514,0,0
63.52,2,377.5,0,6,8.16,0,0.071,0,0
72.75,4,193.2,0,6,50.21,0,0.292,0,0
145.74,6,589.9,0,18,56.54,0,0.208,0,0
34.27,1,2027.0,0,14,24.17,1,0.191,1,0
308.36,4,544.7,0,19,259.71,1,0.71,1,1
17.43,6,1007.9,0,19,40.91,0,0.361,0,0
41.59,4,1246.6,0,12,0.77,0,0.267,0,0
86.91,3,124.0,0,8,60.67,0,0.074,1,0
49.3,3,360.5,0,1,22.83,0,0.513,0,0
126.6,3,548.0,0,7,48.91,0,0.308,1,0
16.78,4,81.6,0,11,14.46,0,0.248,1,0
59.44,2,278.8,0,23,251.42,1,0.539,0,1
156.34,3,1.1,0,4,72.94,0,0.622,0,0
29.53,2,277.4,0,18,31.68,0,0.567,1,0
115.44,4,1165.4,0,7,18.76,1,0.05,0,0
70.6,6,18.3,0,2,6.41,0,0.386,0,0
0.59,5,307.9,0,10,42.13,0,0.07,0,0
58.99,9,117.1,0,13,57.33,0,0.208,1,0
18.64,0,1012.5,0,2,23.18,0,0.29,1,0
39.51,3,634.7,1,1,10.63,0,0.066,1,0
50.34,1,650.7,0,20,93.82,1,0.0,0,0
21.31,5,883.7,0,6,31.38,0,0.077,1,0
114.54,5,259.9,0,8,2.39,1,0.275,1,0
34.03,5,742.6,0,22,,0,0.64,0,0
123.81,7,172.1,0,9,13.45,0,0.389,1,0
133.93,1,313.7,0,14,37.89,2,0.16,0,0
59.22,1,471.2,0,4,35.85,0,0.283,1,0
23.89,3,233.7,0,18,50.31,0,0.371,0,0
70.36,3,581.4,0,14,1.26,1,0.272,1,0
27.52,2,188.6,1,14,17.47,0,0.457,1,0
193.85,1,4.9,1,8,198.81,0,0.528,0,1
24.51,6,201.6,0,7,89.36,0,0.379,0,0
147.64,4,581.7,0,6,27.43,0,0.174,0,0
67.33,7,1973.6,0,19,67.04,0,0.432,0,0
68.89,0,18.6,0,3,30.75,1,0.623,0,0
152.83,6,506.6,0,13,45.24,1,0.331,0,0
33.82,5,37.4,0,0,30.49,0,0.178,0,0
63.55,8,473.2,0,20,8.82,0,0.166,0,0
19.02,4,207.0,0,16,14.22,0,0.513,0,0
38.71,5,423.9,0,10,38.42,0,0.184,0,0
79.46,3,55.8,1,1,8.83,0,0.369,0,0
16.58,3,2017.9,0,22,8.75,0,0.352,1,0
195.14,2,371.5,1,15,98.81,1,0.809,1,1
5.53,1,332.1,0,16,69.36,1,0.768,1,1
52.79,4,1843.3,0,17,22.54,0,0.112,0,0
31.51,1,259.2,0,1,6.58,0,0.381,0,0
45.3,4,767.6,0,13,63.22,0,0.448,0,0
162.15,4,1908.4,0,22,20.57,0,0.174,0,0
152.21,4,951.5,0,15,16.34,0,0.577,0,0
74.65,2,643.7,0,14,6.07,0,0.381,1,0
233.74,3,3.5,0,11,2.49,0,0.859,1,0
52.89,5,136.9,0,4,11.95,0,0.799,1,0
152.14,6,1197.5,1,7,61.46,0,0.439,0,0
71.88,1,521.7,0,10,29.4,0,0.428,0,0
119.82,4,454.2,1,23,76.08,0,0.115,1,0
50.36,6,1510.2,0,13,61.43,0,0.314,0,0
122.05,6,647.2,0,18,16.45,0,0.261,0,0
175.78,7,832.5,0,23,53.72,0,0.327,0,0
273.45,1,41.9,0,2,285.71,0,0.46,1,1
26.75,2,718.9,0,7,75.72,1,0.581,1,0
6.79,3,960.8,0,10,3.37,0,0.423,0,0
611.93,2,50.7,1,8,215.99,0,0.417,1,1
90.98,8,1479.9,0,17,43.68,0,0.289,0,0
25.9,4,79.0,0,20,18.3,1,0.535,1,0
88.02,4,598.5,0,14,6.13,0,0.305,0,0
37.82,7,92.7,0,15,41.26,0,0.207,1,0
222.61,8,626.3,0,16,29.87,0,0.099,1,0
88.67,4,429.3,0,15,15.65,0,0.337,0,0
43.72,1,221.1,0,15,53.53,0,0.2,1,0
138.1,1,570.4,1,10,26.86,1,0.586,1,1
5.12,1,669.8,0,10,19.06,0,0.561,0,0
97.65,4,355.6,0,10,3.81,0,0.508,0,0
92.81,1,2166.3,0,17,2.64,0,0.07,0,0
468.4,5,13.6,0,16,90.07,1,0.611,0,1
235.65,3,84.0,0,12,179.36,1,0.268,1,1
353.19,3,85.9,0,17,46.78,1,0.818,1,1
57.06,2,201.9,0,14,54.46,0,0.453,1,0
62.5,5,138.9,1,14,53.5,0,0.564,0,0
166.1,6,1223.7,0,19,25.65,0,0.0,0,0
19.51,5,479.7,0,4,69.98,0,0.452,0,0
109.91,4,523.5,0,5,96.4,0,0.013,1,0
98.13,4,505.3,0,18,13.69,0,0.333,1,0
133.9,3,14.0,0,21,3.05,0,0.475,0,0
27.73,1,186.7,0,6,11.92,0,0.396,0,0
141.35,0,213.2,0,11,61.07,0,0.364,0,0
29.29,4,172.1,0,16,34.33,1,0.0,0,0
148.74,2,140.1,0,14,281.9,2,0.0,0,1
121.0,0,65.2,0,6,60.61,0,0.696,1,0
173.2,2,295.2,0,18,65.11,0,0.262,1,0
10.65,1,747.0,0,18,26.53,0,0.391,1,0
30.43,4,118.0,0,2,11.89,0,0.295,0,0
67.93,1,1083.7,1,12,91.52,0,0.827,0,0
81.94,2,678.8,1,23,6.47,0,0.146,0,0
81.07,4,788.3,1,16,16.8,0,0.663,0,0
130.27,6,283.1,0,1,49.04,0,0.254,1,0
98.5,5,176.9,0,18,8.77,0,0.218,0,0
100.71,7,123.0,0,15,17.06,0,0.196,1,0
70.75,4,1814.3,0,18,17.71,0,0.089,0,0
2.0,0,453.5,0,1,,1,0.529,1,1
334.72,1,52.3,0,3,61.16,4,0.305,0,1
85.64,2,331.8,0,12,45.63,1,0.174,0,0
96.02,2,1787.5,0,4,49.02,0,0.095,1,0
7.44,2,1163.8,0,19,32.1,1,0.162,0,0
89.09,3,65.8,0,14,71.33,0,0.346,0,0
39.5,2,773.4,0,3,29.15,0,0.548,0,0
120.52,3,765.4,0,4,3.81,0,0.036,0,0
12.34,2,165.5,0,4,256.18,1,0.191,0,1
105.59,3,393.8,0,15,42.58,0,0.151,1,0
181.1,2,217.5,0,1,79.38,0,0.623,1,0
183.29,1,38.3,1,10,14.22,0,0.51,1,0
78.38,3,1192.5,0,2,21.74,0,0.085,1,0
5.47,3,1398.3,0,1,56.79,2,0.305,0,0
18.86,2,716.4,0,9,50.55,1,0.55,1,0
315.99,3,10.2,0,9,90.94,1,0.584,1,1
63.91,1,101.8,0,21,17.67,0,0.111,0,0
108.35,2,82.2,0,11,26.95,0,0.567,1,0
258.91,2,56.2,1,17,318.96,0,0.338,1,1
106.89,6,280.2,0,1,285.2,0,0.309,1,1
144.18,4,288.3,0,8,31.68,1,0.422,1,0
3.4,5,668.0,0,13,7.03,0,0.654,0,0
275.97,3,1084.6,0,4,179.49,0,0.746,0,1
44.22,1,1828.9,1,17,32.48,0,0.382,0,0
76.14,3,1441.6,1,8,32.04,1,0.259,0,0
179.73,5,259.6,0,10,96.3,0,0.5,0,0
86.07,5,958.6,1,5,6.4,0,0.106,1,0
161.67,2,496.9,1,8,16.7,0,0.296,1,0
85.61,7,188.5,0,17,95.52,0,0.394,0,0
74.58,5,233.0,0,16,33.37,0,0.0,0,0
59.13,3,141.7,0,3,66.6,0,0.53,0,0
101.08,6,2957.6,0,11,19.61,0,0.41,0,0
139.38,5,159.1,0,20,2.17,0,0.479,1,0
117.09,4,2303.0,1,21,40.92,1,0.279,1,0
109.2,5,220.0,0,15,29.23,0,0.149,0,0
87.37,3,1082.1,0,0,82.78,0,0.274,1,0
23.01,1,2004.7,0,10,32.15,0,0.09,0,0
79.97,5,512.2,0,23,61.98,0,0.191,0,0
33.98,2,650.6,1,10,14.56,0,0.36,0,0
84.23,5,1266.8,0,1,29.67,0,0.625,1,0
4.03,7,113.4,0,22,23.29,0,0.309,0,0
77.36,3,1575.6,0,6,20.42,0,0.005,0,0
336.87,3,355.5,0,4,50.27,2,0.626,0,1
2.33,8,717.9,0,14,72.21,0,0.287,1,0
82.3,4,99.4,1,21,2.39,0,0.477,1,0
400.0,1,116.7,1,16,81.45,1,0.357,1,1
42.52,2,256.9,0,9,56.42,0,0.335,0,0
20.58,1,410.6,0,8,31.82,0,0.069,0,0
93.09,6,108.4,0,0,41.57,1,0.166,0,0
30.91,3,427.4,1,5,37.22,0,0.274,1,0
80.75,5,1280.2,0,6,24.64,0,0.065,0,0
100.73,5,2641.0,0,16,15.7,0,0.018,0,0
24.02,2,430.7,0,19,28.05,0,0.416,1,0
150.14,5,539.9,0,15,41.21,0,0.195,0,0
42.09,7,388.7,0,4,16.87,0,0.282,1,0
83.02,4,829.6,0,21,10.65,0,0.196,0,0
95.35,4,1026.7,1,4,9.94,0,0.457,0,0
36.12,7,433.0,0,12,53.68,0,0.152,1,0
21.62,1,384.3,0,9,38.35,1,0.58,0,0
1.3,5,865.2,0,9,21.3,0,0.0,0,0
172.18,7,4839.5,1,3,19.19,0,0.0,0,0
50.93,2,692.3,0,6,34.76,1,0.054,0,0
34.88,7,786.6,0,22,26.59,0,0.255,0,0
100.62,5,311.9,0,13,27.67,1,0.485,1,0
29.8,3,292.8,1,16,27.93,0,0.542,1,0
20.6,0,562.2,1,22,20.93,0,0.45,0,0
36.67,2,207.0,1,19,17.37,1,0.287,1,0
62.91,5,2612.0,0,16,5.09,0,0.476,0,0
650.14,1,958.1,0,12,28.9,0,0.445,1,1
112.75,6,790.7,0,19,70.96,1,0.319,0,0
98.95,3,46.0,0,3,17.58,0,0.361,1,0
28.13,2,682.7,0,16,40.56,0,0.054,0,0
38.97,4,389.3,0,14,36.87,0,0.473,0,0
176.32,4,26.7,0,12,0.34,0,0.461,1,0
88.02,2,511.7,0,0,61.33,0,0.36,0,0
28.18,7,29.6,0,22,58.41,0,0.277,1,0
4.94,1,2955.2,0,16,2.13,0,0.038,0,0
30.85,4,906.5,0,3,39.19,0,0.352,1,0
3.79,5,1654.2,1,20,91.66,0,0.242,1,0
88.4,6,620.3,0,3,16.89,1,0.238,1,0
1.82,4,420.4,0,19,36.85,0,0.423,0,0
6.64,2,282.5,0,5,3.37,1,0.41,0,0
115.04,4,132.4,1,19,42.15,1,0.0,1,0
87.19,2,239.7,0,2,9.81,1,0.165,0,1
68.94,5,507.1,0,8,0.68,0,0.325,0,0
168.32,2,261.9,1,6,25.22,0,0.561,1,0
38.42,3,70.6,0,6,13.32,1,0.619,1,0
43.16,5,1223.6,0,9,32.9,0,0.105,0,0
82.45,3,1816.5,0,2,82.41,0,0.427,0,0
18.32,3,575.6,1,6,53.38,0,0.4,0,0
98.36,2,107.5,0,5,8.76,0,0.509,1,0
37.14,2,296.8,0,5,67.28,0,0.418,0,0
82.43,2,809.7,0,10,41.69,2,0.38,0,0
60.04,5,966.2,0,15,28.67,0,0.0,0,0
184.33,1,703.8,0,20,36.74,0,0.532,0,0
268.55,0,850.7,0,19,13.17,1,0.637,1,1
57.12,2,1074.5,0,21,,0,0.015,1,0
18.96,2,936.8,0,16,9.87,0,0.29,1,0
57.16,2,754.5,0,15,21.65,0,0.683,1,0
81.38,1,505.8,0,5,127.95,0,0.69,1,1
71.69,3,57.0,0,6,28.46,0,0.338,0,0
49.67,4,78.5,0,16,54.43,1,0.212,1,0
10.93,1,278.8,0,9,37.47,1,0.389,1,0
114.75,4,46.7,0,17,62.82,0,0.028,1,0
26.57,7,177.0,1,12,36.11,0,0.171,0,0
65.72,3,178.4,0,21,24.7,1,0.634,1,0
64.74,8,753.4,0,9,12.84,0,0.056,0,0
20.2,5,245.0,0,17,3.75,0,0.086,0,0
83.54,0,226.1,0,16,28.88,0,0.208,0,0
50.75,2,297.9,0,14,9.12,0,0.286,0,0
43.57,2,1183.8,0,22,65.41,1,0.211,0,0
64.57,2,520.0,0,5,0.86,2,0.5,0,0
25.41,2,391.4,1,13,38.28,0,0.427,1,0
46.38,2,1112.8,0,3,93.43,0,0.427,0,0
9.09,7,166.8,0,16,24.84,1,0.837,0,0
81.15,2,113.6,1,12,31.95,0,0.421,0,0
58.93,5,1763.4,0,16,78.62,0,0.466,0,0
50.53,3,1365.0,0,10,33.29,0,0.357,1,0
73.89,3,700.9,0,16,15.94,0,0.397,0,0
29.78,2,181.9,0,19,55.77,0,0.529,1,0
40.46,7,995.0,0,14,36.32,1,0.306,0,0
55.08,4,17.9,0,16,49.34,1,0.766,0,0
43.87,6,1310.1,0,22,35.43,0,0.241,1,0
29.07,2,874.7,0,3,13.13,0,0.403,1,0
51.5,4,88.6,0,9,,0,0.381,0,0
22.27,6,0.4,0,6,78.46,0,0.201,1,0
32.44,3,124.6,0,12,42.66,0,0.14,1,0
1.58,3,1542.8,1,11,47.51,0,0.763,1,0
141.68,5,491.7,0,2,96.86,0,0.563,1,1
215.66,3,368.3,0,21,62.2,0,0.043,0,0
50.28,2,690.2,0,18,84.43,0,0.375,0,0
32.84,6,1041.0,0,9,4.15,2,0.365,0,0
87.53,2,670.9,0,2,3.85,0,0.579,1,0
74.51,2,162.0,1,14,73.01,0,0.108,1,0
73.14,4,610.7,0,3,5.23,0,0.678,1,0
101.35,4,727.5,0,3,34.53,0,0.256,0,0
71.02,4,30.1,0,3,6.65,0,0.534,1,0
27.6,2,974.7,0,18,60.58,0,0.282,1,0
106.91,7,901.4,0,19,4.48,0,0.387,1,0
132.99,3,1220.5,0,3,69.81,0,0.613,0,0
68.1,3,595.1,0,23,13.87,0,0.0,0,0
105.79,7,289.3,1,6,42.6,1,0.466,0,0
143.39,1,590.9,0,16,17.42,0,0.123,1,0
149.32,5,89.3,1,8,2.3,0,0.362,1,0
39.56,3,59.9,0,19,118.19,0,0.429,0,0
27.47,5,286.0,0,4,33.48,0,0.34,0,0
45.99,5,994.9,0,9,4.85,0,0.238,1,0
96.45,6,1907.2,0,8,39.08,0,0.412,0,0
18.83,3,586.1,1,7,16.62,0,0.286,0,0
34.13,3,518.1,0,4,196.14,0,0.682,1,1
42.16,3,198.2,0,5,38.3,0,0.071,0,0
141.64,9,606.5,0,8,38.93,0,0.0,0,0
31.13,4,228.8,0,13,22.05,0,0.154,0,0
109.97,2,334.3,0,18,4.31,0,0.008,0,0
198.82,6,2078.6,0,10,12.6,1,0.128,0,0
457.36,4,53.7,0,22,197.12,1,0.563,1,1
71.25,2,1271.5,0,22,53.61,0,0.468,0,0
7.2,4,88.3,0,12,2.16,0,0.293,0,0
92.75,5,1437.9,0,5,,0,0.336,1,0
27.62,1,966.1,1,15,46.94,0,0.127,1,0
96.49,6,376.4,1,7,31.63,1,0.464,0,0
233.24,4,122.7,0,19,55.48,0,0.0,1,0
162.1,4,254.7,0,23,16.29,0,0.05,1,0
84.78,5,1243.6,0,5,5.33,1,0.166,1,0
10.34,2,387.8,0,3,12.28,0,0.275,1,0
65.51,3,448.3,0,19,24.76,1,0.497,1,0
7.02,6,1035.1,0,20,24.72,1,0.155,1,0
16.39,1,88.4,0,23,28.76,0,0.358,1,0
34.08,2,59.8,0,11,13.83,0,0.0,0,0
77.07,4,1468.8,0,19,65.35,0,0.279,0,0
115.56,2,276.4,1,3,108.09,1,0.169,0,0
30.59,4,148.4,0,10,64.28,0,0.045,1,0
11.16,4,697.8,0,8,34.87,0,0.115,1,0
96.49,4,139.3,0,23,7.28,0,0.435,0,0
47.01,6,141.9,0,12,16.35,0,0.0,0,0
18.36,4,1416.0,0,8,64.45,0,0.0,1,0
111.2,5,681.5,0,18,20.27,0,0.507,0,0
44.07,1,1649.5,0,22,34.25,2,0.0,1,0
197.09,6,303.3,0,13,62.02,1,0.207,1,0
58.0,5,83.3,0,21,73.38,0,0.377,1,0
151.49,9,796.3,1,0,40.43,0,0.684,1,0
153.22,2,1655.6,0,23,12.94,0,0.268,0,0
10.61,4,283.5,0,17,22.69,0,0.677,1,0
44.27,6,1344.2,0,22,17.34,1,0.304,1,0
167.01,3,1611.0,1,22,40.34,0,0.094,0,0
106.22,3,69.1,0,21,8.52,1,0.367,0,0
91.56,2,144.3,1,2,72.96,0,0.223,0,0
43.98,4,303.8,0,22,27.71,0,0.0,0,0
80.19,1,407.7,0,11,1.93,0,0.396,0,0
286.88,1,241.3,1,12,159.01,1,0.471,1,1
2.11,0,81.2,0,19,10.23,0,0.384,1,0
185.29,7,72.6,0,21,8.72,0,0.529,0,0
87.8,2,172.4,0,10,112.66,2,0.011,0,0
9.99,4,487.0,0,12,57.5,0,0.627,0,0
44.06,3,111.8,0,19,32.34,1,0.5,0,0
36.51,10,82.9,0,4,6.6,0,0.236,1,0
30.43,3,466.0,0,16,22.73,1,0.209,0,0
100.72,4,750.8,0,17,18.88,0,0.318,0,0
72.28,4,129.8,0,1,21.09,0,0.166,0,0
60.61,2,189.4,0,17,6.49,1,0.355,1,0
334.0,0,246.3,0,23,301.66,0,0.487,1,1
133.88,4,311.7,0,22,2.98,0,0.179,1,0
5.94,3,346.6,0,7,29.21,0,0.179,1,0
16.61,2,214.1,0,12,62.37,1,0.397,1,0
12.3,3,1600.4,0,14,8.94,0,0.636,1,0
157.02,5,104.0,0,18,47.21,0,0.128,0,0
2.33,5,234.3,1,19,23.46,1,0.186,0,0
214.11,4,1833.0,0,16,41.49,0,0.054,1,0
13.23,1,98.3,0,3,291.13,1,0.721,1,1
10.74,5,228.3,0,7,24.12,0,0.558,0,0
70.96,3,198.3,0,14,2.34,0,0.0,1,0
25.88,2,1565.3,0,12,61.02,0,0.198,0,0
8.54,3,682.1,0,20,47.56,0,0.177,1,0
46.64,7,212.1,0,22,2.96,0,0.3,1,0
101.33,2,341.9,0,3,122.79,1,0.0,1,0
61.67,3,2695.9,0,23,32.12,0,0.108,0,0
13.69,2,296.4,0,9,4.0,0,0.501,0,0
112.51,5,117.7,1,18,135.07,0,0.214,1,1
103.63,7,1213.4,0,13,25.55,0,0.448,1,0
40.7,1,14.1,0,20,33.23,0,0.812,1,1
62.33,2,357.2,0,0,364.75,1,0.521,1,1
21.75,7,157.3,0,0,9.68,0,0.592,1,0
82.65,1,1299.0,0,22,5.74,0,0.291,1,0
108.77,5,187.7,0,0,8.1,0,0.393,0,0
90.38,4,497.3,0,19,6.96,0,0.066,0,0
66.49,4,485.7,0,8,2.87,1,0.321,1,0
199.1,2,627.2,0,13,53.37,0,0.0,1,0
87.77,3,289.4,0,12,20.93,1,0.532,1,0
94.49,4,511.5,0,3,51.66,0,0.085,1,0
43.83,3,37.3,0,11,15.42,0,0.0,0,0
44.99,5,203.4,0,23,23.03,0,0.155,0,0
15.77,0,79.2,0,6,7.23,0,0.0,0,0
140.88,0,2056.0,0,22,24.95,0,0.75,1,0
118.31,6,994.2,0,17,58.31,1,0.226,1,0
12.39,0,612.9,0,13,43.03,0,0.072,0,0
134.61,2,21.1,0,11,32.55,0,0.468,0,0
31.12,5,118.2,0,6,30.64,0,0.185,0,0
176.01,2,62.0,0,9,146.92,0,0.278,0,1
95.86,5,275.7,0,9,10.14,0,0.246,0,0
91.36,3,161.3,0,3,5.64,0,0.0,0,0
8.45,6,1775.5,0,6,64.85,0,0.14,0,0
32.13,7,1576.3,0,19,0.47,0,0.257,0,0
89.94,3,635.0,0,15,51.25,0,0.422,1,0
73.7,4,866.9,0,2,,1,0.502,1,0
117.2,1,793.7,0,8,3.46,1,0.589,0,0
146.06,4,377.2,0,1,230.82,1,0.4,1,1
67.56,3,25.1,0,12,35.4,0,0.442,1,0
432.39,0,157.7,0,10,66.26,2,0.418,1,1
241.85,4,1493.5,0,7,31.52,0,0.063,0,0
417.67,3,381.7,0,16,35.47,4,0.759,0,1
86.86,3,624.8,0,20,40.94,0,0.031,1,0
35.72,5,2286.3,0,14,6.7,0,0.263,1,0
125.5,3,1028.3,0,7,33.55,1,0.478,1,0
66.02,5,260.5,0,7,30.47,0,0.363,0,0
13.69,4,733.7,0,0,37.7,0,0.185,0,0
59.97,3,354.1,0,8,38.81,0,0.16,0,0
22.53,4,187.9,0,3,23.15,0,0.43,0,0
74.49,4,853.0,0,10,42.48,0,0.434,0,0
80.75,6,2422.8,0,13,102.31,0,0.237,0,0
37.6,3,170.5,0,17,25.0,0,0.413,0,0
13.11,1,1973.2,1,22,22.36,0,0.0,0,0
22.03,4,204.1,0,16,58.95,0,0.17,1,0
38.99,4,1859.7,1,9,12.43,0,0.076,1,0
132.2,5,980.1,0,11,11.31,0,0.097,1,0
74.33,2,1289.4,0,20,54.0,0,0.656,0,0
150.3,6,586.3,0,10,1.0,0,0.347,1,0
104.82,3,184.4,0,3,17.93,1,0.118,0,0
98.49,4,115.1,0,4,30.71,0,0.171,0,0
1.79,3,552.2,0,16,75.26,1,0.264,0,0
86.34,1,32.5,0,10,49.31,0,0.404,0,0
71.25,3,592.7,0,0,51.14,1,0.0,0,0
121.83,4,211.7,0,8,51.69,1,0.184,1,0
52.9,2,116.4,0,19,33.59,1,0.0,0,0
125.28,4,897.4,0,18,91.62,0,0.447,0,0
19.18,3,119.1,0,9,14.86,0,0.379,1,0
166.3,6,957.7,0,10,64.79,0,0.247,0,0
65.6,2,400.6,0,20,74.54,0,0.187,0,0
33.27,4,324.3,0,14,16.04,0,0.237,0,0
133.51,5,191.6,0,18,45.47,0,0.621,1,0
34.32,0,848.5,0,2,68.59,0,0.211,0,0
30.46,3,780.3,1,20,40.07,0,0.205,1,0
95.23,2,258.5,0,23,69.01,1,0.259,1,0
16.5,1,191.6,0,15,138.54,1,0.598,0,1
56.39,2,73.0,0,13,83.29,2,0.523,1,0
50.63,3,839.4,0,9,3.9,0,0.238,0,0
9.46,3,3062.7,0,5,16.08,0,0.683,1,0
117.11,3,1083.7,1,23,90.95,0,0.541,0,0
66.65,4,43.9,0,15,17.37,0,0.253,0,0
66.41,5,270.2,0,4,32.45,0,0.372,0,0
40.8,7,110.3,1,2,23.12,0,0.382,1,0
107.39,3,425.4,0,17,43.18,0,0.318,1,0
74.93,6,1237.2,0,14,50.34,1,0.8,1,0
194.55,5,161.0,0,21,,1,0.0,0,0
342.44,4,446.5,0,7,148.08,0,0.25,1,1
115.13,3,46.8,0,12,34.91,0,0.307,0,0
20.6,7,345.8,1,6,8.07,0,0.367,0,0
58.22,5,1309.2,0,8,6.64,0,0.337,1,0
85.96,4,2427.6,0,18,5.25,1,0.641,0,0
18.79,6,229.0,0,3,12.6,0,0.0,0,0
52.31,8,864.0,0,0,36.34,0,0.248,1,0
21.21,2,48.0,0,18,59.46,0,0.381,0,0
93.35,1,783.3,0,18,5.73,0,0.155,1,0
14.96,4,125.7,0,11,11.81,0,0.395,0,0
199.21,2,449.8,0,21,60.39,0,0.409,1,1
142.78,3,239.3,1,18,41.11,0,0.494,1,0
70.54,3,734.9,0,10,52.44,0,0.078,1,0
96.95,6,382.2,0,18,61.54,0,0.747,0,0
28.02,1,406.1,0,20,38.76,1,0.623,0,0
94.49,4,91.9,0,18,57.88,0,0.601,1,0
53.28,5,1112.8,0,10,0.91,1,0.0,0,0
78.38,5,413.5,0,7,28.7,0,0.342,1,0
213.42,3,971.4,0,4,51.4,1,0.065,0,0
184.04,4,258.3,0,0,7.09,1,0.435,0,0
58.93,2,56.9,0,16,92.89,0,0.679,0,1
171.87,4,624.1,0,4,66.72,0,0.056,1,0
37.59,3,44.9,0,13,35.53,0,0.0,1,0
55.81,1,46.6,1,3,67.79,0,0.293,1,1
67.57,4,1351.5,0,18,47.3,0,0.0,0,0
130.02,2,137.3,0,2,5.89,0,0.218,1,0
103.13,0,500.7,1,6,187.01,1,0.763,1,1
115.06,1,396.6,0,7,57.58,0,0.0,0,0
75.83,9,336.4,0,7,13.38,0,0.244,0,0
36.02,3,333.4,0,5,13.5,1,0.421,1,0
150.45,1,441.3,0,1,32.64,0,0.773,1,0
96.05,1,668.6,1,20,49.79,0,0.725,1,0
58.12,5,553.9,0,4,107.23,0,0.161,1,0
80.02,6,1023.6,0,17,18.17,1,0.357,0,0
104.97,3,1587.5,0,13,25.03,0,0.648,0,0
43.26,5,2869.6,1,15,64.91,1,0.102,0,0
122.42,4,553.1,0,11,62.17,0,0.0,1,0
39.36,3,1038.0,0,0,7.16,1,0.404,1,0
123.38,3,44.8,0,10,23.75,0,0.255,0,0
160.29,3,741.5,0,21,54.6,0,0.0,1,0
129.49,1,900.9,1,21,46.85,0,0.402,0,0
51.82,6,778.1,0,6,1.15,0,0.604,0,0
98.42,5,2917.4,0,20,60.45,0,0.273,1,0
76.16,6,255.3,0,5,1.61,1,0.069,1,0
30.3,5,752.6,0,19,74.75,0,0.177,1,0
36.69,3,950.7,0,21,11.26,0,0.43,0,0
64.41,3,1859.2,0,21,8.67,0,0.031,0,0
140.71,5,110.3,0,3,26.55,0,0.0,0,0
2.9,1,70.0,0,21,2.3,1,0.328,0,0
41.01,1,51.9,0,5,55.49,0,0.464,0,0
114.51,1,340.2,0,8,60.84,0,0.059,0,0
33.15,5,52.1,0,22,31.7,1,0.0,1,0
69.71,3,639.0,0,14,14.03,1,0.389,1,0
31.17,4,542.0,0,6,42.37,0,0.216,0,0
53.04,2,2539.8,1,2,12.38,0,0.082,1,0
12.96,3,172.3,0,11,6.92,1,0.225,0,0
181.46,2,147.3,0,13,40.32,0,0.618,0,0
23.46,2,642.5,0,14,1.88,0,0.272,0,0
97.42,3,1830.8,0,20,40.77,1,0.286,1,0
109.74,3,885.5,0,1,3.51,0,0.487,0,0
17.02,2,2213.4,0,10,14.91,0,0.0,0,0
67.95,3,226.4,0,2,2.05,0,0.189,1,0
14.98,3,1883.0,0,11,48.37,0,0.302,1,0
61.74,5,148.7,0,0,37.7,0,0.151,0,0
86.09,2,339.0,0,6,1.23,1,0.612,0,0
5.32,2,45.4,0,11,153.17,0,0.649,0,1
124.67,6,59.3,0,14,24.67,0,0.476,1,0
144.98,3,14.9,0,1,5.07,0,0.0,1,0
109.58,4,395.4,0,12,33.05,0,0.0,0,0
237.38,4,5264.6,0,8,35.51,0,0.0,1,0
30.78,1,235.8,0,1,17.96,1,0.281,1,1
163.68,1,1293.2,0,10,24.85,1,0.379,1,0
78.02,2,151.7,0,9,19.61,0,0.628,0,0
35.25,3,270.0,0,9,17.8,1,0.475,1,0
118.0,3,108.9,0,8,,0,0.565,0,0
9.7,4,374.8,0,16,8.67,1,0.53,1,0
82.87,4,476.9,0,23,27.66,1,0.439,0,0
3.14,5,694.5,1,22,62.09,0,0.476,1,0
1.39,1,467.1,0,3,12.31,0,0.529,0,0
33.43,5,1314.3,0,21,34.41,1,0.156,0,0
12.78,1,11.8,1,9,21.61,0,0.48,1,0
136.01,5,211.8,0,8,46.73,0,0.338,0,0
224.04,2,178.0,1,23,155.22,2,0.468,1,1
116.74,9,1248.0,0,17,14.04,0,0.187,1,0
54.18,1,1056.9,0,19,86.86,0,0.0,1,0
178.57,4,278.8,0,10,45.14,1,0.586,1,0
107.48,3,242.7,0,20,29.09,0,0.602,0,0
135.41,3,149.8,0,4,1.76,0,0.0,0,0
122.97,5,1728.0,0,0,6.15,0,0.226,0,0
81.52,4,1734.3,0,14,37.19,0,0.409,1,0
8.19,2,295.5,0,8,14.68,0,0.092,0,0
52.68,8,78.0,0,3,1.18,0,0.412,0,0
113.0,3,238.7,0,8,39.23,1,0.261,0,0
158.26,2,706.3,0,20,20.69,0,0.429,1,0
16.92,0,977.0,0,14,18.64,0,0.007,0,0
50.91,4,2514.6,0,15,13.45,1,0.345,1,0
6.71,6,2274.5,0,1,47.1,1,0.34,0,0
200.5,4,146.4,0,0,102.82,2,0.341,0,1
125.17,3,537.3,0,22,22.5,0,0.0,0,0
69.44,8,1970.6,0,0,42.41,0,0.181,0,0
56.26,4,1206.4,1,11,20.83,0,0.438,0,0
162.72,1,390.2,0,7,23.75,0,0.462,1,0
151.1,2,419.1,0,2,0.69,0,0.525,1,0
172.72,3,414.5,0,16,39.31,0,0.002,1,0
197.45,1,306.9,0,2,87.97,0,0.338,0,0
135.31,2,1841.0,0,2,4.84,0,0.091,0,0
123.6,2,391.1,0,8,13.48,0,0.15,0,0
215.89,2,132.5,0,0,49.23,1,0.637,1,1
64.15,1,76.4,0,20,5.6,0,0.376,0,0
6.82,4,1398.2,0,23,20.62,0,0.471,0,0
60.53,1,1109.2,0,13,73.79,1,0.252,1,0
39.97,1,849.2,0,14,18.54,1,0.1,0,0
29.95,2,393.1,0,11,17.31,0,0.464,0,0
134.68,3,1038.0,0,18,54.66,0,0.005,1,0
102.47,4,328.7,0,7,10.88,0,0.244,1,0
192.27,4,276.3,0,7,69.92,0,0.336,0,0
56.45,4,99.1,0,14,73.57,0,0.42,0,0
93.06,5,1103.7,0,7,8.18,2,0.154,0,0
115.83,4,263.0,0,14,51.96,0,0.204,0,0
29.58,1,1681.5,0,3,14.46,0,0.33,0,0
66.31,4,164.8,1,23,9.09,1,0.163,0,0
61.25,5,823.6,0,15,109.28,0,0.145,0,0
3.21,6,240.1,0,9,36.24,0,0.0,1,0
59.6,5,589.2,0,19,91.84,0,0.221,0,0
67.61,3,288.1,0,2,37.56,0,0.0,1,0
86.44,5,543.0,0,2,16.54,0,0.149,1,0
375.74,2,36.2,1,18,213.95,2,0.018,1,1
92.86,1,188.1,0,0,44.8,0,0.321,0,0
185.02,7,123.1,0,22,48.97,0,0.222,1,0
50.33,2,626.2,0,22,78.69,2,0.817,0,1
250.45,4,503.1,1,1,39.45,1,0.702,0,1
63.17,6,1339.4,0,4,4.23,0,0.11,0,0
41.58,8,415.4,0,23,36.79,0,0.0,1,0
64.64,4,1256.2,1,16,34.87,0,0.115,1,0
33.13,3,56.5,0,16,28.98,0,0.628,0,0
104.67,5,364.6,0,10,28.49,0,0.317,0,0
95.47,7,1658.3,0,19,18.65,0,0.445,0,0
116.15,4,845.8,0,10,30.83,0,0.423,0,0
70.41,1,352.4,0,19,46.09,1,0.569,0,0
19.78,2,108.0,0,20,31.99,0,0.63,1,0
55.29,5,343.9,0,12,40.24,1,0.385,1,0
178.22,9,530.1,1,12,4.03,0,0.48,0,0
21.06,0,213.5,0,13,57.86,0,0.318,0,0
126.5,3,1055.0,0,10,21.06,0,0.638,0,0
450.7,0,208.4,0,13,178.34,1,0.542,1,1
18.11,10,55.0,0,7,47.45,0,0.371,0,0
33.74,8,1448.8,1,4,19.45,0,0.196,0,0
81.44,4,1949.3,0,12,29.89,0,0.467,0,0
38.3,5,86.4,0,7,89.53,2,0.433,1,0
105.49,5,234.9,0,0,9.26,0,0.187,0,0
5.54,2,150.4,0,14,20.02,0,0.076,0,0
121.24,6,611.3,0,0,18.2,0,0.311,0,0
48.06,4,819.9,0,20,60.91,0,0.691,1,0
87.43,2,296.0,0,6,10.73,0,0.544,0,0
120.13,5,1127.4,0,4,2.2,0,0.14,0,0
82.94,1,346.2,0,18,81.1,0,0.31,1,0
16.64,3,1732.0,0,18,21.51,1,0.351,0,0
35.88,5,545.2,0,16,69.82,0,0.205,0,0
71.24,2,1616.1,0,15,31.74,1,0.009,0,0
55.23,4,505.8,0,8,18.41,0,0.189,0,0
53.97,5,390.1,0,21,71.96,1,0.037,1,0
10.63,5,300.1,0,23,37.42,0,0.537,1,0
400.62,0,847.9,1,15,94.12,0,0.669,1,1
172.64,3,685.4,0,0,47.83,1,0.171,0,0
548.1,4,3.6,1,9,156.51,1,0.511,0,1
80.2,2,745.4,0,13,12.58,0,0.074,1,0
12.35,7,214.7,0,18,6.68,0,0.0,1,0
98.46,1,123.1,0,20,54.24,0,0.26,1,0
83.7,3,1979.3,0,23,,0,0.649,0,0
41.42,6,300.3,0,13,26.54,0,0.252,0,0
74.44,0,354.4,0,9,38.53,0,0.338,0,0
130.13,4,899.2,0,13,17.19,0,0.225,0,0
33.7,4,731.5,0,17,35.52,0,0.025,0,0
22.62,3,30.4,0,17,4.68,0,0.0,1,0
82.31,1,856.8,0,6,13.84,0,0.368,1,0
2.85,2,518.8,0,1,7.28,1,0.009,0,0
59.84,5,256.6,0,6,19.6,1,0.498,1,0
42.94,3,1080.7,0,4,68.25,0,0.392,0,0
58.19,1,1260.9,0,6,1.18,0,0.05,1,0
93.71,4,385.1,0,8,10.72,2,0.035,0,0
38.04,2,2.5,1,7,1.95,0,0.277,0,0
123.83,2,570.7,0,10,34.56,0,0.127,0,0
192.52,3,342.0,1,12,,1,0.252,1,0
54.72,5,120.1,0,16,26.78,0,0.01,0,0
56.96,4,101.5,0,23,23.08,0,0.083,0,0
95.03,2,507.9,0,5,4.6,1,0.232,0,0
94.62,2,83.0,0,8,3.53,0,0.184,0,0
146.88,2,137.7,0,3,28.46,0,0.284,0,0
43.6,8,144.3,0,15,31.88,0,0.434,0,0
120.08,6,259.8,0,22,20.32,0,0.294,0,0
92.56,2,139.2,0,5,20.61,0,0.018,1,0
19.05,5,403.2,0,16,35.35,0,0.356,1,0
266.63,3,235.3,0,0,97.78,0,0.846,1,1
45.8,5,38.5,0,8,42.85,0,0.28,1,0
166.76,0,27.6,0,10,39.13,1,0.0,1,0
131.0,2,853.8,0,4,20.91,0,0.185,0,0
242.24,1,40.9,1,6,77.51,0,0.609,1,1
172.76,7,872.8,0,20,68.0,0,0.341,0,0
72.0,0,604.8,0,4,58.75,0,0.286,1,0
111.5,4,528.4,0,0,16.77,0,0.292,0,0
6.69,2,644.6,0,11,9.17,0,0.0,0,0
141.32,4,1316.0,0,19,40.28,0,0.02,1,0
68.69,3,344.5,1,16,27.89,0,0.282,1,0
74.77,3,321.8,0,8,33.59,0,0.429,1,0
152.19,6,713.2,0,15,109.15,1,0.482,1,0
104.89,6,26.2,0,5,47.93,0,0.28,0,0
78.13,3,544.3,0,17,,1,0.585,0,0
55.45,1,649.0,0,12,7.94,0,0.239,1,0
23.89,0,129.0,1,9,44.01,1,0.413,0,0
89.04,4,200.8,0,11,13.05,1,0.534,1,0
51.43,4,576.5,0,10,29.2,0,0.0,1,0
105.72,5,157.8,0,7,32.35,1,0.161,0,0
99.93,2,355.9,0,18,6.13,0,0.425,0,0
28.98,5,35.3,0,18,111.21,0,0.364,0,0
9.36,2,1891.1,1,22,45.12,1,0.221,0,0
73.37,1,2054.3,0,1,14.35,1,0.356,0,0
129.5,6,1547.3,0,15,42.83,1,0.432,0,0
64.66,3,708.5,0,15,27.06,0,0.0,1,0
140.82,3,858.9,0,7,55.62,0,0.588,0,0
87.25,7,649.1,0,10,27.27,1,0.384,0,0
112.86,4,281.9,0,15,18.81,0,0.443,0,0
115.58,7,292.9,0,21,55.21,0,0.332,0,0
3.51,8,108.4,0,2,36.49,1,0.017,0,0
89.1,5,25.8,0,18,13.13,0,0.283,0,0
31.56,5,2830.2,0,3,67.8,1,0.0,0,0
34.05,3,538.4,0,10,,0,0.279,0,0
191.97,1,281.4,1,19,25.48,0,0.049,0,0
156.98,3,1427.6,1,5,30.12,0,0.399,0,0
162.19,5,189.6,0,15,47.34,1,0.348,0,0
148.22,2,21.0,0,3,14.03,0,0.607,1,0
191.5,3,211.9,1,20,36.34,0,0.171,1,0
71.59,3,994.5,0,11,49.4,0,0.294,0,0
54.45,2,1564.3,0,14,36.52,0,0.061,0,0
105.68,4,432.9,0,13,45.28,1,0.407,0,0
62.59,2,176.5,0,9,10.54,0,0.263,1,0
241.0,2,587.0,1,3,76.77,1,1.0,1,1
105.87,2,206.4,0,18,19.54,0,0.371,0,0
59.44,2,1050.0,0,0,85.82,1,0.13,1,0
55.2,8,1748.9,0,21,12.93,0,0.123,0,0
28.72,1,531.9,0,4,50.12,0,0.375,0,0
8.43,1,72.8,0,6,7.14,0,0.809,0,1
116.6,2,441.8,0,6,61.49,0,0.043,0,0
11.61,6,62.5,0,16,24.48,1,0.264,1,0
143.04,3,611.8,0,10,47.53,0,0.0,0,0
30.43,5,711.3,0,11,23.35,0,0.21,0,0
104.42,3,965.1,1,10,70.52,2,0.286,0,0
39.1,5,957.9,0,15,,0,0.351,1,0
396.87,0,530.0,0,6,251.19,0,0.377,0,1
194.83,3,19.4,1,1,184.7,0,0.173,0,1
51.13,6,4.8,0,8,40.94,1,0.499,0,0
73.82,3,349.9,0,8,51.97,0,0.336,1,0
32.25,2,1065.4,0,1,18.52,0,0.321,0,0
73.95,2,119.2,0,12,33.46,0,0.077,0,0
94.65,3,550.7,0,3,7.79,0,0.0,1,0
234.94,3,527.6,1,17,4.23,0,0.0,1,0
4.89,2,194.4,0,18,33.9,0,0.475,0,0
54.9,4,211.0,0,17,61.75,0,0.292,0,0
235.92,3,122.2,1,17,23.88,1,0.436,1,0
17.3,5,1201.8,1,0,27.3,3,0.214,0,0
57.47,5,1289.6,0,20,3.41,0,0.401,0,0
96.56,5,517.5,1,22,27.3,0,0.17,0,0
32.68,1,713.2,1,8,142.33,0,0.391,0,1
23.38,6,525.9,0,14,58.57,0,0.259,0,0
108.78,6,2112.8,0,3,31.48,0,0.0,0,0
47.3,3,47.8,0,21,44.56,0,0.386,1,0
17.04,0,0.1,0,14,25.54,0,0.549,0,0
633.63,2,50.7,0,0,131.03,0,0.493,1,1
109.86,6,264.5,1,23,21.53,0,0.211,0,0
106.89,6,2089.9,1,17,39.73,0,0.148,1,0
332.78,2,241.3,0,4,153.91,3,1.0,0,1
49.0,8,276.7,0,9,64.26,0,0.287,1,0
43.37,3,1131.5,0,6,18.38,0,0.318,0,0
7.3,2,136.9,1,23,109.12,0,0.764,1,1
129.38,0,1965.4,0,10,9.06,0,0.358,0,0
30.69,2,325.5,1,9,7.46,0,0.31,0,0
244.35,5,145.9,0,2,20.51,2,0.036,0,0
121.91,5,38.1,0,8,33.91,0,0.417,0,0
38.11,2,312.1,0,10,18.31,0,0.171,1,0
98.37,4,471.3,0,23,5.33,0,0.505,0,0
75.67,3,46.5,0,16,25.94,0,0.162,1,0
166.2,2,766.1,0,8,207.42,0,0.51,1,1
155.28,5,42.2,0,19,52.4,1,0.491,1,0
77.51,2,565.9,0,9,88.97,0,0.146,1,0
15.72,5,273.6,1,8,46.97,0,0.512,1,0
1.63,5,118.9,0,22,1.13,2,0.139,0,0
24.14,4,897.8,0,6,44.8,1,0.26,0,0
170.75,4,191.3,0,14,63.87,1,0.0,0,0
138.87,4,241.2,0,4,14.21,0,0.443,1,0
153.65,4,1253.2,0,8,33.54,0,0.347,0,0
55.14,2,405.9,1,21,49.99,2,0.0,0,0
95.0,2,534.3,0,8,46.32,0,0.305,0,0
49.78,7,1984.5,0,12,62.15,0,0.206,1,0
96.93,3,977.2,0,1,43.93,0,0.437,1,0
149.0,1,47.1,0,14,34.87,0,0.777,1,1
41.48,2,207.8,1,9,14.15,0,0.221,0,0
113.01,5,752.3,0,16,18.73,0,0.657,1,0
59.19,7,443.6,0,13,15.4,0,0.275,0,0
7.05,3,255.5,0,7,0.82,0,0.02,0,0
273.01,4,30.2,1,6,27.74,0,0.798,0,1
21.28,3,580.0,0,9,61.96,0,0.192,0,0
255.05,2,577.9,0,8,86.54,0,0.528,1,1
91.33,2,528.5,0,6,47.46,1,0.0,0,0
86.16,6,1143.7,0,2,24.88,1,0.541,1,0
107.24,1,613.6,0,6,17.0,0,0.221,0,0
15.94,6,4.7,0,0,20.39,1,0.048,1,0
105.65,6,624.9,0,7,74.44,0,0.478,1,0
92.67,3,315.2,0,5,23.53,1,0.381,1,0
89.63,5,976.5,0,21,19.27,0,0.243,1,0
160.05,5,591.6,0,17,88.34,0,0.326,0,0
121.56,0,326.2,0,21,43.7,2,0.141,1,1
73.72,2,1062.4,0,22,50.25,0,0.343,0,0
73.07,9,365.7,0,12,52.68,0,0.39,1,0
20.66,2,484.1,0,20,47.71,2,0.151,1,0
68.59,4,293.3,0,13,63.6,0,0.118,1,0
79.99,1,1683.0,0,12,80.25,0,0.684,0,0
69.69,1,187.0,0,2,21.06,0,0.0,0,0
28.1,3,136.9,0,21,0.45,0,0.0,0,0
19.98,3,304.8,0,14,45.79,0,0.37,0,0
113.81,2,125.8,0,21,74.23,0,0.01,1,0
43.18,8,5.6,0,13,51.14,0,0.121,1,0
38.78,1,1141.2,1,11,24.65,0,0.386,1,0
33.52,0,1867.3,0,18,8.57,0,0.654,0,0
303.15,3,157.7,1,6,253.78,2,0.403,1,1
2.84,3,966.3,0,10,41.37,1,0.453,0,0
219.91,3,28.0,1,18,97.79,1,0.599,1,1
100.69,2,1517.3,0,15,6.32,1,0.27,0,0
168.35,6,954.7,0,2,25.72,1,0.0,0,0
71.98,5,720.3,0,2,70.01,0,0.193,0,0
40.4,3,1567.0,0,11,22.97,1,0.419,1,0
428.83,3,79.3,1,13,423.25,1,0.335,1,1
28.79,2,87.6,0,3,41.3,0,0.432,0,0
3.11,3,2693.6,0,8,4.47,0,0.519,1,0
22.65,4,389.5,0,21,12.07,1,0.374,0,0
92.55,8,800.9,0,10,42.15,0,0.2,0,0
74.71,4,868.1,0,11,53.32,0,0.295,1,0
6.38,6,1137.6,0,23,24.41,0,0.389,0,0
17.26,6,411.5,0,9,20.17,0,0.32,1,0
176.65,1,37.2,1,6,166.62,0,0.933,0,1
3.65,5,1134.6,0,11,28.24,0,0.093,1,0
97.66,5,614.0,0,6,19.8,0,0.121,0,0
49.78,5,1131.2,0,7,2.0,1,0.778,1,0
22.11,2,806.7,0,2,13.43,0,0.385,1,0
21.77,7,154.5,0,2,32.79,0,0.362,0,0
412.62,4,184.7,0,1,67.47,1,0.632,1,1
142.46,5,2448.9,0,5,,1,0.274,0,0
23.59,3,805.4,0,2,38.47,0,0.337,0,0
77.39,2,1130.3,0,14,18.91,0,0.154,0,0
112.95,0,1164.7,0,23,41.38,0,0.0,1,0
264.46,1,85.1,0,12,73.69,3,0.585,1,1
47.71,5,881.2,0,8,52.7,0,0.151,0,0
83.86,6,772.1,0,21,44.93,0,0.59,1,0
399.43,1,35.1,1,6,27.08,1,0.372,0,1
28.23,1,619.3,0,0,74.11,0,0.298,1,0
134.6,3,308.0,0,20,65.6,0,0.046,0,0
14.81,3,49.3,0,15,1.03,0,0.19,1,0
6.84,3,164.4,0,11,46.06,0,0.254,0,0
14.84,4,557.3,1,21,41.64,1,0.272,0,0
53.09,2,1224.6,0,7,51.35,0,0.508,1,0
183.92,2,366.8,0,19,8.21,0,0.0,0,0
344.52,1,282.9,1,9,229.0,3,0.758,1,1
2.74,4,183.5,0,3,13.16,1,0.686,1,0
140.69,5,1319.1,0,19,48.8,1,0.065,1,0
1.42,2,682.5,0,15,33.57,0,0.205,0,0
128.35,6,543.5,0,0,31.37,1,0.176,0,0
40.32,2,445.0,0,21,,1,0.168,1,0
161.81,4,106.1,0,20,2.69,1,0.519,0,0
148.16,1,284.0,0,6,32.14,0,0.213,1,0
149.34,6,1433.5,0,11,46.94,1,0.288,1,0
8.09,9,349.3,0,1,26.4,0,0.418,1,0
29.61,2,164.8,0,10,10.27,0,0.306,1,0
270.27,4,438.7,0,22,7.2,0,0.0,1,0
172.36,5,104.4,0,20,44.61,0,0.394,0,0
104.64,7,973.4,0,22,110.59,0,0.369,1,0
70.64,3,170.3,0,16,20.13,0,0.305,0,0
81.85,2,363.7,0,11,31.16,1,0.321,1,1
168.45,4,65.6,0,8,14.54,0,0.553,1,0
71.38,5,329.3,0,8,73.79,0,0.476,0,0
43.94,3,511.3,1,15,21.32,0,0.365,0,0
19.19,6,1376.3,0,4,11.11,1,0.181,1,0
113.12,4,331.0,0,13,34.61,0,0.153,1,0
82.36,2,147.8,0,23,28.1,0,0.075,0,0
77.64,3,239.0,0,4,3.27,0,0.487,1,0
122.37,5,151.4,0,9,26.7,0,0.664,1,0
185.95,3,339.8,0,2,7.4,0,0.377,0,0
11.21,3,3165.3,0,19,7.47,1,0.223,1,0
134.7,6,341.7,0,1,39.59,0,0.173,1,0
17.5,4,427.9,0,1,32.4,3,0.175,1,0
164.04,3,2979.0,1,12,1.57,0,0.431,0,0
120.53,7,1247.9,0,16,5.55,0,0.753,0,0
73.83,3,206.0,0,22,14.07,0,0.251,0,0
8.21,9,1171.4,0,13,44.72,0,0.0,0,0
67.0,4,182.0,0,16,21.34,1,0.331,1,0
111.74,8,601.5,0,23,31.98,0,0.475,1,0
155.56,3,1215.7,0,23,6.15,0,0.654,1,0
38.5,3,191.6,0,20,89.55,0,0.0,1,0
233.21,1,52.5,0,8,187.22,0,0.636,0,1
36.81,6,1780.0,0,11,30.55,1,0.443,0,0
87.55,5,16.6,0,16,84.14,0,0.53,0,0
159.13,5,379.1,0,3,19.86,1,0.0,0,0
49.45,3,207.9,0,0,57.98,0,0.601,0,0
56.56,4,29.4,0,4,9.56,1,0.0,1,0
21.01,2,329.2,0,4,10.59,0,0.0,0,0
20.18,1,959.6,0,8,32.29,0,0.423,1,0
126.74,1,504.7,0,12,286.73,2,0.897,1,1
90.65,6,770.4,1,21,6.35,0,0.26,0,0
65.97,2,2911.8,0,21,33.92,0,0.239,0,0
32.58,0,960.8,1,15,100.9,0,0.353,1,0
53.38,5,384.7,0,12,20.85,1,0.563,0,0
24.96,1,99.0,0,5,2.78,0,0.347,0,0
82.64,1,74.5,0,5,4.8,0,0.068,1,0
4.97,2,379.3,0,16,10.65,0,0.238,1,0
0.74,2,908.3,0,19,27.73,0,0.505,0,0
203.58,3,1003.1,0,10,33.42,1,0.077,0,0
86.67,7,17.0,1,5,5.83,1,0.564,0,0
82.2,4,115.9,0,5,29.97,1,0.174,1,0
31.6,1,280.9,0,16,72.02,1,0.709,0,0
57.55,3,777.2,0,18,78.9,1,0.602,0,0
65.79,4,94.3,1,19,18.3,0,0.348,1,0
55.05,7,77.0,0,14,10.76,2,0.072,0,0
43.06,1,110.3,0,3,86.96,0,0.077,0,0
74.68,4,287.9,0,8,64.55,0,0.309,0,0
13.52,4,457.0,0,15,69.25,1,0.141,1,0
29.98,4,190.1,0,17,25.13,0,0.349,1,0
51.8,1,1846.9,0,7,91.63,0,0.0,0,0
62.05,3,2440.7,1,18,71.49,0,0.038,0,0
62.67,3,2418.7,0,8,10.69,0,0.544,0,0
207.17,3,164.3,1,18,54.82,2,0.705,1,1
483.71,2,1367.8,1,21,21.63,0,0.472,1,1
97.83,8,280.1,0,0,7.27,0,0.408,1,0
196.75,2,220.8,1,3,92.72,0,0.14,0,0
94.45,3,814.7,0,10,27.18,0,0.782,1,0
23.65,3,1115.0,0,8,8.39,0,0.548,1,0
80.31,5,615.4,0,5,13.9,0,0.402,1,0
3.19,6,1154.8,1,16,61.29,0,0.262,1,0
72.04,5,1129.8,0,1,6.29,2,0.419,0,0
120.1,1,494.5,0,17,19.69,0,0.201,1,0
31.84,5,938.0,0,17,16.34,0,0.423,0,0
49.44,5,2301.8,0,10,12.54,1,0.641,1,0
142.3,2,252.5,0,14,31.82,0,0.827,0,1
81.17,2,1219.5,0,21,22.08,0,0.402,0,0
5.14,3,172.8,1,3,26.8,0,0.701,0,1
57.53,5,249.4,0,18,50.55,0,0.189,1,0
189.23,5,1903.3,0,22,1.77,0,0.691,1,0
49.33,3,148.5,0,19,18.78,1,0.958,1,0
100.23,2,1063.2,0,10,57.61,0,0.0,1,0
126.91,6,1663.6,0,3,21.28,0,0.577,0,0
145.43,1,762.8,0,12,24.69,0,0.496,1,0
67.36,5,419.0,0,9,26.35,1,0.341,0,0
45.42,2,113.7,0,3,8.54,0,0.643,1,0
35.33,6,889.1,0,4,10.08,1,0.504,1,0
146.34,1,27.0,0,1,57.8,1,0.562,1,0
244.29,3,31.5,0,17,1.73,0,0.452,0,0
82.17,4,570.4,0,21,20.79,0,0.377,1,0
94.71,2,70.8,0,16,32.66,0,0.387,0,0
159.46,5,47.0,0,16,14.07,1,0.138,1,0
99.9,3,377.8,0,2,21.28,0,0.0,0,0
29.75,2,452.2,0,4,70.44,0,0.461,0,0
159.05,3,38.9,0,8,38.24,0,0.437,0,0
124.42,0,907.4,1,11,66.8,0,0.454,0,0
141.39,3,54.9,1,11,9.79,0,0.178,0,0
129.31,4,897.0,0,11,8.87,0,0.225,0,0
79.32,2,1128.8,0,3,7.52,0,0.113,0,0
103.32,6,91.5,1,10,35.32,0,0.302,0,0
205.3,0,97.4,1,17,0.35,0,0.818,1,1
41.5,3,779.7,0,9,34.25,2,0.192,0,0
35.91,4,294.4,0,16,7.59,1,0.492,1,0
55.3,6,40.6,1,9,29.16,0,0.354,0,0
123.48,5,225.6,0,23,21.94,0,0.183,1,0
157.25,2,501.5,0,18,10.32,0,0.048,0,0
48.06,4,1139.2,0,7,17.5,0,0.195,1,0
98.32,5,2449.3,0,22,23.09,0,0.565,0,0
13.04,3,1051.6,0,10,24.19,0,0.438,0,0
121.46,2,105.2,0,17,76.99,2,0.354,1,1
127.7,2,52.8,0,12,20.47,3,0.413,1,1
43.93,4,20.1,0,1,6.21,0,0.317,0,0
41.77,2,634.7,1,16,25.1,0,0.078,1,0
34.75,8,260.7,0,5,63.57,0,0.179,1,0
96.43,3,38.6,0,17,17.11,0,0.423,0,0
110.47,5,73.3,0,1,1.38,1,0.257,0,0
272.8,2,4.4,0,0,,0,0.359,1,1
53.1,6,534.5,0,14,46.87,0,0.391,0,0
14.28,4,70.1,0,23,28.07,0,0.252,1,0
24.77,9,2589.6,0,15,11.07,0,0.563,1,0
92.77,3,775.2,1,1,73.76,0,0.394,0,0
24.16,2,113.4,0,14,30.33,0,0.517,1,0
31.79,3,1726.2,0,5,12.52,1,0.343,0,0
103.21,7,1400.6,0,19,47.32,1,0.154,1,0
217.51,1,12.3,1,0,155.99,0,0.568,0,1
88.76,2,2551.2,0,14,18.08,1,0.708,0,0
26.04,4,51.9,0,2,15.68,0,0.518,1,0
74.61,3,1227.9,0,0,67.25,0,0.533,0,0
45.95,3,3152.3,0,12,32.18,0,0.524,0,0
83.79,3,454.5,0,1,18.26,0,0.317,1,0
4.69,0,1100.7,0,14,5.25,1,0.0,1,0
97.77,3,604.1,0,17,8.29,1,0.326,0,0
156.36,5,1310.5,0,16,48.86,0,0.14,0,0
43.13,6,994.1,0,12,33.1,0,0.57,1,0
83.82,3,367.9,0,12,33.02,1,0.133,0,0
593.67,3,792.7,1,8,38.99,0,0.831,0,1
37.36,5,1211.0,0,10,40.08,0,0.42,0,0
62.08,4,5.1,0,17,91.74,1,0.719,1,0
168.3,3,492.7,0,4,6.55,0,0.507,0,0
57.23,7,404.0,0,13,13.93,1,0.38,1,0
42.07,3,298.0,0,18,5.44,0,0.042,0,0
82.34,4,1457.4,1,16,10.88,0,0.195,1,0
17.59,6,176.8,0,23,25.22,1,0.294,0,0
103.3,3,148.0,0,1,31.55,0,0.246,1,0
55.79,4,413.3,0,5,15.62,0,0.434,0,0
27.48,3,85.2,1,13,47.19,3,0.655,0,1
192.39,2,1098.2,1,2,63.45,0,0.428,0,0
197.15,2,3067.2,0,21,53.46,0,0.307,0,0
0.57,2,698.3,0,1,10.9,0,0.295,0,0
285.12,0,331.6,0,2,163.09,2,0.366,1,1
67.77,1,330.4,0,17,40.51,1,0.408,0,0
55.22,3,1787.9,0,2,21.66,0,0.124,0,0
4.23,4,670.2,0,9,29.56,0,0.055,0,0
107.74,6,220.8,0,6,7.45,2,0.0,0,0
120.6,4,673.2,0,21,0.04,0,0.365,1,0
59.71,3,821.5,0,23,45.63,1,0.538,1,0
57.45,8,157.2,0,0,22.94,1,0.053,0,0
142.4,3,195.0,0,10,72.85,1,0.304,0,0
46.72,2,1320.3,0,22,20.5,0,0.42,0,0
118.31,7,228.5,0,19,40.15,0,0.423,1,0
55.46,4,977.1,0,20,21.55,0,0.049,0,0
73.32,3,818.8,0,15,71.31,0,0.836,0,0
102.53,3,2488.6,0,12,33.6,0,0.527,0,0
79.55,4,51.3,0,19,16.09,0,0.029,1,0
10.1,1,1256.2,0,21,74.64,1,0.292,0,0
50.46,2,191.9,0,7,12.39,0,0.187,1,0
19.79,2,365.9,0,21,24.52,0,0.567,0,0
40.85,5,986.4,0,8,1.21,0,0.237,1,0
72.34,4,52.5,0,8,9.71,0,0.303,0,0
164.74,0,137.3,1,13,26.88,1,0.996,0,1
148.92,7,301.3,0,15,7.33,0,0.669,0,0
36.67,3,438.5,0,17,7.27,0,0.143,1,0
43.77,3,13.5,1,16,27.8,0,0.0,1,0
77.85,2,56.4,0,22,87.96,0,0.354,1,0
87.45,3,245.9,0,10,32.08,0,0.31,0,0
57.04,1,513.1,0,21,5.92,0,0.28,0,0
32.43,5,291.3,0,5,15.03,0,0.185,0,0
84.43,4,226.1,0,22,15.28,0,0.367,1,0
64.22,3,13.1,1,9,4.97,0,0.384,0,0
38.07,4,2402.5,0,0,8.12,0,0.475,0,0
168.52,1,1483.6,0,1,21.94,0,0.337,0,0
51.75,4,597.6,0,10,,0,0.089,1,0
121.12,6,211.2,0,3,59.54,0,0.518,0,0
147.39,4,720.4,1,11,50.71,0,0.255,0,0
25.47,8,537.9,0,23,21.25,0,0.684,1,0
353.75,4,739.1,0,21,38.65,0,0.167,1,1
79.34,4,15.7,0,11,18.17,0,0.585,0,0
105.58,6,1009.7,0,12,23.55,0,0.516,1,0
81.62,1,1529.5,0,20,57.96,0,0.398,1,0
45.33,7,1318.5,0,13,10.38,0,0.715,1,0
76.44,5,751.7,0,23,22.64,0,0.0,0,0
171.65,3,1399.4,0,13,22.41,0,0.114,0,0
26.36,3,2.9,0,4,24.23,0,0.483,1,0
35.55,4,801.2,1,15,96.97,0,0.176,1,0
65.85,2,17.2,0,19,57.09,0,0.239,1,0
62.01,4,1343.4,0,5,5.2,0,0.629,0,0
53.39,5,1680.5,1,5,75.38,0,0.584,0,0
155.43,6,92.3,0,16,14.09,0,0.267,0,0
69.09,3,1380.5,0,11,14.1,0,0.465,0,0
38.76,4,1241.8,0,2,26.83,0,0.5,0,0
79.52,2,133.9,0,4,18.8,1,0.265,0,0
165.39,4,45.1,1,5,173.54,2,0.508,1,1
69.64,2,807.2,1,23,55.29,0,0.302,0,0
84.76,6,1484.4,1,18,13.32,1,0.29,0,0
7.98,2,212.7,0,5,67.39,0,0.091,0,0
102.83,4,847.4,0,14,13.83,0,0.125,0,0
30.88,3,2583.8,0,0,0.41,0,0.534,0,0
70.58,4,722.9,0,8,91.08,0,0.286,0,0
35.98,5,239.6,0,21,17.2,1,0.328,1,0
58.62,0,953.6,0,0,19.73,0,0.3,0,0
136.04,1,731.4,0,3,27.52,0,0.267,0,0
190.77,4,142.4,0,14,7.32,0,0.465,0,0
57.87,3,424.6,0,7,64.84,0,0.276,0,0
83.18,8,416.3,0,19,14.06,1,0.0,0,0
136.3,7,79.4,0,16,41.5,0,0.0,0,0
81.71,2,310.7,0,18,22.91,1,0.481,1,1
40.76,0,11.5,0,15,59.07,1,0.259,0,0
50.9,7,191.2,0,6,71.55,0,0.447,1,0
72.32,3,442.0,0,19,69.88,0,0.332,0,0
5.67,5,475.8,0,12,13.86,0,0.243,0,0
37.84,1,42.8,0,14,31.84,0,0.415,0,0
507.66,1,408.7,0,14,98.07,2,0.724,1,1
16.26,4,640.5,0,10,38.63,0,0.432,0,0
6.64,2,1358.6,1,12,39.59,0,0.291,0,0
204.84,2,82.5,0,1,166.08,0,0.396,1,1
40.9,7,792.0,0,21,42.18,0,0.219,1,0
36.31,5,1456.6,0,12,39.74,1,0.0,0,0
231.93,5,569.3,0,20,20.02,0,0.325,0,0
35.58,6,560.3,0,10,19.95,0,0.353,1,0
60.36,3,1926.3,0,6,8.94,0,0.0,1,0
62.9,6,656.7,0,17,12.19,0,0.0,0,0
6.32,2,1273.9,0,21,31.43,1,0.0,1,0
136.84,1,16.5,0,8,5.8,0,0.383,1,0
113.77,8,32.0,0,21,0.85,0,0.254,0,0
71.19,3,1661.9,0,10,17.05,0,0.499,0,0
45.11,1,1163.0,0,21,25.74,0,0.449,0,0
14.7,6,292.3,0,20,28.01,0,0.201,1,0
23.75,3,1196.2,0,20,15.61,0,0.032,0,0
29.07,0,127.7,0,21,17.0,0,0.105,0,0
20.45,4,98.3,0,1,37.59,0,0.661,0,0
120.03,6,489.1,0,19,3.34,0,0.233,1,0
302.46,1,521.6,0,16,157.94,0,0.337,1,1
87.69,3,2.7,0,14,36.19,0,0.097,0,0
9.59,1,340.3,1,17,35.33,1,0.0,1,0
14.62,2,226.8,0,9,49.94,0,0.474,0,0
100.37,3,748.0,0,2,71.12,0,0.929,1,0
191.29,4,531.0,1,15,104.63,0,0.405,1,0
135.42,2,404.7,0,11,17.17,1,0.763,1,0
92.22,4,1358.7,1,16,11.94,0,0.446,1,0
135.27,4,112.0,0,14,8.38,0,0.399,0,0
24.13,3,358.0,0,18,37.67,0,0.341,0,0
81.85,5,381.7,0,7,91.03,1,0.428,0,0
276.68,2,669.0,0,4,43.29,4,0.93,0,1
71.2,4,246.5,0,15,8.0,0,0.494,1,0
104.99,4,594.6,0,13,,0,0.508,1,0
123.01,3,216.7,1,21,18.17,0,0.452,0,0
73.53,8,2351.1,0,22,22.36,1,0.585,1,0
55.24,1,76.8,0,18,17.42,0,0.575,0,0
87.7,5,3190.5,0,10,14.87,0,0.327,0,0
59.19,2,356.0,0,11,28.35,0,0.268,0,0
70.46,2,163.5,0,4,39.64,0,0.302,1,0
103.03,6,316.8,0,13,16.17,0,0.322,0,0
12.54,6,239.1,0,5,2.31,0,0.215,1,0
112.3,7,222.9,0,18,28.17,0,0.2,0,0
21.15,2,87.5,0,3,28.84,2,0.2,0,0
51.14,6,231.3,0,3,34.9,0,0.048,0,0
67.68,3,529.1,0,21,29.75,0,0.0,0,0
423.65,0,68.1,0,1,155.5,2,0.493,0,1
37.74,4,115.3,0,20,7.16,0,0.164,1,0
36.64,2,1212.4,0,20,20.0,0,0.0,0,0
177.72,6,1446.7,0,6,19.39,0,0.177,1,0
48.84,1,1021.3,0,11,8.54,0,0.534,0,0
88.33,4,556.9,0,11,7.77,0,0.636,1,0
63.35,1,544.3,0,1,11.86,0,0.018,1,0
89.49,4,63.0,0,21,29.55,0,0.228,1,0
97.06,4,535.8,0,12,28.36,0,0.187,0,0
116.77,2,304.0,0,21,33.53,0,0.431,1,0
100.15,5,1292.5,0,16,52.83,2,0.598,0,0
65.05,3,124.8,0,20,65.69,0,0.376,1,0
51.7,6,354.2,0,22,34.38,1,0.554,0,0
122.52,3,428.1,0,2,65.12,1,0.428,1,1
25.55,6,213.4,0,21,39.79,0,0.308,1,0
110.46,8,130.3,0,22,17.53,0,0.113,0,0
134.2,6,409.4,0,14,76.04,0,0.402,1,0
52.47,6,30.9,0,12,3.78,0,0.057,0,0
89.43,3,5.0,0,8,69.72,1,0.425,0,1
3.81,3,8.0,0,11,31.32,0,0.389,0,0
101.44,2,364.8,0,6,60.6,0,0.298,0,0
116.5,5,943.2,0,6,2.66,0,0.139,1,0
19.0,4,1270.2,0,23,62.83,0,0.443,0,0
178.94,3,246.4,1,9,109.07,1,0.52,1,1
29.24,3,735.4,0,10,6.32,0,0.476,0,0
53.03,4,187.9,0,4,62.92,0,0.43,0,0
261.0,1,1978.9,0,8,33.43,0,0.053,0,0
84.41,2,473.5,1,5,31.98,0,0.106,0,0
72.74,3,815.7,0,2,9.44,0,0.49,0,0
1.63,8,87.1,0,13,73.3,0,0.0,0,0
51.23,4,273.2,0,19,28.49,0,0.376,0,0
69.38,3,366.1,0,9,162.13,0,0.701,0,1
4.22,3,270.5,0,22,1.55,0,0.326,1,0
35.8,7,108.0,0,0,28.31,0,0.381,1,0
42.45,0,110.9,0,3,51.59,0,0.312,0,0
17.03,2,286.8,1,9,19.9,1,0.636,1,1
104.67,2,441.4,0,17,26.07,1,0.45,0,0
57.81,3,518.6,0,18,40.72,1,0.279,0,0
96.73,1,1820.8,1,18,18.45,0,0.459,1,0
84.93,3,387.0,0,11,4.11,1,0.305,0,0
38.27,5,1355.5,0,22,6.22,2,0.476,0,0
14.23,3,585.9,0,15,2.47,1,0.405,0,0
234.5,3,152.5,0,21,69.03,0,0.0,0,0
109.77,4,752.5,0,13,35.41,0,0.391,0,0
112.39,5,199.9,0,4,25.55,0,0.314,0,0
45.36,3,575.8,0,6,15.82,1,0.465,1,0
63.67,4,459.0,0,7,49.41,0,0.948,1,0
126.85,3,942.0,1,12,38.03,0,0.27,0,0
136.18,3,137.4,0,2,21.98,0,0.163,0,0
185.72,2,1557.6,0,12,59.04,2,0.031,0,0
3.62,5,253.0,0,16,28.15,1,0.442,0,0
139.46,4,640.1,0,13,9.46,1,0.502,0,0
52.47,1,1222.1,0,5,12.64,0,0.341,1,0
49.42,4,416.5,0,9,48.44,0,0.158,1,0
23.44,1,1121.8,0,3,51.24,1,0.0,1,0
221.73,3,457.5,0,13,95.23,0,0.492,0,1
41.24,4,732.7,0,23,10.7,0,0.1,0,0
183.51,4,525.8,0,9,10.35,0,0.319,0,0
26.35,2,67.1,0,2,17.02,0,0.484,0,0
34.44,2,378.9,0,1,3.65,1,0.607,1,0
13.08,3,38.3,0,0,17.82,0,0.227,1,0
64.67,2,2840.1,0,12,36.62,0,0.079,1,0
190.25,2,435.4,0,20,58.22,0,0.41,0,0
119.91,2,19.2,0,14,6.91,2,0.546,1,1
41.25,6,723.3,0,10,67.87,1,0.82,0,0
133.55,4,553.6,0,23,16.74,0,0.282,1,0
92.21,9,281.5,0,7,18.26,0,0.112,1,0
108.24,3,362.5,0,5,13.64,0,0.34,0,0
168.95,1,450.8,1,4,180.44,0,0.341,1,1
78.75,2,342.4,0,15,47.97,0,0.313,1,0
158.86,2,1244.9,0,6,28.05,0,0.339,1,0
33.44,5,506.5,0,8,46.64,0,0.389,1,0
30.99,5,246.4,0,5,16.23,0,0.629,0,0
12.35,5,122.5,0,23,32.55,1,0.0,1,0
41.38,2,333.5,0,8,29.72,0,0.0,1,0
424.0,1,389.8,0,6,54.69,1,0.445,1,1
149.14,6,55.8,0,23,51.45,0,0.369,1,0
176.25,3,808.3,0,12,3.98,1,0.468,1,0
78.6,4,661.1,0,3,39.37,1,0.283,0,0
18.1,2,1396.5,0,12,1.01,0,0.368,0,0
50.02,4,217.7,0,3,37.03,0,0.519,0,0
92.51,3,275.6,0,17,5.99,0,0.399,0,0
76.32,6,278.8,1,14,37.03,1,0.411,0,0
4.45,4,304.7,0,5,46.38,0,0.341,1,0
141.16,2,890.5,0,8,113.37,2,0.235,0,0
194.88,5,174.3,0,15,17.06,0,0.547,0,0
93.06,5,270.5,0,21,0.22,0,0.586,1,0
47.26,5,2362.1,0,23,19.75,0,0.276,0,0
94.84,4,132.2,0,12,41.87,0,0.331,0,0
72.3,4,2071.7,0,23,21.33,1,0.336,1,0
52.53,2,121.2,0,23,49.85,0,0.346,0,0
190.05,5,181.5,0,0,23.65,0,0.411,1,0
37.57,3,534.1,0,18,72.28,1,0.39,0,0
122.78,4,728.9,0,12,14.11,0,0.11,0,0
18.67,3,361.5,1,23,289.94,2,0.499,0,1
98.63,0,543.4,0,20,22.86,1,0.12,1,0
27.06,1,1410.1,0,11,24.09,0,0.128,1,0
79.18,3,266.4,0,8,144.92,0,0.0,1,1
81.4,6,1298.8,0,1,22.88,0,0.116,1,0
82.72,8,112.7,0,13,24.48,0,0.251,1,0
1.83,4,73.2,0,10,7.73,0,0.0,1,0
8.73,3,1398.3,0,21,10.97,0,0.225,0,0
33.02,3,357.7,0,17,3.16,0,0.291,0,0
27.27,1,499.4,0,16,14.46,0,0.0,1,0
56.86,3,1369.7,0,5,4.55,0,0.317,0,0
124.71,2,889.7,0,4,20.22,0,0.172,1,0
91.84,9,1129.9,1,4,7.16,0,0.48,0,0
67.55,6,349.9,1,10,72.11,0,0.372,0,0
92.11,5,1266.7,0,17,21.48,0,0.059,0,0
153.64,4,349.0,1,21,23.4,0,0.342,1,0
86.69,4,1968.7,0,17,35.79,0,0.184,1,0
69.25,5,609.4,0,15,50.02,0,0.632,0,0
94.46,3,535.7,0,21,45.96,0,0.259,1,0
68.48,7,2066.5,0,11,19.47,0,0.311,1,0
2.68,5,654.4,0,22,8.44,0,0.434,1,0
78.44,2,708.3,0,7,16.06,0,0.509,1,0
33.22,4,32.4,0,4,9.36,0,0.949,1,0
37.76,3,151.1,0,10,24.91,0,0.021,0,0
6.46,4,800.3,0,20,5.81,0,0.438,1,0
47.26,5,1075.7,0,3,89.36,0,0.328,0,0
13.19,6,96.0,0,23,0.52,0,0.298,0,0
32.54,3,1535.6,1,4,38.56,2,0.56,0,0
13.66,1,266.3,0,5,33.34,0,0.224,1,0
146.6,3,414.5,0,7,2.8,0,0.0,1,0
53.36,2,414.6,0,15,13.04,0,0.118,0,0
224.87,5,579.1,0,2,22.4,0,0.709,1,0
138.99,6,1117.7,0,17,1.98,0,0.496,1,0
85.95,5,380.3,0,8,0.81,1,0.567,1,0
33.66,3,512.7,0,1,47.72,0,0.325,0,0
82.41,3,1636.4,0,18,30.01,0,0.194,1,0
1.71,1,1271.4,0,5,63.0,0,0.013,0,0
79.25,3,285.1,0,4,35.35,0,0.129,0,0
39.15,6,84.7,0,4,36.02,1,0.256,0,0
106.65,1,663.5,0,14,6.43,0,0.502,0,0
150.72,5,446.5,0,19,86.31,0,0.44,1,0
10.69,2,323.7,0,9,35.8,0,0.631,1,1
195.43,4,1437.6,0,23,9.57,0,0.072,0,0
215.03,5,1337.6,0,11,10.81,0,0.187,1,0
21.79,2,1121.4,0,1,28.28,0,0.313,1,0
142.21,4,583.1,0,1,8.77,0,0.406,1,0
75.6,5,147.5,0,6,21.32,1,0.0,0,0
69.86,2,222.9,0,1,67.59,0,0.34,1,0
86.87,1,1887.2,1,10,23.4,2,0.098,0,0
7.84,5,135.9,0,4,23.67,0,0.33,0,0
131.49,3,38.7,0,14,43.3,2,0.325,0,0
73.03,5,205.6,0,19,40.36,0,0.242,0,0
47.18,4,96.4,0,23,51.03,1,0.277,0,0
14.69,4,540.5,0,17,2.96,0,0.617,0,0
52.36,2,82.0,0,17,14.55,0,0.0,0,0
85.74,1,2574.5,0,13,37.4,0,0.481,1,0
137.67,5,662.4,0,2,24.76,0,0.0,1,0
142.09,4,390.5,0,12,9.99,0,0.432,0,0
178.88,2,300.9,0,9,5.39,0,0.585,0,1
31.47,0,451.6,0,19,25.29,0,0.317,0,0
98.74,5,251.6,0,3,21.18,1,0.664,0,0
20.67,4,1386.6,0,5,51.93,0,0.296,1,0
372.55,1,31.0,0,18,171.11,1,0.381,1,1
63.62,6,1515.6,0,9,11.19,1,0.223,0,0
64.37,6,619.5,0,7,3.17,0,0.347,1,0
58.58,4,1797.8,0,22,25.46,2,0.31,0,0
52.32,2,2629.0,1,14,21.2,1,0.553,0,0
411.92,2,730.8,1,13,229.39,0,0.405,1,1
18.56,6,1571.3,0,21,45.9,1,0.488,0,0
27.7,5,81.8,0,6,63.84,0,0.16,1,0
23.02,2,258.9,0,20,18.92,0,0.437,0,0
52.7,3,921.6,0,21,6.2,0,0.01,1,0
48.1,2,2168.6,0,12,112.21,1,0.388,0,0
119.27,2,877.9,0,13,22.64,1,0.197,0,0
69.43,3,31.7,1,2,42.47,0,0.103,0,0
227.39,5,21.2,1,2,109.69,0,0.188,0,0
115.48,5,1.8,0,16,37.64,1,0.232,1,0
158.25,7,541.7,0,14,33.01,0,0.678,1,0
91.16,2,453.2,0,22,15.35,0,0.418,1,0
124.17,5,410.4,0,12,41.89,0,0.612,1,0
93.72,2,4032.1,0,7,31.11,2,0.115,1,0
98.63,4,569.6,0,12,6.1,0,0.159,0,0
60.47,2,792.0,0,17,67.28,0,0.151,1,0
52.42,5,483.2,0,3,35.62,0,0.117,0,0
40.6,6,1545.8,0,7,5.23,1,0.444,1,0
44.57,4,67.2,0,8,15.73,0,0.335,1,0
81.6,7,115.5,0,13,22.47,0,0.324,0,0
52.19,0,92.3,0,9,80.61,0,0.531,1,1
272.11,6,168.9,0,17,0.3,0,0.593,1,0
38.05,3,352.7,0,2,77.06,0,0.578,1,0
49.64,3,2838.3,0,3,43.96,1,0.03,0,0
157.79,4,1386.3,1,13,8.8,0,0.241,1,0
34.78,6,576.8,0,11,90.11,1,0.383,0,0
78.8,6,2666.5,0,23,52.74,1,0.178,1,0
77.71,4,748.1,0,14,9.06,0,0.311,0,0
390.65,2,312.1,1,10,265.6,1,0.314,1,1
21.01,1,67.9,1,23,40.78,2,0.574,1,1
68.64,2,1079.3,0,12,16.8,1,0.244,1,0
103.93,2,1530.9,0,21,82.29,0,0.348,0,0
165.77,2,482.8,0,10,9.89,0,0.0,0,0
65.68,3,1656.9,0,5,62.43,0,0.122,1,0
91.2,6,111.4,0,21,24.02,0,0.574,1,0
160.99,3,865.8,0,4,64.68,0,0.0,0,0
33.39,2,591.1,0,14,56.93,0,0.574,0,0
87.96,6,180.0,0,19,0.86,1,0.456,1,0
69.22,4,718.7,0,0,4.84,0,0.232,0,0
78.2,1,221.2,0,9,58.35,0,0.157,1,0
63.85,5,462.8,0,7,11.78,1,0.098,0,0
11.14,5,9.9,1,19,14.01,0,0.267,0,0
23.63,2,89.4,0,23,151.93,1,0.452,0,1
14.92,6,416.8,1,3,81.43,0,0.0,0,0
5.82,3,295.8,1,12,1.9,1,0.539,0,0
25.79,4,255.6,0,1,43.42,0,0.117,1,0
84.19,5,327.2,0,19,80.47,0,0.2,0,0
12.28,6,245.1,0,5,34.47,0,0.059,0,0
147.69,6,329.3,0,12,19.25,0,0.247,0,0
127.22,4,720.6,0,21,82.45,0,0.538,1,0
108.83,1,154.4,0,7,14.0,0,0.473,0,0
71.96,4,213.4,0,14,1.71,1,0.522,0,0
54.98,3,131.6,1,9,22.87,0,0.038,1,0
96.04,2,1249.4,0,2,46.51,1,0.214,1,0
55.99,1,384.4,1,1,9.65,1,0.275,0,0
209.74,2,1061.7,0,21,36.85,0,0.221,1,0
16.5,5,141.0,0,20,41.08,0,0.214,1,0
63.56,5,203.4,0,23,4.28,0,0.332,1,0
156.62,4,306.2,1,23,1.56,1,0.2,0,0
86.16,5,371.3,1,18,11.29,0,0.265,0,0
14.36,7,90.8,0,5,9.92,0,0.354,0,0
48.05,3,938.2,1,20,6.13,1,0.471,0,0
110.85,2,1196.8,0,14,9.23,1,0.174,0,0
56.76,6,67.5,0,23,120.83,2,0.518,1,1
33.13,3,457.9,0,18,2.41,0,0.357,0,0
30.59,3,670.6,0,13,41.63,0,0.068,0,0
432.6,0,48.5,0,22,65.81,4,0.495,1,1
59.83,7,52.9,0,10,29.26,1,0.482,0,0
70.54,3,411.9,0,13,36.68,0,0.525,1,0
180.62,1,48.5,1,10,48.1,0,0.83,1,1
17.83,1,48.0,0,9,2.71,0,0.508,1,0
151.26,6,297.5,0,3,6.1,0,0.459,1,0
73.3,3,904.1,0,15,3.36,0,0.125,0,0
75.86,3,532.7,0,22,2.14,0,0.237,1,0
96.08,4,578.8,0,4,41.49,0,0.159,0,0
56.54,7,964.5,0,22,1.73,0,0.497,0,0
70.72,3,2154.3,0,9,13.35,0,0.442,1,0
21.76,2,1137.1,0,3,40.96,1,0.093,1,0
102.33,3,323.5,1,13,40.73,0,0.016,1,0
1.17,3,708.7,0,18,2.07,1,0.0,0,0
26.86,3,676.8,0,17,2.31,0,0.903,1,0
116.6,3,15.6,0,3,48.56,0,0.0,0,0
57.31,6,187.7,0,18,74.45,0,0.0,1,0
29.14,1,197.1,1,13,46.6,0,0.451,0,0
80.77,4,404.4,0,0,22.68,0,0.428,0,0
91.32,2,711.2,0,1,5.04,0,0.354,1,0
33.22,3,1618.9,0,0,63.05,0,0.504,0,0
173.49,4,6.3,0,20,6.8,0,0.234,1,0
425.71,2,517.3,1,23,230.49,2,0.476,1,1
33.36,1,1284.4,0,10,33.9,0,0.0,1,0
115.85,6,1519.9,0,18,26.03,0,0.417,1,0
81.84,9,27.5,0,4,2.15,0,0.0,0,0
111.85,5,521.1,0,16,9.67,0,0.357,0,0
0.5,2,44.4,0,17,176.01,0,0.589,0,1
34.72,4,396.0,0,10,18.35,0,0.0,0,0
90.03,5,1856.6,0,0,15.79,1,0.346,1,0
88.09,4,153.0,0,22,60.5,0,0.258,0,0
2.9,3,200.4,0,22,21.08,0,0.468,0,0
178.59,5,571.8,1,20,27.44,0,0.086,0,0
57.33,3,726.6,0,3,41.82,0,0.456,1,0
306.21,2,246.1,1,19,96.79,2,0.763,1,1
30.01,7,1503.7,0,2,55.45,0,0.593,1,0
116.22,6,19.0,0,23,9.93,0,0.315,1,0
26.63,0,78.2,0,12,59.18,0,0.107,1,0
70.5,5,99.0,0,3,24.79,0,0.249,0,0
114.61,2,528.5,0,18,5.48,0,0.354,1,1
60.32,3,1918.8,0,5,41.81,1,0.485,0,0
61.46,3,1322.0,0,1,35.12,0,0.503,0,0
138.6,4,647.7,0,17,24.75,0,0.316,0,0
139.68,7,1069.2,0,6,42.54,0,0.356,1,0
28.07,1,2.2,1,4,20.18,0,0.506,1,0
103.04,3,576.1,0,1,10.24,0,0.29,1,0
85.51,2,117.5,1,15,82.92,1,0.025,0,1
12.28,3,2498.6,0,10,32.01,0,0.37,0,0
22.76,3,444.3,0,8,0.22,0,0.437,0,0
30.08,4,318.3,0,10,13.02,0,0.459,1,0
125.5,2,365.1,0,18,45.11,0,0.311,0,0
143.2,5,688.1,0,23,25.94,3,0.342,0,0
30.0,4,2264.0,0,5,39.05,0,0.492,0,0
198.55,5,1066.9,0,3,35.77,0,0.315,0,0
176.46,4,1158.1,0,7,30.96,0,0.287,1,0
58.65,4,146.2,0,21,43.95,1,0.313,0,0
32.18,1,936.5,0,8,6.98,1,0.266,1,0
17.16,5,541.6,0,19,8.99,0,0.165,0,0
91.19,3,484.7,0,9,38.74,0,0.335,0,0
56.35,3,76.7,0,18,6.95,0,0.694,0,0
97.66,0,866.3,0,10,0.82,0,0.778,0,0
124.42,2,1457.3,0,11,41.26,0,0.328,1,0
28.96,3,248.0,0,23,14.48,0,0.462,0,0
144.37,7,1891.7,0,15,13.29,0,0.116,0,0
18.08,11,117.9,1,21,18.25,1,0.134,1,0
147.71,3,89.2,0,0,43.59,0,0.355,1,0
129.31,4,1022.3,0,16,20.93,1,0.578,1,0
57.75,3,354.8,0,9,32.9,1,0.318,0,0
1.81,4,687.8,0,0,40.74,1,0.436,1,0
93.58,1,461.0,0,22,9.24,0,0.114,0,0
43.75,3,155.9,0,1,17.64,0,0.414,1,0
172.29,3,2159.6,0,21,0.71,0,0.486,0,0
54.64,5,422.8,0,10,70.21,0,0.208,1,0
69.77,6,502.5,0,1,3.5,1,0.185,1,0
5.31,4,697.6,0,22,54.27,0,0.152,0,0
82.99,8,1160.6,0,11,37.37,0,0.429,0,0
97.72,4,900.2,0,20,26.79,1,0.041,1,0
46.36,0,670.6,1,10,5.33,0,0.28,0,0
45.67,5,142.8,0,17,37.83,0,0.171,0,0
27.43,3,740.8,0,11,75.93,0,0.35,0,0
106.05,6,1193.5,0,9,7.72,0,0.608,1,0
80.03,6,178.1,0,23,32.77,1,0.415,0,0
14.38,4,798.2,0,20,31.58,1,0.508,1,0
68.27,6,996.7,0,0,69.17,0,0.512,0,0
8.98,3,57.1,0,11,47.22,0,0.488,0,0
36.01,5,74.1,0,20,8.59,0,0.694,0,0
12.35,4,432.9,0,20,46.25,1,0.366,1,0
128.88,3,685.6,1,12,39.3,0,0.231,1,0
122.89,3,592.1,1,17,45.93,1,0.147,1,0
10.36,2,1167.1,0,20,44.26,1,0.258,1,0
37.54,5,709.1,0,0,43.43,0,0.289,0,0
6.37,3,1655.9,0,11,46.63,0,0.116,1,0
1.73,2,1236.8,0,5,43.18,1,0.627,1,0
2.37,2,163.1,0,18,44.65,0,0.362,0,0
52.05,3,1544.9,0,11,8.83,0,0.405,0,0
47.92,2,520.9,0,18,74.33,0,0.488,0,0
38.49,2,932.0,0,20,70.85,1,0.224,0,0
113.96,7,58.7,0,0,12.58,0,0.364,0,0
343.66,2,522.5,0,5,334.98,0,0.466,0,1
92.57,4,375.4,0,9,41.6,0,0.232,1,0
122.01,7,2313.7,0,8,23.85,0,0.288,1,0
78.54,3,229.5,1,11,58.25,0,0.125,0,1
81.6,4,167.9,0,14,5.02,0,0.24,0,0
16.4,2,423.2,0,20,0.08,0,0.452,0,0
78.65,2,1192.3,0,7,,0,0.08,0,0
253.67,3,36.7,0,16,302.9,1,0.85,1,1
183.07,4,3134.7,0,13,22.16,0,0.089,0,0
67.47,5,1.8,0,8,46.52,0,0.108,0,0
0.75,3,1145.2,0,6,44.09,0,0.28,0,0
63.53,6,524.3,0,4,43.03,0,0.254,1,0
63.13,6,159.2,1,18,78.6,0,0.445,1,0
119.35,4,1202.4,1,3,0.48,0,0.571,0,0
135.59,2,977.8,0,13,26.23,0,0.07,0,0
49.13,2,867.8,0,16,53.57,0,0.368,0,0
29.28,3,1680.9,0,7,51.77,0,0.541,0,0
121.51,1,2298.2,0,4,28.52,0,0.342,1,0
40.49,5,1587.4,0,7,39.74,0,0.221,1,0
75.14,1,9.5,0,23,2.33,0,0.235,0,0
85.91,4,2742.5,0,23,,0,0.156,0,0
5.83,4,13.4,0,22,49.86,0,0.195,1,0
50.82,9,820.9,0,22,37.74,1,0.137,1,0
20.79,6,804.2,0,17,39.31,0,0.232,0,0
67.98,0,544.1,1,2,27.36,0,0.12,0,0
31.31,2,775.0,0,18,19.59,0,0.441,0,0
144.75,4,930.4,0,6,10.38,0,0.313,1,0
252.44,5,232.9,0,9,,1,0.907,1,1
5.53,2,230.2,1,8,8.89,0,0.185,1,1
79.63,3,413.4,0,2,25.29,0,0.102,0,0
703.44,2,95.4,0,11,146.24,0,0.441,0,1
37.46,2,318.9,0,20,7.63,1,0.353,1,0
188.94,2,16.9,0,21,7.8,0,0.169,0,0
92.18,5,1347.3,0,10,30.58,0,0.574,1,0
27.87,3,572.0,0,22,45.53,1,0.2,1,0
82.5,3,57.5,0,5,8.6,2,0.578,1,0
68.08,0,365.0,0,2,53.68,0,0.219,1,0
47.34,2,257.8,0,13,19.32,0,0.175,1,0
47.04,4,423.4,0,9,40.45,0,0.241,0,0
11.23,4,777.5,0,6,20.88,0,0.436,1,0
145.23,4,1294.8,0,19,30.04,0,0.413,0,0
272.0,3,229.2,0,10,60.59,0,0.241,1,1
331.53,2,145.2,0,22,73.41,0,0.0,0,0
89.19,1,2365.8,1,0,28.75,0,0.62,0,0
41.31,4,428.5,0,22,61.11,1,0.685,1,0
16.7,5,964.4,0,13,16.85,0,0.49,1,0
38.31,4,1518.4,0,22,12.74,0,0.47,0,0
45.14,4,1166.6,0,6,18.07,0,0.054,1,0
2.05,2,502.8,0,19,11.26,0,0.183,0,0
140.57,4,209.0,0,17,112.53,0,0.661,1,1
82.22,5,795.2,0,6,35.04,0,0.102,0,0
162.61,2,879.3,0,11,29.95,0,0.291,0,0
170.61,4,2353.6,1,22,106.51,0,0.455,0,0
128.27,4,20.3,0,5,14.96,0,0.601,1,0
24.28,5,1896.9,0,19,3.35,0,0.191,0,0
75.71,3,77.3,0,1,17.47,0,0.489,0,0
12.59,7,375.7,0,2,65.32,0,0.029,0,0
71.77,5,352.7,0,20,14.41,0,0.0,1,0
70.4,6,364.1,0,7,44.14,0,0.007,0,0
63.98,1,958.8,0,5,27.47,0,0.046,1,0
23.06,7,1030.4,1,15,35.2,0,0.328,0,0
52.68,2,169.4,0,21,56.78,0,0.321,1,0
87.55,3,1276.6,0,11,24.95,1,0.377,1,0
82.9,4,822.5,0,7,57.51,0,0.0,0,0
74.02,7,1014.0,0,14,9.66,0,0.008,1,0
126.69,4,538.7,1,3,21.16,0,0.0,0,0
127.0,4,197.5,1,3,11.06,0,0.187,0,0
41.21,4,1314.1,0,16,,0,0.178,0,0
47.66,3,409.7,0,9,44.59,0,0.296,0,0
79.11,8,197.0,0,15,5.27,0,0.0,0,0
46.96,1,1251.8,0,11,1.79,0,0.818,1,0
57.39,8,187.5,0,8,84.47,0,0.282,0,0
435.04,5,2318.2,0,0,38.81,1,0.404,1,1
264.58,5,308.3,0,12,17.01,0,0.486,0,0
91.06,3,191.3,0,7,37.89,0,0.401,0,0
33.16,1,59.9,0,1,32.31,0,0.387,0,0
36.56,3,175.4,0,7,,0,0.353,0,0
48.43,7,1413.1,0,13,57.42,0,0.534,1,0
65.97,3,385.4,0,1,22.92,0,0.058,0,0
24.2,5,1534.8,0,10,70.37,1,0.538,0,0
24.7,4,142.8,0,16,5.47,1,0.233,1,0
41.03,3,101.3,0,14,7.25,0,0.305,1,0
27.66,7,1476.9,0,14,41.11,0,0.0,0,0
21.48,5,792.8,1,14,87.8,0,0.536,0,0
7.23,3,872.1,0,3,28.75,0,0.214,1,0
121.22,3,105.2,0,0,14.81,2,0.5,0,0
56.28,5,784.3,0,16,4.89,0,0.581,1,0
157.14,3,1847.7,0,4,51.64,0,0.455,0,0
49.64,3,82.5,1,22,71.67,2,0.149,1,0
21.29,8,135.0,0,6,25.54,0,0.343,1,0
20.44,0,11.0,1,9,7.65,2,0.553,0,0
11.66,4,124.2,0,5,31.15,0,0.528,0,0
117.96,1,76.7,0,21,30.05,0,0.364,0,0
46.96,2,324.9,0,1,54.89,1,0.091,0,0
103.49,6,972.1,0,14,80.91,0,0.39,0,0
3.75,3,312.6,0,7,8.91,1,0.076,1,0
106.29,5,958.8,0,21,24.9,1,0.003,1,0
87.31,5,1088.2,0,4,45.6,0,0.288,1,0
3.26,1,675.4,1,0,75.6,1,0.284,0,0
274.3,3,539.9,0,4,86.66,1,0.647,0,1
97.27,5,527.3,0,15,25.21,0,0.22,0,0
34.28,4,2349.9,1,19,54.69,0,0.551,0,0
98.02,3,490.9,0,15,20.39,0,0.135,0,0
524.8,2,253.7,0,19,251.53,0,0.395,0,1
24.26,6,414.5,0,1,18.43,2,0.617,0,0
28.38,1,728.5,0,10,16.68,0,0.537,1,0
69.11,5,445.4,0,9,64.14,0,0.471,0,0
23.79,2,105.5,0,15,2.46,1,0.333,1,0
91.9,4,691.8,0,15,10.81,0,0.368,1,0
36.74,2,255.9,0,17,57.69,0,0.289,1,0
39.77,2,687.5,0,23,35.1,0,0.192,1,0
233.42,2,13.2,1,17,106.8,0,0.442,1,1
79.36,3,180.0,0,21,49.02,0,0.0,0,0
59.09,3,287.7,1,18,0.2,0,0.121,0,0
6.57,6,1345.8,0,23,19.75,0,0.338,1,0
16.88,2,941.0,0,20,36.53,0,0.685,0,0
29.84,2,537.5,0,10,33.99,0,0.353,0,0
109.72,7,1754.4,0,9,85.07,1,0.077,0,0
24.67,3,1240.5,0,13,10.31,0,0.41,1,0
19.31,3,312.0,0,21,84.28,0,0.0,0,0
139.16,4,397.5,0,15,75.13,0,0.04,1,0
63.04,4,42.6,0,23,67.66,0,0.381,0,0
35.07,4,1419.5,0,1,17.25,0,0.656,0,0
52.82,7,342.3,0,16,19.9,0,0.387,0,0
57.71,4,238.4,1,10,62.42,0,0.292,0,0
123.67,8,497.0,0,21,66.47,0,0.308,0,0
632.22,2,302.6,0,9,288.92,3,0.611,1,1
26.17,4,310.0,0,16,48.53,0,0.246,0,0
82.11,3,214.9,0,21,11.74,1,0.483,0,0
44.14,1,257.8,0,1,6.78,0,0.113,0,0
525.32,1,72.0,0,9,134.1,0,0.467,1,1
60.23,0,383.3,0,9,27.78,0,0.232,0,0
66.01,4,571.5,0,8,23.42,0,0.283,1,0
55.78,1,149.5,0,5,8.62,0,0.0,0,0
22.99,1,156.0,0,17,75.02,0,0.146,0,1
133.61,1,1065.4,0,8,19.4,0,0.56,0,0
77.14,4,29.6,0,17,20.69,0,0.349,0,0
195.89,3,582.0,1,16,35.79,0,0.172,1,0
37.79,4,322.7,1,5,38.7,0,0.507,0,0
54.7,5,1756.0,0,3,3.28,0,0.306,0,0
73.42,6,382.9,0,20,22.26,1,0.117,0,0
182.46,2,645.7,0,13,15.19,0,0.028,0,0
23.71,4,126.8,0,8,63.39,1,0.365,0,0
23.45,2,772.4,0,11,6.0,0,0.222,0,0
130.12,1,894.3,0,1,6.75,0,0.0,0,0
93.92,4,397.3,0,16,56.69,0,0.348,0,0
44.01,5,334.2,1,9,27.51,0,0.137,0,0
76.24,7,661.2,1,18,10.1,1,0.002,0,0
11.55,2,1454.8,0,9,11.31,0,0.678,0,0
120.21,2,98.0,0,6,3.27,0,0.087,0,0
640.35,5,70.8,1,1,263.23,0,0.322,1,1
77.77,4,313.4,0,13,18.19,0,0.445,0,0
26.32,6,1448.2,0,6,17.8,0,0.288,0,0
98.67,5,672.2,0,4,20.26,0,0.49,0,0
80.38,1,263.3,0,1,22.44,0,0.448,0,0
108.83,6,277.6,0,12,26.25,1,0.584,1,0
1.47,2,118.6,0,1,6.55,0,0.115,0,0
155.22,0,1.8,0,10,27.61,0,0.304,1,0
105.04,2,374.7,0,6,,0,0.305,0,0
73.29,6,853.0,0,15,66.65,0,0.43,0,0
50.91,5,780.3,1,10,12.32,0,0.337,0,0
13.79,3,221.4,0,22,72.65,0,0.439,0,0
92.22,3,1099.0,0,12,63.85,0,0.0,0,0
28.45,3,346.8,0,10,31.29,0,0.644,0,0
24.31,4,299.3,0,3,1.54,1,0.126,0,0
37.99,5,330.5,0,17,29.3,0,0.0,1,0
61.42,2,310.5,0,8,17.45,0,0.211,1,0
90.6,4,1829.6,0,0,20.15,0,0.241,0,0
109.08,2,89.6,0,18,38.43,0,0.397,1,0
46.83,3,400.8,0,17,74.12,0,0.276,0,0
74.39,5,913.4,0,22,5.49,0,0.046,0,0
9.66,6,113.5,1,0,44.49,1,0.226,0,0
30.49,1,54.8,0,5,5.34,0,0.235,0,0
89.91,0,35.2,1,5,7.95,0,0.0,1,0
255.11,2,29.0,0,16,204.03,1,0.448,0,1
114.29,3,884.3,0,9,13.7,0,0.387,0,0
32.12,5,162.5,1,22,16.9,0,0.0,0,0
96.37,5,77.5,0,0,53.92,0,0.468,1,0
27.09,2,12.6,1,11,94.49,0,0.092,0,0
106.3,5,477.3,0,23,18.94,0,0.033,1,0
54.77,6,742.6,1,1,40.68,1,0.408,1,0
143.68,3,1354.1,0,15,7.34,0,0.269,0,0
42.53,3,710.4,0,21,58.47,0,0.0,1,0
32.01,1,1857.1,0,2,17.34,0,0.824,0,0
71.9,0,1230.0,0,22,30.51,0,0.0,1,0
133.81,2,1166.5,0,18,30.92,0,0.199,1,0
59.1,2,375.0,0,8,8.66,1,0.186,1,0
133.63,0,138.3,0,7,32.72,0,0.15,0,0
11.74,3,56.8,0,4,58.76,0,0.861,1,0
133.81,2,539.7,0,1,,0,0.031,0,0
60.39,4,599.7,0,11,45.28,0,0.213,1,0
86.88,2,308.3,0,2,17.1,0,0.381,0,0
24.79,3,20.9,0,10,12.95,0,0.493,0,0
6.58,3,2641.7,0,7,,0,0.03,1,0
56.67,3,2499.9,0,0,10.05,0,0.061,0,0
84.21,5,667.7,0,22,2.48,1,0.566,0,0
29.56,3,126.4,1,7,54.48,0,0.429,0,0
111.71,5,1750.1,0,2,10.53,0,0.376,0,0
2.23,3,165.7,0,17,13.81,1,0.286,0,0
40.86,3,169.4,1,16,6.05,0,0.155,0,0
179.96,3,448.1,0,2,188.72,5,0.538,1,1
174.01,2,414.1,0,0,48.85,0,0.253,1,0
40.4,3,835.9,0,10,19.76,0,0.601,0,0
215.0,2,393.0,0,0,219.8,2,0.169,0,1
206.99,2,10.4,0,1,187.95,1,0.502,1,1
54.85,3,3143.9,0,15,26.09,0,0.386,0,0
143.58,2,635.9,0,15,83.06,0,0.318,0,0
146.59,1,225.4,0,11,2.03,0,0.118,0,1
47.86,3,297.4,0,3,29.27,2,0.627,0,0
67.73,5,1533.4,0,22,2.33,0,0.376,1,0
79.34,1,91.3,0,9,0.25,0,0.389,1,0
4.88,4,267.5,0,7,13.68,0,0.237,1,0
76.46,2,209.8,0,19,19.09,0,0.328,1,0
175.95,5,407.1,0,8,47.81,0,0.579,1,0
110.33,7,341.7,0,2,14.69,0,0.216,1,0
46.89,2,1600.0,0,14,58.96,0,0.208,0,0
139.61,1,1166.2,0,19,23.98,1,0.0,0,0
76.11,1,825.8,0,23,39.91,0,0.448,0,0
67.3,6,139.6,0,18,19.59,0,0.0,0,0
80.75,4,143.0,0,13,48.29,0,0.496,0,0
24.47,3,216.6,0,18,55.48,0,0.185,1,0
2.26,3,1253.4,0,16,75.56,0,0.212,1,0
58.97,3,26.7,0,13,13.99,0,0.238,1,0
20.14,5,505.6,0,16,17.21,0,0.16,1,0
171.08,5,52.5,0,3,39.59,0,0.468,0,0
8.13,5,506.0,0,11,35.04,0,0.426,1,0
135.04,2,177.5,0,17,11.59,0,0.307,0,0
46.35,6,33.8,1,15,7.98,0,0.221,0,0
102.37,2,1499.3,0,3,19.33,0,0.475,1,0
87.37,4,551.5,0,20,5.72,0,0.223,0,0
69.01,5,571.2,0,17,52.06,0,0.385,0,0
107.2,4,340.1,0,3,30.37,0,0.407,1,0
8.99,1,27.6,0,2,45.71,0,0.583,0,0
25.95,4,610.3,0,11,19.1,2,0.315,0,0
110.94,3,296.2,0,11,21.7,0,0.381,0,0
38.49,2,932.0,0,20,70.85,1,0.224,0,0
144.42,4,986.8,0,14,54.57,1,0.494,1,0
21.2,3,248.5,0,5,9.38,0,0.026,0,0
190.88,2,273.3,0,19,17.78,0,0.225,0,0
141.03,4,880.4,0,11,18.2,0,0.066,0,0
49.86,5,83.1,0,15,52.45,0,0.433,0,0
96.01,3,453.0,0,2,1.72,1,0.581,0,0
36.59,5,2886.0,0,6,51.37,0,0.416,0,0
57.87,3,424.6,0,7,64.84,0,0.276,0,0
18.53,6,118.0,0,6,2.09,0,0.338,1,0
288.54,3,311.2,0,14,316.97,0,0.406,0,1
0.03,6,175.4,0,7,7.17,1,0.074,1,0
21.78,4,396.8,1,20,27.65,0,0.316,0,0
34.45,1,85.3,1,22,64.62,1,0.719,1,1
78.13,3,544.3,0,17,,1,0.585,0,0
257.2,1,101.8,0,1,140.94,1,0.77,0,1
20.68,4,594.8,0,11,49.6,0,0.293,1,0
3.45,4,707.0,0,1,11.85,0,0.41,0,0
42.75,2,19.5,0,9,17.55,0,0.647,0,0
91.47,6,356.7,0,17,41.21,2,0.516,1,0
59.44,2,1050.0,0,0,85.82,1,0.13,1,0
134.77,5,511.8,0,18,47.26,0,0.267,0,0
18.16,1,523.0,0,11,34.37,0,0.0,0,0
88.78,5,50.9,0,19,39.25,1,0.452,0,0
22.26,3,188.6,1,14,53.3,1,0.424,0,0
60.82,6,1035.5,0,19,9.78,0,0.21,0,0
496.55,2,283.0,0,18,187.01,0,0.671,1,1
104.66,6,104.7,0,8,65.16,0,0.094,1,0
123.31,3,1926.1,0,22,30.55,1,0.144,1,0
170.55,5,161.4,0,12,54.43,0,0.138,0,0
101.33,2,341.9,0,3,122.79,1,0.0,1,0
92.49,4,61.8,0,8,53.32,0,0.339,1,0
144.18,3,225.4,0,3,10.7,0,0.261,1,0
43.21,2,42.0,1,10,49.61,1,0.354,1,1
72.15,8,42.8,0,11,98.8,1,0.0,1,0
137.31,4,170.7,0,11,10.07,1,0.073,1,0
124.0,3,317.2,0,4,15.08,0,0.51,1,0
58.65,4,146.2,0,21,43.95,1,0.313,0,0
166.08,3,501.0,0,1,39.53,1,0.216,0,0
12.75,2,236.9,0,3,7.56,0,0.306,1,0
435.21,1,175.1,0,8,81.72,2,0.501,0,1
62.95,0,520.8,1,0,77.18,0,0.0,0,0
80.84,10,309.6,1,15,29.31,0,0.318,0,0
47.24,2,704.6,0,16,19.32,0,0.183,0,0
129.71,4,2772.9,0,20,46.55,0,0.842,1,0
72.59,2,88.4,0,15,16.63,1,0.429,1,0
196.03,3,42.9,1,12,8.51,1,0.401,1,1
40.78,5,1066.3,0,23,41.87,0,0.054,0,0
84.45,1,48.7,0,20,26.82,0,0.276,0,0
137.8,2,441.0,0,21,119.66,0,0.441,1,1
77.31,4,744.8,1,9,22.98,0,0.32,1,0
67.31,3,600.4,0,10,84.57,0,0.013,1,0
